X,Y,objectid,join_count,target_fid,id,d,e,datum,den,rok,mesic,srazka,pricina,alkohol,zavineni,nasledky,stav_vozovky,povetrnostni_podm,viditelnost,rozhled,misto_nehody,druh_komun,druh_vozidla,stav_ridic,ovlivneni_ridice,osoba,ozn_osoba,pohlavi,nasledek,usmrceno_os,tezce_zran_os,lehce_zran_os,hmotna_skoda,cas,hodina,mesic_t,den_v_tydnu,vek_skupina,nazev,point_x,point_y,globalid
16.59795332,49.210276923,71,1,72,60206110633,-598709.681,-1159000.35,2011/04/18 00:00:00+00,1,2011,4,srážka s jedoucím nekolejovým vozidlem,při otáčení nebo couvání,Ne,řidičem motorového vozidla,nehoda s následky na životě nebo zdraví,"povrch suchý, neznečistěný",neztížené,"ve dne, viditelnost nezhoršená vlivem povětrnostních podmínek",dobré,přechod pro chodce,komunikace sledovaná (ve vybraných městech),jízdní kolo,dobrý -žádné nepříznivé okolnosti nebyly zjiště,1,řidič,"s přilbou (pouze u motocyklistů, příp. cyklistů)",muž,lehké zranění,0,0,1,125,1830,18,duben,pondělí,33-44,Brno-Královo Pole,16.59795331,49.21027692,{F9C3BFBE-F782-4B2E-8106-06B8EA74E776}
16.613722065,49.2236458690001,72,1,73,60206110645,-597407.842,-1157645.753,2011/04/20 00:00:00+00,3,2011,4,srážka s jedoucím nekolejovým vozidlem,nedodržení bezpečné vzdálenosti za vozidlem,Ne,řidičem nemotorového vozidla,nehoda s následky na životě nebo zdraví,"povrch suchý, neznečistěný",neztížené,"ve dne, viditelnost nezhoršená vlivem povětrnostních podmínek",dobré,žádné nebo žádné z uvedených,komunikace sledovaná (ve vybraných městech),jízdní kolo,dobrý -žádné nepříznivé okolnosti nebyly zjiště,1,řidič,"s přilbou (pouze u motocyklistů, příp. cyklistů)",muž,lehké zranění,0,0,1,280,1528,15,duben,středa,45-60,Brno-Královo Pole,16.61372206,49.22364587,{FB2B9767-83D6-4F95-ACE7-2ED52165BE2F}
16.6053403550001,49.2058291100001,73,1,74,60206110660,-598227.774,-1159549.973,2011/04/21 00:00:00+00,4,2011,4,srážka s jedoucím nekolejovým vozidlem,jiný druh nesprávného způsobu jízdy,Ne,řidičem nemotorového vozidla,nehoda s následky na životě nebo zdraví,"povrch suchý, neznečistěný",neztížené,"v noci - s veřejným osvětlením, viditelnost nezhoršená vlivem povětrnostních podmínek",dobré,přechod pro chodce,uzel (křižovatka sledovaná ve vybraných městech),jízdní kolo,dobrý -žádné nepříznivé okolnosti nebyly zjiště,1,řidič,"bez přilby (pouze u motocyklistů, příp. cyklistů)",žena,lehké zranění,0,0,1,51,2011,20,duben,čtvrtek,33-44,Brno-střed,16.60534035,49.20582911,{1FDEF6C0-F6A6-4A58-844B-11C78E1F1EBD}
16.6495625380001,49.195564097,74,1,75,60206110682,-595146.214,-1161030.347,2011/04/23 00:00:00+00,6,2011,4,havárie,řidič se plně nevěnoval řízení vozidla,Ne,řidičem nemotorového vozidla,nehoda s následky na životě nebo zdraví,"povrch suchý, neznečistěný",neztížené,"ve dne, viditelnost nezhoršená vlivem povětrnostních podmínek",dobré,přechod pro chodce,komunikace sledovaná (ve vybraných městech),jízdní kolo,dobrý -žádné nepříznivé okolnosti nebyly zjiště,1,řidič,"s přilbou (pouze u motocyklistů, příp. cyklistů)",muž,lehké zranění,0,0,1,20,1925,19,duben,sobota,19-24,Brno-Židenice,16.64956253,49.19556409,{D3DD0B6C-0B36-40BD-8204-0A5D649F96DE}
16.597621444,49.2309817710001,75,1,76,60206110708,-598485.996,-1156708.658,2011/04/27 00:00:00+00,3,2011,4,srážka s jedoucím nekolejovým vozidlem,jiný druh nesprávného způsobu jízdy,Ne,řidičem motorového vozidla,nehoda s následky na životě nebo zdraví,"povrch suchý, neznečistěný",neztížené,"ve dne, viditelnost nezhoršená vlivem povětrnostních podmínek",dobré,žádné nebo žádné z uvedených,komunikace místní,jízdní kolo,dobrý -žádné nepříznivé okolnosti nebyly zjiště,1,řidič,"s přilbou (pouze u motocyklistů, příp. cyklistů)",muž,lehké zranění,0,0,1,20,1730,17,duben,středa,33-44,Brno-Královo Pole,16.59762144,49.23098177,{EE1EE7E1-C069-453C-8B4E-DD0C33C88E52}
16.594973634,49.2236407830001,76,1,77,60206110709,-598765.566,-1157499.512,2011/04/27 00:00:00+00,3,2011,4,srážka s chodcem,nezaviněná řidičem,Ne,chodcem,nehoda s následky na životě nebo zdraví,"povrch suchý, neznečistěný",neztížené,"ve dne, viditelnost nezhoršená vlivem povětrnostních podmínek",dobré,"zastávka autobusu, trolejbusu, tramvaje s nástup. ostrůvkem",komunikace sledovaná (ve vybraných městech),jízdní kolo,dobrý -žádné nepříznivé okolnosti nebyly zjiště,1,řidič,"s přilbou (pouze u motocyklistů, příp. cyklistů)",muž,lehké zranění,0,0,1,10,702,7,duben,středa,45-60,Brno-Královo Pole,16.59497363,49.22364078,{257D424F-6AFB-474A-A920-9636A64490F3}
16.683636012,49.131752964,77,1,78,60206110713,-593432.611,-1168350.909,2011/04/28 00:00:00+00,4,2011,4,srážka s jedoucím nekolejovým vozidlem,nedodržení bezpečné vzdálenosti za vozidlem,Ne,řidičem motorového vozidla,nehoda s následky na životě nebo zdraví,"povrch suchý, neznečistěný",neztížené,"ve dne, viditelnost nezhoršená vlivem povětrnostních podmínek",dobré,"zastávka tramvaje, autobusu, trolejbusu bez nástup. ostrůvku",komunikace sledovaná (ve vybraných městech),jízdní kolo,dobrý -žádné nepříznivé okolnosti nebyly zjiště,1,řidič,"s přilbou (pouze u motocyklistů, příp. cyklistů)",muž,lehké zranění,0,0,1,120,625,6,duben,čtvrtek,33-44,Brno-Tuřany,16.683636,49.13175296,{2A35B2FB-8BDF-4435-8DB0-6EBBDC5262F8}
16.5748585470001,49.1775668000001,78,1,79,60206110720,-600774.94,-1162435.308,2011/04/28 00:00:00+00,4,2011,4,srážka s chodcem,"bezohledná, agresivní, neohleduplná jízda",Ne,řidičem nemotorového vozidla,nehoda s následky na životě nebo zdraví,"povrch suchý, neznečistěný",neztížené,"ve dne, viditelnost nezhoršená vlivem povětrnostních podmínek",dobré,žádné nebo žádné z uvedených,komunikace sledovaná (ve vybraných městech),jízdní kolo,dobrý -žádné nepříznivé okolnosti nebyly zjiště,1,řidič,"s přilbou (pouze u motocyklistů, příp. cyklistů)",muž,bez zraněn,0,0,1,0,1420,14,duben,čtvrtek,19-24,Brno-Bohunice,16.57485854,49.1775668,{1E567C81-85A7-4043-9FA6-5748E40A3B0C}
16.586874252,49.1841683220001,79,1,80,60206110764,-599824.958,-1161799.914,2011/05/05 00:00:00+00,4,2011,5,havárie,řidič se plně nevěnoval řízení vozidla,Ne,řidičem nemotorového vozidla,nehoda s následky na životě nebo zdraví,"povrch suchý, neznečistěný",neztížené,"ve dne, viditelnost nezhoršená vlivem povětrnostních podmínek",dobré,žádné nebo žádné z uvedených,komunikace místní,jízdní kolo,dobrý -žádné nepříznivé okolnosti nebyly zjiště,1,řidič,"bez přilby (pouze u motocyklistů, příp. cyklistů)",muž,lehké zranění,0,0,1,10,1525,15,květen,čtvrtek,24-32,Brno-střed,16.58687424,49.18416832,{9085DFA3-282F-4999-9B86-BA4E7A23FD5F}
16.5813641340001,49.229246566,80,1,81,60206110856,-599683.868,-1156772.985,2011/05/18 00:00:00+00,3,2011,5,srážka s jedoucím nekolejovým vozidlem,při odbočování vlevo,Ne,řidičem nemotorového vozidla,nehoda s následky na životě nebo zdraví,"povrch suchý, neznečistěný",neztížené,"ve dne, viditelnost nezhoršená vlivem povětrnostních podmínek",dobré,přechod pro chodce,komunikace sledovaná (ve vybraných městech),jízdní kolo,dobrý -žádné nepříznivé okolnosti nebyly zjiště,1,řidič,"bez přilby (pouze u motocyklistů, příp. cyklistů)",muž,lehké zranění,0,0,1,50,856,8,květen,středa,24-32,Brno-Královo Pole,16.58136413,49.22924656,{4C51B8F4-C2FA-489A-A06A-60F84594B9CB}
16.600951917,49.2089513980001,81,1,82,60206110862,-598508.334,-1159170.398,2011/05/18 00:00:00+00,3,2011,5,"srážka s vozidlem zaparkovaným, odstaveným",řidič se plně nevěnoval řízení vozidla,Ne,řidičem nemotorového vozidla,nehoda pouze s hmotnou škodou,"povrch suchý, neznečistěný",neztížené,"ve dne, viditelnost nezhoršená vlivem povětrnostních podmínek",dobré,parkoviště přiléhající ke komunikaci,komunikace místní,jízdní kolo,,,,,,,0,0,0,50,1455,14,květen,středa,,Brno-střed,16.60095191,49.20895139,{D1D2977A-6B4F-43ED-A0D5-5CB18256B46E}
16.6058210090001,49.2081302140001,82,1,83,60206110882,-598165.451,-1159299.329,2011/05/20 00:00:00+00,5,2011,5,srážka s jedoucím nekolejovým vozidlem,při odbočování vlevo,"Ano, obsah alkoholu v krvi 1,5‰ a více",řidičem nemotorového vozidla,nehoda s následky na životě nebo zdraví,"povrch suchý, neznečistěný",neztížené,"ve dne, viditelnost nezhoršená vlivem povětrnostních podmínek",dobré,žádné nebo žádné z uvedených,uzel (křižovatka sledovaná ve vybraných městech),jízdní kolo,pod vlivem alkoholu obsah alkoholu v krvi 1 ‰ a víc,1,řidič,"bez přilby (pouze u motocyklistů, příp. cyklistů)",muž,těžké zranění,0,1,0,510,1750,17,květen,pátek,45-60,Brno-Královo Pole,16.605821,49.20813021,{AAD45716-31CC-4494-8BBF-C5D010BE4E58}
16.5342266710001,49.2275381010001,83,1,84,60206110888,-603117.302,-1156590.699,2011/05/21 00:00:00+00,6,2011,5,"srážka s vozidlem zaparkovaným, odstaveným",řidič se plně nevěnoval řízení vozidla,"Ano, obsah alkoholu v krvi od 0,8‰ do 1,0‰",řidičem nemotorového vozidla,nehoda s následky na životě nebo zdraví,"povrch suchý, neznečistěný",neztížené,"v noci - s veřejným osvětlením, viditelnost nezhoršená vlivem povětrnostních podmínek",dobré,žádné nebo žádné z uvedených,komunikace sledovaná (ve vybraných městech),jízdní kolo,"pod vlivem alkoholu, obsah alkoholu v krvi do 0,99 ‰",1,řidič,"bez přilby (pouze u motocyklistů, příp. cyklistů)",žena,lehké zranění,0,0,1,20,2330,23,květen,sobota,33-44,Brno-Bystrc,16.53422666,49.2275381,{BFE2D785-64E4-4CFF-8860-DB2B42028144}
16.6570561880001,49.1915672120001,84,1,85,60206110910,-594650.691,-1161530.629,2011/05/24 00:00:00+00,2,2011,5,srážka s jedoucím nekolejovým vozidlem,při odbočování vlevo,Ne,řidičem motorového vozidla,nehoda s následky na životě nebo zdraví,"povrch suchý, neznečistěný",neztížené,"ve dne, viditelnost nezhoršená vlivem povětrnostních podmínek",dobré,žádné nebo žádné z uvedených,komunikace sledovaná (ve vybraných městech),jízdní kolo,dobrý -žádné nepříznivé okolnosti nebyly zjiště,1,řidič,"s přilbou (pouze u motocyklistů, příp. cyklistů)",muž,lehké zranění,0,0,1,0,1550,15,květen,úterý,33-44,Brno-Židenice,16.65705618,49.19156721,{65BDED3D-1120-4E59-A7C3-8DF4EF66FA7F}
16.6422660870001,49.1884359270001,85,1,86,60206110911,-595759.735,-1161761.597,2011/05/24 00:00:00+00,2,2011,5,srážka s jedoucím nekolejovým vozidlem,při vjíždění na silnici,Ne,řidičem motorového vozidla,nehoda s následky na životě nebo zdraví,"povrch suchý, neznečistěný",neztížené,"ve dne, viditelnost nezhoršená vlivem povětrnostních podmínek",dobré,parkoviště přiléhající ke komunikaci,komunikace sledovaná (ve vybraných městech),jízdní kolo,dobrý -žádné nepříznivé okolnosti nebyly zjiště,1,řidič,"s přilbou (pouze u motocyklistů, příp. cyklistů)",muž,lehké zranění,0,0,1,310,1715,17,květen,úterý,45-60,Brno-Černovice,16.64226608,49.18843592,{1AE29D3E-D994-40F9-B97B-112C65CE7835}
16.602412359,49.1922010920001,86,1,87,60206110913,-598602.837,-1161033.731,2011/05/24 00:00:00+00,2,2011,5,havárie,nepřizpůsobení rychlosti vlastnostem vozidla a nákladu,"Ano, obsah alkoholu v krvi 1,5‰ a více",řidičem nemotorového vozidla,nehoda s následky na životě nebo zdraví,"povrch suchý, neznečistěný",neztížené,"ve dne, viditelnost nezhoršená vlivem povětrnostních podmínek",dobré,přechod pro chodce,komunikace sledovaná (ve vybraných městech),jízdní kolo,pod vlivem alkoholu obsah alkoholu v krvi 1 ‰ a víc,1,řidič,"bez přilby (pouze u motocyklistů, příp. cyklistů)",muž,těžké zranění,0,1,0,20,1940,19,květen,úterý,33-44,Brno-střed,16.60241235,49.19220109,{88296ED7-BCF7-4099-9A39-7A500BAF9335}
16.576331667,49.184960824,87,1,88,60206110920,-600579.474,-1161629.454,2011/05/25 00:00:00+00,3,2011,5,srážka s jedoucím nekolejovým vozidlem,při vjíždění na silnici,Ne,řidičem motorového vozidla,nehoda s následky na životě nebo zdraví,"povrch suchý, neznečistěný",neztížené,"ve dne, viditelnost nezhoršená vlivem povětrnostních podmínek",dobré,parkoviště přiléhající ke komunikaci,komunikace sledovaná (ve vybraných městech),jízdní kolo,"pod vlivem alkoholu, obsah alkoholu v krvi do 0,99 ‰",1,řidič,"bez přilby (pouze u motocyklistů, příp. cyklistů)",muž,lehké zranění,0,0,1,140,1945,19,květen,středa,45-60,Brno-střed,16.57633166,49.18496082,{F973CA18-366B-47E0-A6E5-B2D5E435247A}
16.5986806490001,49.1860593550001,88,1,89,60206110951,-598946.711,-1161683.496,2011/05/30 00:00:00+00,1,2011,5,jiný druh nehody,nezaviněná řidičem,"Ano, obsah alkoholu v krvi 1,5‰ a více",chodcem,nehoda s následky na životě nebo zdraví,"povrch suchý, neznečistěný",neztížené,"ve dne, viditelnost nezhoršená vlivem povětrnostních podmínek",dobré,žádné nebo žádné z uvedených,komunikace účelová - polní a lesní cesty atd.,jízdní kolo,dobrý -žádné nepříznivé okolnosti nebyly zjiště,1,řidič,"s přilbou (pouze u motocyklistů, příp. cyklistů)",muž,lehké zranění,0,0,1,20,1600,16,květen,pondělí,33-44,Brno-střed,16.59868064,49.18605935,{36505753-90B4-4FAC-B159-35D19CF4EE7A}
16.6359738260001,49.2093745820001,89,1,90,60206110974,-595966.388,-1159397.444,2011/06/04 00:00:00+00,6,2011,6,jiný druh nehody,nehoda při provádění služebního zákroku (pronásledování pachatele atd.),"Ano, obsah alkoholu v krvi od 1,0‰ do 1,5‰",řidičem nemotorového vozidla,nehoda s následky na životě nebo zdraví,"povrch suchý, neznečistěný",neztížené,"v noci - bez veřejného osvětlení, viditelnost nezhoršená vlivem povětrnostních podmínek",dobré,žádné nebo žádné z uvedených,komunikace místní,jízdní kolo,pod vlivem alkoholu obsah alkoholu v krvi 1 ‰ a víc,1,řidič,"bez přilby (pouze u motocyklistů, příp. cyklistů)",muž,lehké zranění,0,0,1,0,55,5,červen,sobota,19-24,Brno-sever,16.63597382,49.20937458,{054C156B-AB87-4F3F-AD07-81E145FCE56A}
16.642111739,49.217575153,90,1,91,60206110992,-595424.18,-1158538.618,2011/06/06 00:00:00+00,1,2011,6,srážka s jedoucím nekolejovým vozidlem,"jízda po nesprávné straně vozovky, vjetí do protisměru","Ano, obsah alkoholu v krvi od 0,24‰ do 0,5‰",řidičem nemotorového vozidla,nehoda s následky na životě nebo zdraví,"povrch suchý, neznečistěný",neztížené,"ve dne, viditelnost nezhoršená vlivem povětrnostních podmínek","špatné - vlivem vegetace - přechodně (tráva, obilí apod.)",žádné nebo žádné z uvedených,komunikace účelová - polní a lesní cesty atd.,jízdní kolo,dobrý -žádné nepříznivé okolnosti nebyly zjiště,1,řidič,"s přilbou (pouze u motocyklistů, příp. cyklistů)",žena,bez zraněn,0,0,1,20,1610,16,červen,pondělí,24-32,Brno-Maloměřice a Obřany,16.64211173,49.21757515,{58E4529F-B357-4160-8D4E-A83FE68131F3}
16.642111739,49.217575153,91,1,92,60206110992,-595424.18,-1158538.618,2011/06/06 00:00:00+00,1,2011,6,srážka s jedoucím nekolejovým vozidlem,"jízda po nesprávné straně vozovky, vjetí do protisměru","Ano, obsah alkoholu v krvi od 0,24‰ do 0,5‰",řidičem nemotorového vozidla,nehoda s následky na životě nebo zdraví,"povrch suchý, neznečistěný",neztížené,"ve dne, viditelnost nezhoršená vlivem povětrnostních podmínek","špatné - vlivem vegetace - přechodně (tráva, obilí apod.)",žádné nebo žádné z uvedených,komunikace účelová - polní a lesní cesty atd.,jízdní kolo,"pod vlivem alkoholu, obsah alkoholu v krvi do 0,99 ‰",1,řidič,"s přilbou (pouze u motocyklistů, příp. cyklistů)",muž,lehké zranění,0,0,1,20,1610,16,červen,pondělí,33-44,Brno-Maloměřice a Obřany,16.64211173,49.21757515,{31CDC2ED-E449-4E6B-8B62-1B314BF9AA62}
16.56660114,49.242166061,92,1,93,60206111033,-600597.597,-1155228.676,2011/06/12 00:00:00+00,7,2011,6,havárie,nezvládnutí řízení vozidla,Ne,řidičem nemotorového vozidla,nehoda s následky na životě nebo zdraví,"povrch suchý, neznečistěný",neztížené,"ve dne, viditelnost nezhoršená vlivem povětrnostních podmínek",dobré,žádné nebo žádné z uvedených,komunikace místní,jízdní kolo,řidič při jízdě zemřel (infarkt apod.,1,řidič,"s přilbou (pouze u motocyklistů, příp. cyklistů)",muž,lehké zranění,0,0,1,0,1145,11,červen,neděle,61-70,Brno-Medlánky,16.56660113,49.24216606,{DB724ACE-9405-4402-8497-5BCF07FA186B}
16.648752944,49.1450644980001,93,1,94,60206111045,-595805.3,-1166607.546,2011/06/14 00:00:00+00,2,2011,6,srážka s jedoucím nekolejovým vozidlem,"jízda po nesprávné straně vozovky, vjetí do protisměru",Ne,řidičem nemotorového vozidla,nehoda s následky na životě nebo zdraví,"povrch suchý, neznečistěný",neztížené,"ve dne, viditelnost nezhoršená vlivem povětrnostních podmínek",dobré,žádné nebo žádné z uvedených,komunikace místní,jízdní kolo,dobrý -žádné nepříznivé okolnosti nebyly zjiště,1,řidič,"s přilbou (pouze u motocyklistů, příp. cyklistů)",muž,lehké zranění,0,0,1,520,1645,16,červen,úterý,24-32,Brno-Tuřany,16.64875294,49.14506449,{C888638F-1F5F-42E0-BCC7-FD50067F195B}
16.625858512,49.2031045300001,94,1,95,60206111062,-596773.884,-1160011.706,2011/06/16 00:00:00+00,4,2011,6,havárie,řidič se plně nevěnoval řízení vozidla,Ne,řidičem nemotorového vozidla,nehoda s následky na životě nebo zdraví,"povrch suchý, neznečistěný",neztížené,"ve dne, viditelnost nezhoršená vlivem povětrnostních podmínek",dobré,žádné nebo žádné z uvedených,komunikace sledovaná (ve vybraných městech),jízdní kolo,dobrý -žádné nepříznivé okolnosti nebyly zjiště,1,řidič,"bez přilby (pouze u motocyklistů, příp. cyklistů)",muž,lehké zranění,0,0,1,10,1555,15,červen,čtvrtek,24-32,Brno-sever,16.6258585,49.20310453,{38E742BD-8609-4BC6-A1F3-1D61DBC3B845}
16.5817148400001,49.2025390850001,95,1,96,60206111106,-599978.639,-1159728.4,2011/06/22 00:00:00+00,3,2011,6,srážka s jedoucím nekolejovým vozidlem,řidič se plně nevěnoval řízení vozidla,Nezjišťován,řidičem motorového vozidla,nehoda pouze s hmotnou škodou,"povrch suchý, neznečistěný",neztížené,"ve dne, viditelnost nezhoršená vlivem povětrnostních podmínek",dobré,v blízkosti přechodu pro chodce (do vzdálenosti 20 m),komunikace sledovaná (ve vybraných městech),jízdní kolo,,,,,,,0,0,0,1,1125,11,červen,středa,,Brno-střed,16.58171483,49.20253908,{F9E2CFF5-C1E6-4ED1-A908-1AD1E0CCFAA3}
16.585302944,49.238499812,96,1,97,60206111130,-599287.803,-1155780.896,2011/06/27 00:00:00+00,1,2011,6,srážka s jedoucím nekolejovým vozidlem,proti příkazu dopravní značky DEJ PŘEDNOST,Ne,řidičem motorového vozidla,nehoda s následky na životě nebo zdraví,"povrch suchý, neznečistěný",neztížené,"ve dne, viditelnost nezhoršená vlivem povětrnostních podmínek",dobré,přechod pro chodce,uzel (křižovatka sledovaná ve vybraných městech),jízdní kolo,dobrý -žádné nepříznivé okolnosti nebyly zjiště,1,řidič,"s přilbou (pouze u motocyklistů, příp. cyklistů)",muž,lehké zranění,0,0,1,35,1500,15,červen,pondělí,61-70,Brno-Řečkovice a Mokrá Hora,16.58530294,49.23849981,{DC35CC9B-E9D3-4311-9E4D-020378D6E6AD}
16.627684329,49.236120946,97,1,98,60206111132,-596248.034,-1156375.578,2011/06/27 00:00:00+00,1,2011,6,srážka s jedoucím nekolejovým vozidlem,při odbočování vlevo,Ne,řidičem motorového vozidla,nehoda s následky na životě nebo zdraví,"povrch suchý, neznečistěný",neztížené,"ve dne, viditelnost nezhoršená vlivem povětrnostních podmínek",dobré,žádné nebo žádné z uvedených,komunikace sledovaná (ve vybraných městech),jízdní kolo,dobrý -žádné nepříznivé okolnosti nebyly zjiště,1,řidič,"s přilbou (pouze u motocyklistů, příp. cyklistů)",muž,lehké zranění,0,0,1,250,1715,17,červen,pondělí,24-32,Brno-sever,16.62768432,49.23612094,{78CE0A74-4F2F-4265-9151-145743CB5147}
16.582681188,49.220675742,98,1,99,60206111146,-599691.241,-1157730.88,2011/06/29 00:00:00+00,3,2011,6,srážka s jedoucím nekolejovým vozidlem,řidič se plně nevěnoval řízení vozidla,Ne,řidičem motorového vozidla,nehoda s následky na životě nebo zdraví,"povrch suchý, neznečistěný",neztížené,"ve dne, viditelnost nezhoršená vlivem povětrnostních podmínek",dobré,žádné nebo žádné z uvedených,komunikace sledovaná (ve vybraných městech),jízdní kolo,dobrý -žádné nepříznivé okolnosti nebyly zjiště,1,řidič,"s přilbou (pouze u motocyklistů, příp. cyklistů)",muž,lehké zranění,0,0,1,30,720,7,červen,středa,24-32,Brno-Žabovřesky,16.58268118,49.22067574,{BCDCA696-FD7D-44F3-A542-A71AB411EBC0}
16.615287945,49.19681984,99,1,100,60206111157,-597614.715,-1160623.906,2011/06/30 00:00:00+00,4,2011,6,jiný druh nehody,jiný druh nesprávného způsobu jízdy,Ne,řidičem motorového vozidla,nehoda s následky na životě nebo zdraví,"povrch suchý, neznečistěný",neztížené,"ve dne, viditelnost nezhoršená vlivem povětrnostních podmínek",dobré,přechod pro chodce,komunikace sledovaná (ve vybraných městech),jízdní kolo,dobrý -žádné nepříznivé okolnosti nebyly zjiště,1,řidič,"s přilbou (pouze u motocyklistů, příp. cyklistů)",muž,lehké zranění,0,0,1,300,730,7,červen,čtvrtek,33-44,Brno-střed,16.61528794,49.19681984,{4A371E48-C291-42D9-A01A-6CD1505CF8A7}
16.582651463,49.1900686590001,100,1,101,60206111164,-600060.262,-1161114.43,2011/06/30 00:00:00+00,4,2011,6,srážka s jedoucím nekolejovým vozidlem,proti příkazu dopravní značky DEJ PŘEDNOST,Ne,řidičem nemotorového vozidla,nehoda s následky na životě nebo zdraví,"povrch suchý, neznečistěný",neztížené,"ve dne, viditelnost nezhoršená vlivem povětrnostních podmínek",dobré,žádné nebo žádné z uvedených,komunikace sledovaná (ve vybraných městech),jízdní kolo,dobrý -žádné nepříznivé okolnosti nebyly zjiště,1,řidič,"bez přilby (pouze u motocyklistů, příp. cyklistů)",muž,lehké zranění,0,0,1,510,1840,18,červen,čtvrtek,19-24,Brno-střed,16.58265145,49.19006866,{834DC43C-504E-4650-950B-204F694930D9}
16.618391726,49.2226019780001,101,1,102,60206111165,-597082.142,-1157797.679,2011/07/01 00:00:00+00,5,2011,7,srážka s jedoucím nekolejovým vozidlem,při odbočování vlevo,Ne,řidičem motorového vozidla,nehoda s následky na životě nebo zdraví,povrch mokrý,neztížené,"ve dne, viditelnost nezhoršená vlivem povětrnostních podmínek",dobré,žádné nebo žádné z uvedených,komunikace sledovaná (ve vybraných městech),jízdní kolo,dobrý -žádné nepříznivé okolnosti nebyly zjiště,1,řidič,"bez přilby (pouze u motocyklistů, příp. cyklistů)",žena,těžké zranění,0,1,0,320,645,6,červenec,pátek,45-60,Brno-Královo Pole,16.61839172,49.22260197,{E9DC064A-C340-46BE-B90E-9E0D22A6A033}
16.692041853,49.18094438,102,1,103,60206111190,-592240.949,-1162976.988,2011/07/06 00:00:00+00,3,2011,7,"srážka s vozidlem zaparkovaným, odstaveným",řidič se plně nevěnoval řízení vozidla,Ne,řidičem nemotorového vozidla,nehoda s následky na životě nebo zdraví,"povrch suchý, neznečistěný",neztížené,"ve dne, viditelnost nezhoršená vlivem povětrnostních podmínek",dobré,žádné nebo žádné z uvedených,komunikace sledovaná (ve vybraných městech),jízdní kolo,dobrý -žádné nepříznivé okolnosti nebyly zjiště,1,řidič,"s přilbou (pouze u motocyklistů, příp. cyklistů)",žena,lehké zranění,0,0,1,60,1820,18,červenec,středa,61-70,Brno-Slatina,16.69204184,49.18094438,{507A8649-FBCC-4A97-9A28-0E07EA170D35}
16.6516978560001,49.2288260700001,103,1,104,60206111198,-594596.154,-1157369.32,2011/07/07 00:00:00+00,4,2011,7,srážka s chodcem,nezaviněná řidičem,Ne,chodcem,nehoda s následky na životě nebo zdraví,"povrch suchý, neznečistěný",neztížené,"ve dne, viditelnost nezhoršená vlivem povětrnostních podmínek",dobré,žádné nebo žádné z uvedených,komunikace místní,jízdní kolo,dobrý -žádné nepříznivé okolnosti nebyly zjiště,1,řidič,"bez přilby (pouze u motocyklistů, příp. cyklistů)",žena,bez zraněn,0,0,1,30,1725,17,červenec,čtvrtek,19-24,Brno-Maloměřice a Obřany,16.65169785,49.22882607,{979387AE-90E4-4361-AA34-602302D1E17E}
16.6284223010001,49.166876556,104,1,105,60206111199,-597019.961,-1164037.186,2011/07/08 00:00:00+00,5,2011,7,srážka s jedoucím nekolejovým vozidlem,při odbočování vlevo,Ne,řidičem motorového vozidla,nehoda s následky na životě nebo zdraví,"povrch suchý, neznečistěný",neztížené,"ve dne, viditelnost nezhoršená vlivem povětrnostních podmínek",dobré,v blízkosti přechodu pro chodce (do vzdálenosti 20 m),uzel (křižovatka sledovaná ve vybraných městech),jízdní kolo,dobrý -žádné nepříznivé okolnosti nebyly zjiště,1,řidič,"bez přilby (pouze u motocyklistů, příp. cyklistů)",muž,lehké zranění,0,0,1,120,705,7,červenec,pátek,24-32,Brno-jih,16.62842229,49.16687655,{968EE5ED-A0FA-48EF-94B2-BBC349DD43A2}
16.56940224,49.194019106,105,1,106,60206111201,-600972.885,-1160573.522,2011/07/08 00:00:00+00,5,2011,7,srážka s jedoucím nekolejovým vozidlem,při odbočování vlevo,Ne,řidičem motorového vozidla,nehoda s následky na životě nebo zdraví,"povrch suchý, neznečistěný",neztížené,"ve dne, viditelnost nezhoršená vlivem povětrnostních podmínek",dobré,přechod pro chodce,uzel (křižovatka sledovaná ve vybraných městech),jízdní kolo,dobrý -žádné nepříznivé okolnosti nebyly zjiště,1,řidič,"s přilbou (pouze u motocyklistů, příp. cyklistů)",muž,lehké zranění,0,0,1,10,740,7,červenec,pátek,33-44,Brno-střed,16.56940223,49.1940191,{2A9381EE-959F-4E53-924F-11FBA88D7313}
16.671665063,49.215665024,106,1,107,60206111212,-593306.308,-1158979.769,2011/07/07 00:00:00+00,4,2011,7,havárie,řidič se plně nevěnoval řízení vozidla,Nezjišťován,řidičem nemotorového vozidla,nehoda s následky na životě nebo zdraví,"povrch suchý, neznečistěný",neztížené,"ve dne, viditelnost nezhoršená vlivem povětrnostních podmínek",dobré,"výjezd z parkoviště, lesní cesty apod. (pol.36=7,8)",komunikace místní,jízdní kolo,dobrý -žádné nepříznivé okolnosti nebyly zjiště,1,řidič,"bez přilby (pouze u motocyklistů, příp. cyklistů)",muž,lehké zranění,0,0,1,0,2000,20,červenec,čtvrtek,33-44,Brno-Vinohrady,16.67166505,49.21566502,{13E4A0CA-3748-4D24-A632-7C8F09E09C82}