X,Y,objectid,join_count,target_fid,id,d,e,datum,den,rok,mesic,srazka,pricina,alkohol,zavineni,nasledky,stav_vozovky,povetrnostni_podm,viditelnost,rozhled,misto_nehody,druh_komun,druh_vozidla,stav_ridic,ovlivneni_ridice,osoba,ozn_osoba,pohlavi,nasledek,usmrceno_os,tezce_zran_os,lehce_zran_os,hmotna_skoda,cas,hodina,mesic_t,den_v_tydnu,vek_skupina,nazev,point_x,point_y,globalid
16.6421659060001,49.188467625,107,1,108,60206111241,-595766.618,-1161757.311,2011/07/14 00:00:00+00,4,2011,7,havárie,při odbočování vlevo,Ne,řidičem motorového vozidla,nehoda s následky na životě nebo zdraví,"povrch suchý, neznečistěný",neztížené,"ve dne, viditelnost nezhoršená vlivem povětrnostních podmínek",dobré,v blízkosti přechodu pro chodce (do vzdálenosti 20 m),komunikace sledovaná (ve vybraných městech),jízdní kolo,dobrý -žádné nepříznivé okolnosti nebyly zjiště,1,řidič,"s přilbou (pouze u motocyklistů, příp. cyklistů)",muž,lehké zranění,0,0,1,10,1440,14,červenec,čtvrtek,24-32,Brno-Černovice,16.6421659,49.18846762,{F8081F68-7436-43B7-A9A5-1B609EC73DF9}
16.582539034,49.2134160740001,108,1,109,60206111253,-599788.554,-1158532.362,2011/07/15 00:00:00+00,5,2011,7,srážka s jedoucím nekolejovým vozidlem,jiný druh nesprávného způsobu jízdy,Ne,řidičem nemotorového vozidla,nehoda s následky na životě nebo zdraví,"povrch suchý, neznečistěný",neztížené,"ve dne, viditelnost nezhoršená vlivem povětrnostních podmínek",dobré,přechod pro chodce,uzel (křižovatka sledovaná ve vybraných městech),jízdní kolo,dobrý -žádné nepříznivé okolnosti nebyly zjiště,1,řidič,"bez přilby (pouze u motocyklistů, příp. cyklistů)",muž,lehké zranění,0,0,1,320,1940,19,červenec,pátek,71 a více,Brno-Žabovřesky,16.58253903,49.21341607,{2BA8390E-0803-4F2C-8BAF-03EA060D7C5C}
16.5308708170001,49.2238940030001,109,1,110,60206111257,-603404.227,-1156967.04,2011/07/16 00:00:00+00,6,2011,7,srážka s jedoucím nekolejovým vozidlem,při odbočování vlevo,Nezjišťován,řidičem nemotorového vozidla,nehoda s následky na životě nebo zdraví,"povrch suchý, neznečistěný",neztížené,"ve dne, viditelnost nezhoršená vlivem povětrnostních podmínek",dobré,žádné nebo žádné z uvedených,uzel (křižovatka sledovaná ve vybraných městech),jízdní kolo,dobrý -žádné nepříznivé okolnosti nebyly zjiště,1,řidič,"s přilbou (pouze u motocyklistů, příp. cyklistů)",dívka (do 15 let),lehké zranění,0,0,2,100,1610,16,červenec,sobota,7-11,Brno-Bystrc,16.53087081,49.223894,{B633E674-6DD9-4B62-B014-D0DC1D84AE4F}
16.585729074,49.261873537,110,1,111,60206111266,-598976.891,-1153200.114,2011/07/18 00:00:00+00,1,2011,7,"srážka s vozidlem zaparkovaným, odstaveným","nepřizpůsobení rychlosti dopravně technickému stavu vozovky (zatáčka, klesání, stoupání, šířka vozovky apod.)",Nezjišťován,řidičem nemotorového vozidla,nehoda s následky na životě nebo zdraví,"povrch suchý, neznečistěný",neztížené,"ve dne, viditelnost nezhoršená vlivem povětrnostních podmínek",dobré,žádné nebo žádné z uvedených,komunikace místní,jízdní kolo,dobrý -žádné nepříznivé okolnosti nebyly zjiště,1,řidič,"s přilbou (pouze u motocyklistů, příp. cyklistů)",muž,lehké zranění,0,0,1,450,1440,14,červenec,pondělí,16-18,Brno-Řečkovice a Mokrá Hora,16.58572907,49.26187353,{43B87B5A-7E2B-41DB-ADFD-27F6FE3D9D5F}
16.5219597450001,49.2278986430001,111,1,112,60206111269,-604001.088,-1156453.902,2011/07/18 00:00:00+00,1,2011,7,havárie,"nepřizpůsobení rychlosti stavu vozovky (náledí, výtluky, bláto, mokrý povrch apod.)",Nezjišťován,řidičem nemotorového vozidla,nehoda s následky na životě nebo zdraví,povrch mokrý,déšť,"ve dne, zhoršená viditelnost vlivem povětrnostních podmínek (mlha, sněžení, déšť apod.)",dobré,žádné nebo žádné z uvedených,komunikace sledovaná (ve vybraných městech),jízdní kolo,dobrý -žádné nepříznivé okolnosti nebyly zjiště,1,řidič,"s přilbou (pouze u motocyklistů, příp. cyklistů)",žena,lehké zranění,0,0,1,0,700,7,červenec,pondělí,33-44,Brno-Bystrc,16.52195974,49.22789864,{8D37963A-F96C-45DF-AF77-640D439E94A6}
16.66587337,49.1447858710001,112,1,113,60206111282,-594566.774,-1166771.751,2011/07/11 00:00:00+00,1,2011,7,"srážka s vozidlem zaparkovaným, odstaveným",řidič se plně nevěnoval řízení vozidla,Nezjišťován,řidičem motorového vozidla,nehoda s následky na životě nebo zdraví,"povrch suchý, neznečistěný",neztížené,"ve dne, viditelnost nezhoršená vlivem povětrnostních podmínek",dobré,žádné nebo žádné z uvedených,komunikace místní,jízdní kolo,dobrý -žádné nepříznivé okolnosti nebyly zjiště,1,řidič,"bez přilby (pouze u motocyklistů, příp. cyklistů)",žena,lehké zranění,0,0,1,20,1530,15,červenec,pondělí,33-44,Brno-Tuřany,16.66587336,49.14478587,{BCE2B538-FEC7-4994-AF0C-3A04B116E6C9}
16.606029403,49.1891778230001,113,1,114,60206111295,-598376.878,-1161396.321,2011/07/22 00:00:00+00,5,2011,7,srážka s jedoucím nekolejovým vozidlem,řidič se plně nevěnoval řízení vozidla,Ne,řidičem nemotorového vozidla,nehoda s následky na životě nebo zdraví,"povrch suchý, neznečistěný",neztížené,"ve dne, viditelnost nezhoršená vlivem povětrnostních podmínek",dobré,žádné nebo žádné z uvedených,komunikace sledovaná (ve vybraných městech),jízdní kolo,dobrý -žádné nepříznivé okolnosti nebyly zjiště,1,řidič,"bez přilby (pouze u motocyklistů, příp. cyklistů)",muž,těžké zranění,0,1,0,100,1315,13,červenec,pátek,61-70,Brno-střed,16.60602939,49.18917782,{703764A8-81B0-4E9B-8015-DFBDCD526CB7}
16.6348396990001,49.2454965680001,114,1,115,60206111301,-595618.325,-1155394.797,2011/07/23 00:00:00+00,6,2011,7,havárie,řidič se plně nevěnoval řízení vozidla,Ne,řidičem nemotorového vozidla,nehoda s následky na životě nebo zdraví,"povrch suchý, neznečistěný",neztížené,"ve dne, viditelnost nezhoršená vlivem povětrnostních podmínek",dobré,žádné nebo žádné z uvedených,komunikace místní,jízdní kolo,dobrý -žádné nepříznivé okolnosti nebyly zjiště,1,řidič,"s přilbou (pouze u motocyklistů, příp. cyklistů)",muž,lehké zranění,0,0,1,0,1400,14,červenec,sobota,24-32,Brno-Maloměřice a Obřany,16.63483969,49.24549656,{8B62BCD6-1FF2-40ED-B801-FBD2DDE0CC47}
16.606957402,49.20376436,115,1,116,60206111328,-598135.309,-1159790.914,2011/05/23 00:00:00+00,1,2011,5,srážka s jedoucím nekolejovým vozidlem,nesprávné otáčení nebo couvání,Nezjišťován,řidičem motorového vozidla,nehoda pouze s hmotnou škodou,"povrch suchý, neznečistěný",neztížené,"ve dne, viditelnost nezhoršená vlivem povětrnostních podmínek",dobré,parkoviště přiléhající ke komunikaci,komunikace místní,jízdní kolo,dobrý -žádné nepříznivé okolnosti nebyly zjiště,1,řidič,"s přilbou (pouze u motocyklistů, příp. cyklistů)",muž,bez zraněn,0,0,0,6,1755,17,květen,pondělí,33-44,Brno-střed,16.60695739,49.20376436,{BF077AFF-C473-46CB-877C-D9BBD0BF49D8}
16.512064927,49.2257299,116,1,117,60206111358,-604743.687,-1156615.346,2011/05/26 00:00:00+00,4,2011,5,srážka s jedoucím nekolejovým vozidlem,řidič se plně nevěnoval řízení vozidla,Nezjišťován,řidičem motorového vozidla,nehoda s následky na životě nebo zdraví,"povrch suchý, neznečistěný",neztížené,"ve dne, viditelnost nezhoršená vlivem povětrnostních podmínek",dobré,žádné nebo žádné z uvedených,komunikace sledovaná (ve vybraných městech),jízdní kolo,dobrý -žádné nepříznivé okolnosti nebyly zjiště,1,řidič,"s přilbou (pouze u motocyklistů, příp. cyklistů)",muž,lehké zranění,0,0,1,10,1930,19,květen,čtvrtek,24-32,Brno-Bystrc,16.51206492,49.2257299,{2AC3B2D1-9F4C-419C-AAAB-1F4FF3BAD194}
16.6264384900001,49.2028265070001,117,1,118,60206111369,-596735.181,-1160046.976,2011/08/03 00:00:00+00,3,2011,8,srážka s jedoucím nekolejovým vozidlem,řidič se plně nevěnoval řízení vozidla,Nezjišťován,řidičem motorového vozidla,nehoda s následky na životě nebo zdraví,"povrch suchý, neznečistěný",neztížené,"ve dne, viditelnost nezhoršená vlivem povětrnostních podmínek",dobré,žádné nebo žádné z uvedených,komunikace místní,jízdní kolo,dobrý -žádné nepříznivé okolnosti nebyly zjiště,1,řidič,"bez přilby (pouze u motocyklistů, příp. cyklistů)",chlapec (do 15 let),lehké zranění,0,0,1,50,1915,19,srpen,středa,12-15,Brno-sever,16.62643848,49.2028265,{5192ECCC-82AD-4AFE-A075-D0ED1DA70809}
16.6257650760001,49.203153941,118,1,119,60206111376,-596780.064,-1160005.513,2011/08/05 00:00:00+00,5,2011,8,srážka s chodcem,chodci na vyznačeném přechodu,"Ano, obsah alkoholu v krvi 1,5‰ a více",řidičem nemotorového vozidla,nehoda s následky na životě nebo zdraví,"povrch suchý, neznečistěný",neztížené,"ve dne, viditelnost nezhoršená vlivem povětrnostních podmínek",dobré,přechod pro chodce,komunikace sledovaná (ve vybraných městech),jízdní kolo,pod vlivem alkoholu obsah alkoholu v krvi 1 ‰ a víc,1,řidič,"bez přilby (pouze u motocyklistů, příp. cyklistů)",muž,lehké zranění,0,0,1,30,1250,12,srpen,pátek,24-32,Brno-sever,16.62576507,49.20315394,{5A9BCE70-55DC-454C-ADD8-3E34984A5BE0}
16.564233701,49.1927865820001,119,1,120,60206111398,-601362.174,-1160669.1,2011/08/08 00:00:00+00,1,2011,8,srážka s jedoucím nekolejovým vozidlem,proti příkazu dopravní značky DEJ PŘEDNOST,Ne,řidičem motorového vozidla,nehoda s následky na životě nebo zdraví,povrch mokrý,déšť,"ve dne, viditelnost nezhoršená vlivem povětrnostních podmínek",dobré,žádné nebo žádné z uvedených,uzel (křižovatka sledovaná ve vybraných městech),jízdní kolo,dobrý -žádné nepříznivé okolnosti nebyly zjiště,1,řidič,"s přilbou (pouze u motocyklistů, příp. cyklistů)",muž,lehké zranění,0,0,1,360,1600,16,srpen,pondělí,24-32,Brno-střed,16.56423369,49.19278658,{3CA5F332-C5AB-4CAA-A3AE-B76861096EED}
16.519767858,49.2210456930001,120,1,121,60206111424,-604242.553,-1157194.131,2011/08/12 00:00:00+00,5,2011,8,havárie,jiný druh nepřiměřené rychlosti,Ne,řidičem nemotorového vozidla,nehoda s následky na životě nebo zdraví,"povrch suchý, neznečistěný",neztížené,"ve dne, viditelnost nezhoršená vlivem povětrnostních podmínek",dobré,žádné nebo žádné z uvedených,komunikace sledovaná (ve vybraných městech),jízdní kolo,dobrý -žádné nepříznivé okolnosti nebyly zjiště,1,řidič,"bez přilby (pouze u motocyklistů, příp. cyklistů)",muž,lehké zranění,0,0,1,20,1422,14,srpen,pátek,45-60,Brno-Bystrc,16.51976785,49.22104569,{CEA7FD2A-240F-4584-A995-49E4DF49B560}
16.640350767,49.208424435,121,1,122,60206111463,-595660.635,-1159536.637,2011/08/19 00:00:00+00,5,2011,8,srážka s jedoucím nekolejovým vozidlem,vozidlu přijíždějícímu zprava,Ne,řidičem motorového vozidla,nehoda s následky na životě nebo zdraví,"povrch suchý, neznečistěný",neztížené,"ve dne, viditelnost nezhoršená vlivem povětrnostních podmínek",dobré,žádné nebo žádné z uvedených,komunikace místní,jízdní kolo,dobrý -žádné nepříznivé okolnosti nebyly zjiště,1,řidič,"s přilbou (pouze u motocyklistů, příp. cyklistů)",muž,těžké zranění,0,1,0,160,1734,17,srpen,pátek,61-70,Brno-Židenice,16.64035076,49.20842443,{E8790791-53B6-4D2F-93E8-07157386787D}
16.558565274,49.1661087420001,122,1,123,60206111514,-602093.591,-1163573.725,2011/08/27 00:00:00+00,6,2011,8,jiný druh nehody,řidič se plně nevěnoval řízení vozidla,"Ano, obsah alkoholu v krvi 1,5‰ a více",řidičem nemotorového vozidla,nehoda s následky na životě nebo zdraví,povrch mokrý,déšť,"v noci - s veřejným osvětlením, viditelnost nezhoršená vlivem povětrnostních podmínek",dobré,žádné nebo žádné z uvedených,komunikace sledovaná (ve vybraných městech),jízdní kolo,pod vlivem alkoholu obsah alkoholu v krvi 1 ‰ a víc,0,řidič,"bez přilby (pouze u motocyklistů, příp. cyklistů)",muž,lehké zranění,0,0,1,1,1740,17,srpen,sobota,33-44,Brno-Starý Lískovec,16.55856527,49.16610874,{A220DE4D-08A2-47F2-A1C2-1FA5958EEE89}
16.5407526700001,49.1942935700001,123,1,124,60206111541,-603045.325,-1160317.363,2011/08/31 00:00:00+00,3,2011,8,srážka s jedoucím nekolejovým vozidlem,při odbočování vlevo,Ne,řidičem motorového vozidla,nehoda s následky na životě nebo zdraví,"povrch suchý, neznečistěný",neztížené,"ve dne, viditelnost nezhoršená vlivem povětrnostních podmínek",dobré,přechod pro chodce,komunikace sledovaná (ve vybraných městech),jízdní kolo,dobrý -žádné nepříznivé okolnosti nebyly zjiště,1,řidič,"s přilbou (pouze u motocyklistů, příp. cyklistů)",muž,lehké zranění,0,0,1,260,1615,16,srpen,středa,24-32,Brno-Kohoutovice,16.54075266,49.19429357,{62863BAC-0A03-45FC-9F11-12AEEE21D96C}
16.562186948,49.1805153620001,124,1,125,60206111546,-601657.927,-1162009.591,2011/09/01 00:00:00+00,4,2011,9,srážka s jedoucím nekolejovým vozidlem,při odbočování vlevo,Ne,řidičem motorového vozidla,nehoda s následky na životě nebo zdraví,"povrch suchý, neznečistěný",neztížené,"ve dne, viditelnost nezhoršená vlivem povětrnostních podmínek",dobré,přechod pro chodce,komunikace sledovaná (ve vybraných městech),jízdní kolo,dobrý -žádné nepříznivé okolnosti nebyly zjiště,1,řidič,"s přilbou (pouze u motocyklistů, příp. cyklistů)",muž,lehké zranění,0,0,1,220,1715,17,září,čtvrtek,45-60,Brno-Nový Lískovec,16.56218694,49.18051536,{1C0DE945-A128-4C78-A74F-E8BC852C8CF8}
16.5695655760001,49.164932949,125,1,126,60206111547,-601310.243,-1163790.371,2011/09/01 00:00:00+00,4,2011,9,srážka s jedoucím nekolejovým vozidlem,při vjíždění na silnici,Ne,řidičem nemotorového vozidla,nehoda s následky na životě nebo zdraví,"povrch suchý, neznečistěný",neztížené,"v noci - s veřejným osvětlením, viditelnost nezhoršená vlivem povětrnostních podmínek",dobré,žádné nebo žádné z uvedených,komunikace místní,jízdní kolo,dobrý -žádné nepříznivé okolnosti nebyly zjiště,1,řidič,"s přilbou (pouze u motocyklistů, příp. cyklistů)",muž,lehké zranění,0,0,1,210,1815,18,září,čtvrtek,12-15,Brno-Starý Lískovec,16.56956557,49.16493295,{B34DD954-9943-4494-B659-F33B80FDCE1A}
16.569091708,49.205194614,126,1,127,60206111550,-600861.209,-1159335.589,2011/09/02 00:00:00+00,5,2011,9,srážka s jedoucím nekolejovým vozidlem,jiné nedání přednosti,Ne,řidičem motorového vozidla,nehoda pouze s hmotnou škodou,"povrch suchý, neznečistěný",neztížené,"ve dne, viditelnost nezhoršená vlivem povětrnostních podmínek",dobré,přechod pro chodce,komunikace sledovaná (ve vybraných městech),jízdní kolo,dobrý -žádné nepříznivé okolnosti nebyly zjiště,1,řidič,"s přilbou (pouze u motocyklistů, příp. cyklistů)",chlapec (do 15 let),bez zraněn,0,0,0,1,1118,11,září,pátek,7-11,Brno-Žabovřesky,16.5690917,49.20519461,{4DB34B33-8F53-4525-A643-BD70FAB42323}
16.599538269,49.2270396490001,127,1,128,60206111553,-598394.366,-1157159.511,2011/09/02 00:00:00+00,5,2011,9,srážka s jedoucím nekolejovým vozidlem,řidič se plně nevěnoval řízení vozidla,Ne,řidičem motorového vozidla,nehoda s následky na životě nebo zdraví,"povrch suchý, neznečistěný",neztížené,"ve dne, viditelnost nezhoršená vlivem povětrnostních podmínek",dobré,žádné nebo žádné z uvedených,uzel (křižovatka sledovaná ve vybraných městech),jízdní kolo,dobrý -žádné nepříznivé okolnosti nebyly zjiště,1,řidič,"s přilbou (pouze u motocyklistů, příp. cyklistů)",muž,lehké zranění,0,0,1,20,1535,15,září,pátek,33-44,Brno-Královo Pole,16.59953826,49.22703965,{7AFED22F-F06A-4394-981F-15DF6A6EB9CB}
16.567413297,49.1778616770001,128,1,129,60206111559,-601311.021,-1162344.12,2011/09/03 00:00:00+00,6,2011,9,srážka s jedoucím nekolejovým vozidlem,proti příkazu dopravní značky DEJ PŘEDNOST,Ne,řidičem motorového vozidla,nehoda s následky na životě nebo zdraví,"povrch suchý, neznečistěný",neztížené,"ve dne, viditelnost nezhoršená vlivem povětrnostních podmínek",dobré,žádné nebo žádné z uvedených,komunikace místní,jízdní kolo,dobrý -žádné nepříznivé okolnosti nebyly zjiště,1,řidič,"bez přilby (pouze u motocyklistů, příp. cyklistů)",žena,lehké zranění,0,0,1,130,930,9,září,sobota,24-32,Brno-Bohunice,16.56741329,49.17786167,{9EDC52F3-C223-4027-B578-3377C201DA6B}
16.6470278630001,49.1565038640001,129,1,130,60206111561,-595794.389,-1165329.298,2011/09/04 00:00:00+00,7,2011,9,srážka s jedoucím nekolejovým vozidlem,při odbočování vlevo,Ne,řidičem motorového vozidla,nehoda s následky na životě nebo zdraví,"povrch suchý, neznečistěný",neztížené,"ve dne, viditelnost nezhoršená vlivem povětrnostních podmínek",dobré,žádné nebo žádné z uvedených,uzel (křižovatka sledovaná ve vybraných městech),jízdní kolo,dobrý -žádné nepříznivé okolnosti nebyly zjiště,1,řidič,"bez přilby (pouze u motocyklistů, příp. cyklistů)",muž,lehké zranění,0,0,1,1050,1330,13,září,neděle,19-24,Brno-Tuřany,16.64702785,49.15650386,{DFD534D3-EE6E-4888-A48D-BB24F8B3A82B}
16.675652241,49.182855374,130,1,131,60206111565,-593406.31,-1162638.495,2011/09/04 00:00:00+00,7,2011,9,jiný druh nehody,při odbočování vlevo,Ne,řidičem motorového vozidla,nehoda s následky na životě nebo zdraví,"povrch suchý, neznečistěný",neztížené,"v noci - s veřejným osvětlením, viditelnost nezhoršená vlivem povětrnostních podmínek",dobré,žádné nebo žádné z uvedených,komunikace sledovaná (ve vybraných městech),jízdní kolo,dobrý -žádné nepříznivé okolnosti nebyly zjiště,1,řidič,"bez přilby (pouze u motocyklistů, příp. cyklistů)",muž,lehké zranění,0,0,1,120,2010,20,září,neděle,24-32,Brno-Slatina,16.67565223,49.18285537,{6C02B120-4252-48F6-B231-C8A0FC7F1B80}
16.6126779890001,49.1916318180001,131,1,132,60206111570,-597865.777,-1161177.071,2011/09/05 00:00:00+00,1,2011,9,srážka s jedoucím nekolejovým vozidlem,řidič se plně nevěnoval řízení vozidla,Ne,řidičem nemotorového vozidla,nehoda s následky na životě nebo zdraví,"povrch suchý, neznečistěný",neztížené,"ve dne, viditelnost nezhoršená vlivem povětrnostních podmínek",dobré,žádné nebo žádné z uvedených,komunikace sledovaná (ve vybraných městech),jízdní kolo,dobrý -žádné nepříznivé okolnosti nebyly zjiště,1,řidič,"s přilbou (pouze u motocyklistů, příp. cyklistů)",muž,lehké zranění,0,0,1,100,1550,15,září,pondělí,24-32,Brno-střed,16.61267798,49.19163181,{C0211F3E-1A16-48B1-A4F4-7E486818A75F}
16.5261687010001,49.22063358,132,1,133,60206111571,-603784.041,-1157290.31,2011/09/05 00:00:00+00,1,2011,9,havárie,"nepřizpůsobení rychlosti dopravně technickému stavu vozovky (zatáčka, klesání, stoupání, šířka vozovky apod.)",Ne,řidičem nemotorového vozidla,nehoda s následky na životě nebo zdraví,"povrch suchý, neznečistěný",neztížené,"ve dne, viditelnost nezhoršená vlivem povětrnostních podmínek",dobré,žádné nebo žádné z uvedených,komunikace sledovaná (ve vybraných městech),jízdní kolo,dobrý -žádné nepříznivé okolnosti nebyly zjiště,1,řidič,"s přilbou (pouze u motocyklistů, příp. cyklistů)",chlapec (do 15 let),lehké zranění,0,0,1,20,1630,16,září,pondělí,12-15,Brno-Bystrc,16.52616869,49.22063358,{91BFACAD-A389-43A0-8EAB-7929CF43B062}
16.596729548,49.2201909980001,133,1,134,60206111577,-598679.693,-1157894.677,2011/09/06 00:00:00+00,2,2011,9,jiný druh nehody,řidič se plně nevěnoval řízení vozidla,Ne,řidičem nemotorového vozidla,nehoda s následky na životě nebo zdraví,"povrch suchý, neznečistěný",neztížené,"v noci - s veřejným osvětlením, viditelnost nezhoršená vlivem povětrnostních podmínek",dobré,žádné nebo žádné z uvedených,komunikace sledovaná (ve vybraných městech),jízdní kolo,pod vlivem alkoholu obsah alkoholu v krvi 1 ‰ a víc,0,řidič,"bez přilby (pouze u motocyklistů, příp. cyklistů)",muž,lehké zranění,0,0,1,0,2300,23,září,úterý,24-32,Brno-Královo Pole,16.59672954,49.22019099,{54A972E2-BAED-47DF-8212-EB420517E422}
16.6142826830001,49.1869712110001,134,1,135,60206111643,-597805.145,-1161704.908,2011/09/15 00:00:00+00,4,2011,9,havárie,nezvládnutí řízení vozidla,"Ano, obsah alkoholu v krvi od 1,0‰ do 1,5‰",řidičem nemotorového vozidla,nehoda s následky na životě nebo zdraví,"povrch suchý, neznečistěný",neztížené,"ve dne, viditelnost nezhoršená vlivem povětrnostních podmínek",dobré,v blízkosti přechodu pro chodce (do vzdálenosti 20 m),uzel (křižovatka sledovaná ve vybraných městech),jízdní kolo,pod vlivem alkoholu obsah alkoholu v krvi 1 ‰ a víc,1,řidič,"bez přilby (pouze u motocyklistů, příp. cyklistů)",muž,lehké zranění,0,0,1,50,1840,18,září,čtvrtek,19-24,Brno-střed,16.61428267,49.18697121,{5021F2FF-6F21-4477-9EEC-A3D7352F4661}
16.6215187400001,49.1814619740001,135,1,136,60206111664,-597346.472,-1162370.624,2011/09/19 00:00:00+00,1,2011,9,srážka s jedoucím nekolejovým vozidlem,při vjíždění na silnici,Ne,řidičem motorového vozidla,nehoda s následky na životě nebo zdraví,"povrch suchý, neznečistěný",neztížené,"ve dne, viditelnost nezhoršená vlivem povětrnostních podmínek",dobré,parkoviště přiléhající ke komunikaci,komunikace sledovaná (ve vybraných městech),jízdní kolo,dobrý -žádné nepříznivé okolnosti nebyly zjiště,1,řidič,"bez přilby (pouze u motocyklistů, příp. cyklistů)",muž,lehké zranění,0,0,1,110,1730,17,září,pondělí,24-32,Brno-jih,16.62151873,49.18146197,{9F09E286-A1E0-4B7F-BBE3-B1169F448C6E}
16.5253538370001,49.2206610150001,136,1,137,60206111682,-603842.715,-1157280.835,2011/09/21 00:00:00+00,3,2011,9,srážka s jedoucím nekolejovým vozidlem,proti příkazu dopravní značky DEJ PŘEDNOST,Ne,řidičem motorového vozidla,nehoda s následky na životě nebo zdraví,"povrch suchý, neznečistěný",neztížené,"ve dne, viditelnost nezhoršená vlivem povětrnostních podmínek",dobré,žádné nebo žádné z uvedených,uzel (křižovatka sledovaná ve vybraných městech),jízdní kolo,dobrý -žádné nepříznivé okolnosti nebyly zjiště,1,řidič,"bez přilby (pouze u motocyklistů, příp. cyklistů)",muž,lehké zranění,0,0,1,230,1250,12,září,středa,33-44,Brno-Bystrc,16.52535383,49.22066101,{52030990-CF92-4725-A588-A96879811BAB}
16.5331395750001,49.1739711980001,137,1,138,60206111717,-603841.961,-1162503.809,2011/09/26 00:00:00+00,1,2011,9,srážka s chodcem,chodci na vyznačeném přechodu,Ne,řidičem nemotorového vozidla,nehoda s následky na životě nebo zdraví,"povrch suchý, neznečistěný",neztížené,"ve dne, viditelnost nezhoršená vlivem povětrnostních podmínek",dobré,přechod pro chodce,komunikace sledovaná (ve vybraných městech),jízdní kolo,dobrý -žádné nepříznivé okolnosti nebyly zjiště,1,řidič,"s přilbou (pouze u motocyklistů, příp. cyklistů)",muž,bez zraněn,0,0,1,0,945,9,září,pondělí,45-60,Brno-Bosonohy,16.53313957,49.17397119,{F28B810D-6DC9-48F2-9C21-B72DA564FBC8}
16.5818534250001,49.2435831080001,138,1,139,60206111734,-599476.58,-1155191.836,2011/09/27 00:00:00+00,2,2011,9,srážka s chodcem,řidič se plně nevěnoval řízení vozidla,Ne,řidičem nemotorového vozidla,nehoda s následky na životě nebo zdraví,"povrch suchý, neznečistěný",neztížené,"ve dne, viditelnost nezhoršená vlivem povětrnostních podmínek",dobré,"zastávka tramvaje, autobusu, trolejbusu bez nástup. ostrůvku",komunikace sledovaná (ve vybraných městech),jízdní kolo,dobrý -žádné nepříznivé okolnosti nebyly zjiště,1,řidič,"s přilbou (pouze u motocyklistů, příp. cyklistů)",žena,lehké zranění,0,0,1,10,1700,17,září,úterý,24-32,Brno-Řečkovice a Mokrá Hora,16.58185342,49.2435831,{89E9BE37-EF49-4409-AC1E-431C86FCDF6C}
16.5889530000001,49.209828719,139,1,140,60206111739,-599366.971,-1158979.315,2011/09/28 00:00:00+00,3,2011,9,havárie,řidič se plně nevěnoval řízení vozidla,Ne,řidičem nemotorového vozidla,nehoda s následky na životě nebo zdraví,"povrch suchý, neznečistěný",neztížené,"ve dne, viditelnost nezhoršená vlivem povětrnostních podmínek",dobré,přechod pro chodce,komunikace sledovaná (ve vybraných městech),jízdní kolo,dobrý -žádné nepříznivé okolnosti nebyly zjiště,1,řidič,"s přilbou (pouze u motocyklistů, příp. cyklistů)",muž,lehké zranění,0,0,1,20,1620,16,září,středa,61-70,Brno-Žabovřesky,16.58895299,49.20982872,{DEFFC74F-3D81-4136-AC33-FCA1CE08BCDD}
16.5711539370001,49.263779189,140,1,141,60206111740,-600008.618,-1152875.036,2011/09/28 00:00:00+00,3,2011,9,havárie,řidič se plně nevěnoval řízení vozidla,"Ano, obsah alkoholu v krvi od 0,8‰ do 1,0‰",řidičem nemotorového vozidla,nehoda s následky na životě nebo zdraví,"povrch suchý, neznečistěný",neztížené,"ve dne, viditelnost nezhoršená vlivem povětrnostních podmínek",dobré,žádné nebo žádné z uvedených,komunikace sledovaná (ve vybraných městech),jízdní kolo,"pod vlivem alkoholu, obsah alkoholu v krvi do 0,99 ‰",1,řidič,"s přilbou (pouze u motocyklistů, příp. cyklistů)",muž,těžké zranění,0,1,0,20,1750,17,září,středa,61-70,Brno-Ivanovice,16.57115393,49.26377919,{F3927263-1F86-4154-9BDA-A6273B726E2A}
16.6451032030001,49.226040573,141,1,142,60206111750,-595106.818,-1157625.947,2011/09/29 00:00:00+00,4,2011,9,srážka s jedoucím nekolejovým vozidlem,řidič se plně nevěnoval řízení vozidla,Ne,řidičem motorového vozidla,nehoda s následky na životě nebo zdraví,"povrch suchý, neznečistěný",neztížené,"ve dne, viditelnost nezhoršená vlivem povětrnostních podmínek",dobré,žádné nebo žádné z uvedených,komunikace účelová - polní a lesní cesty atd.,jízdní kolo,"pod vlivem alkoholu, obsah alkoholu v krvi do 0,99 ‰",1,řidič,"bez přilby (pouze u motocyklistů, příp. cyklistů)",muž,lehké zranění,0,0,1,10,1645,16,září,čtvrtek,71 a více,Brno-Maloměřice a Obřany,16.6451032,49.22604057,{3BCF7A55-7F46-4147-8530-8AB23556D907}
16.68634188,49.175570425,142,1,143,60206111754,-592717.716,-1163526.987,2011/09/29 00:00:00+00,4,2011,9,jiný druh nehody,řidič se plně nevěnoval řízení vozidla,"Ano, obsah alkoholu v krvi 1,5‰ a více",řidičem nemotorového vozidla,nehoda pouze s hmotnou škodou,"povrch suchý, neznečistěný",neztížené,"v noci - s veřejným osvětlením, viditelnost nezhoršená vlivem povětrnostních podmínek",dobré,žádné nebo žádné z uvedených,komunikace sledovaná (ve vybraných městech),jízdní kolo,pod vlivem alkoholu obsah alkoholu v krvi 1 ‰ a víc,1,řidič,"bez přilby (pouze u motocyklistů, příp. cyklistů)",muž,bez zraněn,0,0,0,50,2225,22,září,čtvrtek,24-32,Brno-Slatina,16.68634187,49.17557042,{FD27E160-FB94-495B-8580-D26C3A376D17}