X,Y,objectid,join_count,target_fid,id,d,e,datum,den,rok,mesic,srazka,pricina,alkohol,zavineni,nasledky,stav_vozovky,povetrnostni_podm,viditelnost,rozhled,misto_nehody,druh_komun,druh_vozidla,stav_ridic,ovlivneni_ridice,osoba,ozn_osoba,pohlavi,nasledek,usmrceno_os,tezce_zran_os,lehce_zran_os,hmotna_skoda,cas,hodina,mesic_t,den_v_tydnu,vek_skupina,nazev,point_x,point_y,globalid
16.596069174,49.1868669250001,143,1,144,60206111765,-599126.298,-1161573.732,2011/09/30 00:00:00+00,5,2011,9,srážka s jedoucím nekolejovým vozidlem,jiný druh nesprávného způsobu jízdy,Ne,řidičem nemotorového vozidla,nehoda s následky na životě nebo zdraví,"povrch suchý, neznečistěný",neztížené,"ve dne, viditelnost nezhoršená vlivem povětrnostních podmínek",dobré,přechod pro chodce,komunikace sledovaná (ve vybraných městech),jízdní kolo,dobrý -žádné nepříznivé okolnosti nebyly zjiště,1,řidič,"s přilbou (pouze u motocyklistů, příp. cyklistů)",chlapec (do 15 let),lehké zranění,0,0,1,15,1530,15,září,pátek,7-11,Brno-střed,16.59606917,49.18686692,{983AAEC9-AAEF-4CC1-B904-7FF58AF9E36E}
16.6264336890001,49.14198479,144,1,145,60206111773,-597460.901,-1166773.715,2011/10/01 00:00:00+00,6,2011,10,srážka s jedoucím nekolejovým vozidlem,"nepřizpůsobení rychlosti dopravně technickému stavu vozovky (zatáčka, klesání, stoupání, šířka vozovky apod.)","Ano, obsah alkoholu v krvi 1,5‰ a více",řidičem nemotorového vozidla,nehoda s následky na životě nebo zdraví,"povrch suchý, neznečistěný",neztížené,"v noci - bez veřejného osvětlení, viditelnost nezhoršená vlivem povětrnostních podmínek",dobré,žádné nebo žádné z uvedených,komunikace místní,jízdní kolo,pod vlivem alkoholu obsah alkoholu v krvi 1 ‰ a víc,1,řidič,"bez přilby (pouze u motocyklistů, příp. cyklistů)",muž,lehké zranění,0,0,2,120,1930,19,říjen,sobota,45-60,Brno-jih,16.62643368,49.14198479,{19EC5CF2-CA63-4EAE-98E8-956255AA3F2F}
16.6264336890001,49.14198479,145,1,146,60206111773,-597460.901,-1166773.715,2011/10/01 00:00:00+00,6,2011,10,srážka s jedoucím nekolejovým vozidlem,"nepřizpůsobení rychlosti dopravně technickému stavu vozovky (zatáčka, klesání, stoupání, šířka vozovky apod.)","Ano, obsah alkoholu v krvi 1,5‰ a více",řidičem nemotorového vozidla,nehoda s následky na životě nebo zdraví,"povrch suchý, neznečistěný",neztížené,"v noci - bez veřejného osvětlení, viditelnost nezhoršená vlivem povětrnostních podmínek",dobré,žádné nebo žádné z uvedených,komunikace místní,jízdní kolo,dobrý -žádné nepříznivé okolnosti nebyly zjiště,1,řidič,"s přilbou (pouze u motocyklistů, příp. cyklistů)",muž,lehké zranění,0,0,2,120,1930,19,říjen,sobota,16-18,Brno-jih,16.62643368,49.14198479,{260321D0-ED81-41C7-8996-EE5DBCFA826E}
16.594669106,49.215652382,146,1,147,60206111791,-598883.23,-1158380.304,2011/10/04 00:00:00+00,2,2011,10,srážka s jedoucím nekolejovým vozidlem,proti příkazu dopravní značky STŮJ DEJ PŘEDNOST,Ne,řidičem motorového vozidla,nehoda pouze s hmotnou škodou,"povrch suchý, neznečistěný",neztížené,"ve dne, viditelnost nezhoršená vlivem povětrnostních podmínek",dobré,přechod pro chodce,komunikace sledovaná (ve vybraných městech),jízdní kolo,dobrý -žádné nepříznivé okolnosti nebyly zjiště,1,řidič,"bez přilby (pouze u motocyklistů, příp. cyklistů)",muž,bez zraněn,0,0,0,60,650,6,říjen,úterý,33-44,Brno-Královo Pole,16.5946691,49.21565238,{96CE3C18-15FA-49AD-AF8D-2B990F4F4683}
16.6235759850001,49.1651390580001,147,1,148,60206111857,-597392.041,-1164191.396,2011/10/06 00:00:00+00,4,2011,10,srážka s chodcem,jiný druh nesprávného způsobu jízdy,Nezjišťován,řidičem nemotorového vozidla,nehoda s následky na životě nebo zdraví,"povrch suchý, neznečistěný",neztížené,"ve dne, viditelnost nezhoršená vlivem povětrnostních podmínek",dobré,žádné nebo žádné z uvedených,komunikace účelová - polní a lesní cesty atd.,jízdní kolo,dobrý -žádné nepříznivé okolnosti nebyly zjiště,1,řidič,"bez přilby (pouze u motocyklistů, příp. cyklistů)",žena,bez zraněn,0,0,1,50,1745,17,říjen,čtvrtek,45-60,Brno-jih,16.62357598,49.16513905,{5A4383B2-660D-419A-99D5-870C63BE1929}
16.610896891,49.191111316,148,1,149,60206111871,-598001.057,-1161220.675,2011/10/12 00:00:00+00,3,2011,10,havárie,"nepřizpůsobení rychlosti stavu vozovky (náledí, výtluky, bláto, mokrý povrch apod.)",Ne,řidičem nemotorového vozidla,nehoda s následky na životě nebo zdraví,povrch mokrý,déšť,"ve dne, viditelnost nezhoršená vlivem povětrnostních podmínek",dobré,v blízkosti přechodu pro chodce (do vzdálenosti 20 m),komunikace místní,jízdní kolo,dobrý -žádné nepříznivé okolnosti nebyly zjiště,1,řidič,"s přilbou (pouze u motocyklistů, příp. cyklistů)",žena,lehké zranění,0,0,1,0,1410,14,říjen,středa,24-32,Brno-střed,16.61089688,49.19111131,{DD829B27-9DCC-4A71-B386-EE076B8F86AD}
16.689877327,49.1679329730001,149,1,150,60206111886,-592551.766,-1164398.9,2011/10/14 00:00:00+00,5,2011,10,srážka s jedoucím nekolejovým vozidlem,proti příkazu dopravní značky DEJ PŘEDNOST,Ne,řidičem motorového vozidla,nehoda s následky na životě nebo zdraví,"povrch suchý, neznečistěný",neztížené,"v noci - bez veřejného osvětlení, viditelnost nezhoršená vlivem povětrnostních podmínek",dobré,"most, nadjezd, podjezd, tunel",uzel (křižovatka sledovaná ve vybraných městech),jízdní kolo,dobrý -žádné nepříznivé okolnosti nebyly zjiště,1,řidič,"s přilbou (pouze u motocyklistů, příp. cyklistů)",muž,lehké zranění,0,0,1,125,535,5,říjen,pátek,33-44,Brno-Slatina,16.68987732,49.16793297,{30FF5239-AC43-4DD2-8C6F-A71CCAEEC0F8}
16.6082971340001,49.1951126870001,150,1,151,60206112157,-598141.631,-1160757.929,2011/11/18 00:00:00+00,5,2011,11,srážka s jedoucím nekolejovým vozidlem,řidič se plně nevěnoval řízení vozidla,"Ano, obsah alkoholu v krvi od 1,0‰ do 1,5‰",řidičem nemotorového vozidla,nehoda pouze s hmotnou škodou,"povrch suchý, neznečistěný",neztížené,"v noci - s veřejným osvětlením, viditelnost nezhoršená vlivem povětrnostních podmínek",dobré,žádné nebo žádné z uvedených,komunikace místní,jízdní kolo,pod vlivem alkoholu obsah alkoholu v krvi 1 ‰ a víc,1,řidič,"bez přilby (pouze u motocyklistů, příp. cyklistů)",muž,bez zraněn,0,0,0,50,2325,23,listopad,pátek,19-24,Brno-střed,16.60829713,49.19511268,{CBF4828F-BD59-4A26-90D7-484D1CD095F7}
16.575331695,49.1672119340001,151,1,152,60206120038,-600864.874,-1163583.8,2012/01/07 00:00:00+00,6,2012,1,srážka s jedoucím nekolejovým vozidlem,při otáčení nebo couvání,Ne,řidičem motorového vozidla,nehoda s následky na životě nebo zdraví,povrch mokrý,neztížené,"v noci - s veřejným osvětlením, viditelnost nezhoršená vlivem povětrnostních podmínek",jiné špatn,parkoviště přiléhající ke komunikaci,komunikace sledovaná (ve vybraných městech),jízdní kolo,dobrý -žádné nepříznivé okolnosti nebyly zjiště,1,řidič,"s přilbou (pouze u motocyklistů, příp. cyklistů)",muž,lehké zranění,0,0,1,215,2115,21,leden,sobota,45-60,Brno-Bohunice,16.57533169,49.16721193,{33366BE5-8224-4579-8A5E-BACA9983C881}
16.5736530730001,49.2184350420001,152,1,153,60206120362,-600371.912,-1157907.677,2012/02/27 00:00:00+00,1,2012,2,srážka s jedoucím nekolejovým vozidlem,jiné nedání přednosti,Ne,řidičem motorového vozidla,nehoda s následky na životě nebo zdraví,"povrch suchý, neznečistěný",neztížené,"ve dne, viditelnost nezhoršená vlivem povětrnostních podmínek",dobré,přechod pro chodce,uzel (křižovatka sledovaná ve vybraných městech),jízdní kolo,dobrý -žádné nepříznivé okolnosti nebyly zjiště,1,řidič,"s přilbou (pouze u motocyklistů, příp. cyklistů)",muž,lehké zranění,0,0,1,230,945,9,únor,pondělí,19-24,Brno-Žabovřesky,16.57365306,49.21843504,{27F7543E-1DB2-414E-A9B8-2644470DF94F}
16.6000865070001,49.206628891,153,1,154,60206120435,-598598.8,-1159420.389,2012/03/12 00:00:00+00,1,2012,3,srážka s jedoucím nekolejovým vozidlem,řidič se plně nevěnoval řízení vozidla,"Ano, obsah alkoholu v krvi 1,5‰ a více",řidičem nemotorového vozidla,nehoda s následky na životě nebo zdraví,"povrch suchý, neznečistěný",neztížené,"v noci - s veřejným osvětlením, viditelnost nezhoršená vlivem povětrnostních podmínek",dobré,v blízkosti přechodu pro chodce (do vzdálenosti 20 m),komunikace sledovaná (ve vybraných městech),jízdní kolo,pod vlivem alkoholu obsah alkoholu v krvi 1 ‰ a víc,1,řidič,"bez přilby (pouze u motocyklistů, příp. cyklistů)",muž,lehké zranění,0,0,1,50,1950,19,březen,pondělí,33-44,Brno-střed,16.6000865,49.20662889,{F481F7B0-8E94-4B41-9BF4-2DAEFB9AD5CC}
16.551693137,49.178022094,154,1,155,60206120447,-602448.442,-1162202.506,2012/03/14 00:00:00+00,3,2012,3,jiný druh nehody,jiný druh nesprávného způsobu jízdy,Ne,řidičem motorového vozidla,nehoda s následky na životě nebo zdraví,"povrch suchý, neznečistěný",neztížené,"ve dne, viditelnost nezhoršená vlivem povětrnostních podmínek",dobré,žádné nebo žádné z uvedených,komunikace sledovaná (ve vybraných městech),jízdní kolo,dobrý -žádné nepříznivé okolnosti nebyly zjiště,1,řidič,"bez přilby (pouze u motocyklistů, příp. cyklistů)",muž,lehké zranění,0,0,1,70,1740,17,březen,středa,45-60,Brno-Nový Lískovec,16.55169313,49.17802209,{D981DC68-9347-4F99-8361-F77E6A3F028D}
16.5771629700001,49.181548531,155,1,156,60206120471,-600560.159,-1162013.234,2012/03/18 00:00:00+00,7,2012,3,havárie,"nepřizpůsobení rychlosti dopravně technickému stavu vozovky (zatáčka, klesání, stoupání, šířka vozovky apod.)","Ano, obsah alkoholu v krvi 1,5‰ a více",řidičem nemotorového vozidla,nehoda s následky na životě nebo zdraví,"povrch suchý, neznečistěný",neztížené,"ve dne, viditelnost nezhoršená vlivem povětrnostních podmínek",dobré,žádné nebo žádné z uvedených,komunikace místní,jízdní kolo,pod vlivem alkoholu obsah alkoholu v krvi 1 ‰ a víc,1,řidič,"bez přilby (pouze u motocyklistů, příp. cyklistů)",muž,lehké zranění,0,0,1,50,1540,15,březen,neděle,45-60,Brno-střed,16.57716296,49.18154853,{6E14B512-55E6-41BB-B0E5-86B874E64B67}
16.6001815820001,49.2067807940001,156,1,157,60206120497,-598590.096,-1159404.34,2012/03/21 00:00:00+00,3,2012,3,srážka s jedoucím nekolejovým vozidlem,při odbočování vlevo,Ne,řidičem motorového vozidla,nehoda s následky na životě nebo zdraví,"povrch suchý, neznečistěný",neztížené,"ve dne, viditelnost nezhoršená vlivem povětrnostních podmínek",dobré,přechod pro chodce,uzel (křižovatka sledovaná ve vybraných městech),jízdní kolo,pod vlivem alkoholu obsah alkoholu v krvi 1 ‰ a víc,1,řidič,"bez přilby (pouze u motocyklistů, příp. cyklistů)",muž,lehké zranění,0,0,1,300,1605,16,březen,středa,24-32,Brno-střed,16.60018157,49.20678079,{31BCFEF8-8FBC-4DE6-8332-BFB95C1B47BB}
16.5616680530001,49.193711814,157,1,158,60206120502,-601536.951,-1160546.61,2012/03/22 00:00:00+00,4,2012,3,jiný druh nehody,nezaviněná řidičem,Nezjišťován,jiné zaviněn,nehoda s následky na životě nebo zdraví,"povrch suchý, neznečistěný",neztížené,"ve dne, viditelnost nezhoršená vlivem povětrnostních podmínek",dobré,v blízkosti přechodu pro chodce (do vzdálenosti 20 m),komunikace sledovaná (ve vybraných městech),jízdní kolo,dobrý -žádné nepříznivé okolnosti nebyly zjiště,1,řidič,"s přilbou (pouze u motocyklistů, příp. cyklistů)",muž,lehké zranění,0,0,1,30,750,7,březen,čtvrtek,33-44,Brno-Kohoutovice,16.56166804,49.19371181,{B98993C0-A4CA-4E73-A15C-4BAA403C7276}
16.675021546,49.2063535190001,158,1,159,60206120507,-593173.54,-1160035.408,2012/03/22 00:00:00+00,4,2012,3,srážka s jedoucím nekolejovým vozidlem,při vjíždění na silnici,"Ano, obsah alkoholu v krvi od 0,24‰ do 0,5‰",řidičem nemotorového vozidla,nehoda s následky na životě nebo zdraví,"povrch suchý, neznečistěný",neztížené,"v noci - s veřejným osvětlením, viditelnost nezhoršená vlivem povětrnostních podmínek",dobré,"výjezd z parkoviště, lesní cesty apod. (pol.36=7,8)",komunikace místní,jízdní kolo,"pod vlivem alkoholu, obsah alkoholu v krvi do 0,99 ‰",0,řidič,"bez přilby (pouze u motocyklistů, příp. cyklistů)",muž,lehké zranění,0,0,1,120,1750,17,březen,čtvrtek,45-60,Brno-Líšeň,16.67502154,49.20635352,{38613598-2E59-49C3-BB81-C221CE9650E5}
16.5809694860001,49.2603505550001,159,1,160,60206120523,-599339.538,-1153331.154,2012/03/25 00:00:00+00,7,2012,3,srážka s jedoucím nekolejovým vozidlem,při odbočování vlevo,Ne,řidičem motorového vozidla,nehoda s následky na životě nebo zdraví,"povrch suchý, neznečistěný",neztížené,"ve dne, viditelnost nezhoršená vlivem povětrnostních podmínek",dobré,žádné nebo žádné z uvedených,komunikace místní,jízdní kolo,dobrý -žádné nepříznivé okolnosti nebyly zjiště,1,řidič,"s přilbou (pouze u motocyklistů, příp. cyklistů)",muž,lehké zranění,0,0,1,500,1740,17,březen,neděle,16-18,Brno-Ivanovice,16.58096948,49.26035055,{77E4F37E-A960-43E9-AB3B-73F0934B6003}
16.5712461840001,49.26027893,160,1,161,60206120621,-600043.958,-1153262.731,2012/03/02 00:00:00+00,5,2012,3,srážka s jedoucím nekolejovým vozidlem,nesprávné otáčení nebo couvání,Nezjišťován,řidičem motorového vozidla,nehoda s následky na životě nebo zdraví,povrch mokrý,déšť,"ve dne, viditelnost nezhoršená vlivem povětrnostních podmínek",dobré,žádné nebo žádné z uvedených,komunikace sledovaná (ve vybraných městech),jízdní kolo,dobrý -žádné nepříznivé okolnosti nebyly zjiště,1,řidič,"s přilbou (pouze u motocyklistů, příp. cyklistů)",žena,lehké zranění,0,0,1,10,940,9,březen,pátek,33-44,Brno-Ivanovice,16.57124618,49.26027893,{4A0DAA26-FA3C-4829-9DE1-815FE1F8FA48}
16.665734302,49.2007274690001,161,1,162,60206120636,-593913.124,-1160585.314,2012/04/13 00:00:00+00,5,2012,4,srážka s jedoucím nekolejovým vozidlem,proti příkazu dopravní značky DEJ PŘEDNOST,Ne,řidičem motorového vozidla,nehoda pouze s hmotnou škodou,"povrch suchý, neznečistěný",neztížené,"v noci - s veřejným osvětlením, viditelnost nezhoršená vlivem povětrnostních podmínek",dobré,čerpadlo pohonných hmot,komunikace místní,jízdní kolo,dobrý -žádné nepříznivé okolnosti nebyly zjiště,1,řidič,"s přilbou (pouze u motocyklistů, příp. cyklistů)",žena,bez zraněn,0,0,0,10,2040,20,duben,pátek,45-60,Brno-Líšeň,16.66573429,49.20072747,{C662B8EC-692F-4291-9B0E-BBC614147139}
16.5247933700001,49.17699959,162,1,163,60206120643,-604410.335,-1162103.012,2012/04/15 00:00:00+00,7,2012,4,srážka s jedoucím nekolejovým vozidlem,při vjíždění na silnici,Ne,řidičem nemotorového vozidla,nehoda s následky na životě nebo zdraví,"povrch suchý, neznečistěný",neztížené,"ve dne, viditelnost nezhoršená vlivem povětrnostních podmínek",dobré,žádné nebo žádné z uvedených,komunikace místní,jízdní kolo,dobrý -žádné nepříznivé okolnosti nebyly zjiště,1,řidič,"bez přilby (pouze u motocyklistů, příp. cyklistů)",žena,lehké zranění,0,0,1,20,1505,15,duben,neděle,61-70,Brno-Bosonohy,16.52479336,49.17699959,{F386CE24-EE08-446A-AD4E-4DBB1A9D6E7A}
16.5247933700001,49.17699959,163,1,164,60206120643,-604410.335,-1162103.012,2012/04/15 00:00:00+00,7,2012,4,srážka s jedoucím nekolejovým vozidlem,při vjíždění na silnici,Ne,řidičem nemotorového vozidla,nehoda s následky na životě nebo zdraví,"povrch suchý, neznečistěný",neztížené,"ve dne, viditelnost nezhoršená vlivem povětrnostních podmínek",dobré,žádné nebo žádné z uvedených,komunikace místní,jízdní kolo,dobrý -žádné nepříznivé okolnosti nebyly zjiště,1,řidič,"bez přilby (pouze u motocyklistů, příp. cyklistů)",chlapec (do 15 let),bez zraněn,0,0,1,20,1505,15,duben,neděle,7-11,Brno-Bosonohy,16.52479336,49.17699959,{6531BFF2-CC97-41F9-B81D-8DA385CDAAB6}
16.5895219070001,49.2291099330001,164,1,165,60206120654,-599094.844,-1156852.108,2012/04/17 00:00:00+00,2,2012,4,srážka s jedoucím nekolejovým vozidlem,vozidlu přijíždějícímu zprava,Ne,řidičem nemotorového vozidla,nehoda s následky na životě nebo zdraví,"povrch suchý, neznečistěný",neztížené,"ve dne, viditelnost nezhoršená vlivem povětrnostních podmínek",dobré,žádné nebo žádné z uvedených,komunikace místní,jízdní kolo,dobrý -žádné nepříznivé okolnosti nebyly zjiště,1,řidič,"bez přilby (pouze u motocyklistů, příp. cyklistů)",žena,lehké zranění,0,0,1,20,1620,16,duben,úterý,24-32,Brno-Královo Pole,16.5895219,49.22910993,{89CD9131-C982-4DB7-AB2B-AA876ABC8BEF}
16.6883235820001,49.168986251,165,1,166,60206120676,-592651.958,-1164270.384,2012/04/20 00:00:00+00,5,2012,4,srážka s jedoucím nekolejovým vozidlem,proti příkazu dopravní značky DEJ PŘEDNOST,Ne,řidičem motorového vozidla,nehoda s následky na životě nebo zdraví,povrch mokrý,neztížené,"ve dne, viditelnost nezhoršená vlivem povětrnostních podmínek",dobré,žádné nebo žádné z uvedených,uzel (křižovatka sledovaná ve vybraných městech),jízdní kolo,dobrý -žádné nepříznivé okolnosti nebyly zjiště,1,řidič,"s přilbou (pouze u motocyklistů, příp. cyklistů)",muž,lehké zranění,0,0,1,300,640,6,duben,pátek,24-32,Brno-Slatina,16.68832357,49.16898625,{FDB8423C-5B45-46A8-97C5-8154E79466F7}
16.6375150980001,49.214291847,166,1,167,60206120718,-595796.194,-1158865.794,2012/04/25 00:00:00+00,3,2012,4,srážka s jedoucím nekolejovým vozidlem,při odbočování vlevo,Ne,řidičem motorového vozidla,nehoda s následky na životě nebo zdraví,"povrch suchý, neznečistěný",neztížené,"ve dne, viditelnost nezhoršená vlivem povětrnostních podmínek",dobré,žádné nebo žádné z uvedených,komunikace sledovaná (ve vybraných městech),jízdní kolo,dobrý -žádné nepříznivé okolnosti nebyly zjiště,1,řidič,"s přilbou (pouze u motocyklistů, příp. cyklistů)",muž,lehké zranění,0,0,1,40,1715,17,duben,středa,61-70,Brno-sever,16.63751509,49.21429184,{AC673C15-D31E-4B87-B78A-18ED5CF8A803}
16.530571536,49.2240745550001,167,1,168,60206120730,-603423.719,-1156944.716,2012/04/26 00:00:00+00,4,2012,4,srážka s jedoucím nekolejovým vozidlem,při odbočování vlevo,Ne,řidičem motorového vozidla,nehoda s následky na životě nebo zdraví,"povrch suchý, neznečistěný",neztížené,"ve dne, viditelnost nezhoršená vlivem povětrnostních podmínek",dobré,parkoviště přiléhající ke komunikaci,komunikace místní,jízdní kolo,dobrý -žádné nepříznivé okolnosti nebyly zjiště,1,řidič,"bez přilby (pouze u motocyklistů, příp. cyklistů)",muž,lehké zranění,0,0,1,50,1655,16,duben,čtvrtek,45-60,Brno-Bystrc,16.53057153,49.22407455,{C08FDE7A-AAF3-4A63-9E39-526E02FA31F1}
16.571299723,49.2609962450001,168,1,169,60206120750,-600031.474,-1153183.849,2012/04/30 00:00:00+00,1,2012,4,srážka s jedoucím nekolejovým vozidlem,proti příkazu dopravní značky DEJ PŘEDNOST,Ne,řidičem motorového vozidla,nehoda s následky na životě nebo zdraví,"povrch suchý, neznečistěný",neztížené,"ve dne, viditelnost nezhoršená vlivem povětrnostních podmínek",dobré,žádné nebo žádné z uvedených,uzel (křižovatka sledovaná ve vybraných městech),jízdní kolo,dobrý -žádné nepříznivé okolnosti nebyly zjiště,1,řidič,"s přilbou (pouze u motocyklistů, příp. cyklistů)",muž,lehké zranění,0,0,1,30,1330,13,duben,pondělí,33-44,Brno-Ivanovice,16.57129971,49.26099624,{B46528DB-4563-4493-89FC-539A7612083E}
16.612104403,49.1651139520001,169,1,170,60206120755,-598224.05,-1164104.39,2012/05/01 00:00:00+00,2,2012,5,srážka s jedoucím nekolejovým vozidlem,řidič se plně nevěnoval řízení vozidla,Ne,řidičem nemotorového vozidla,nehoda s následky na životě nebo zdraví,"povrch suchý, neznečistěný",neztížené,"ve dne, viditelnost nezhoršená vlivem povětrnostních podmínek",dobré,přechod pro chodce,komunikace sledovaná (ve vybraných městech),jízdní kolo,dobrý -žádné nepříznivé okolnosti nebyly zjiště,1,řidič,"s přilbou (pouze u motocyklistů, příp. cyklistů)",chlapec (do 15 let),lehké zranění,0,0,1,70,1610,16,květen,úterý,12-15,Brno-jih,16.61210439,49.16511395,{F29DD408-4444-4BD7-8755-D13628A20FCD}
16.6431904200001,49.2179955440001,170,1,171,60206120767,-595341.052,-1158500.545,2012/05/02 00:00:00+00,3,2012,5,havárie,řidič se plně nevěnoval řízení vozidla,Nezjišťován,řidičem nemotorového vozidla,nehoda s následky na životě nebo zdraví,"povrch suchý, neznečistěný",neztížené,"v noci - s veřejným osvětlením, viditelnost nezhoršená vlivem povětrnostních podmínek",dobré,žádné nebo žádné z uvedených,komunikace sledovaná (ve vybraných městech),jízdní kolo,dobrý -žádné nepříznivé okolnosti nebyly zjiště,1,řidič,"bez přilby (pouze u motocyklistů, příp. cyklistů)",muž,lehké zranění,0,0,1,30,2105,21,květen,středa,45-60,Brno-Maloměřice a Obřany,16.64319041,49.21799554,{FDCCD615-844E-4802-9C29-A552FBDAA63B}
16.582441008,49.2426631640001,171,1,172,60206120789,-599445.076,-1155298.153,2012/05/06 00:00:00+00,7,2012,5,havárie,řidič se plně nevěnoval řízení vozidla,"Ano, obsah alkoholu v krvi od 1,0‰ do 1,5‰",řidičem nemotorového vozidla,nehoda s následky na životě nebo zdraví,"povrch suchý, neznečistěný",neztížené,"ve dne, viditelnost nezhoršená vlivem povětrnostních podmínek",dobré,přechod pro chodce,komunikace sledovaná (ve vybraných městech),jízdní kolo,pod vlivem alkoholu obsah alkoholu v krvi 1 ‰ a víc,1,řidič,"s přilbou (pouze u motocyklistů, příp. cyklistů)",muž,lehké zranění,0,0,1,10,1605,16,květen,neděle,33-44,Brno-Řečkovice a Mokrá Hora,16.582441,49.24266316,{6A324C54-1AE9-422B-8C21-596FDB281519}
16.5044147130001,49.246782882,172,1,173,60206120794,-605042.816,-1154227.468,2012/05/01 00:00:00+00,2,2012,5,srážka s jedoucím nekolejovým vozidlem,nepřizpůsobení rychlosti vlastnostem vozidla a nákladu,"Ano, obsah alkoholu v krvi 1,5‰ a více",řidičem motorového vozidla,nehoda pouze s hmotnou škodou,"povrch suchý, neznečistěný",neztížené,"ve dne, viditelnost nezhoršená vlivem povětrnostních podmínek",dobré,žádné nebo žádné z uvedených,komunikace účelová - polní a lesní cesty atd.,jízdní kolo,pod vlivem alkoholu obsah alkoholu v krvi 1 ‰ a víc,1,řidič,"bez přilby (pouze u motocyklistů, příp. cyklistů)",muž,bez zraněn,0,0,0,110,1700,17,květen,úterý,71 a více,Brno-Kníničky,16.5044147,49.24678288,{683AF8D6-6A1A-4320-9E1A-C6E5AAB5240E}
16.687334531,49.208349033,173,1,174,60206120797,-592257.876,-1159910.3,2012/05/08 00:00:00+00,2,2012,5,srážka s jedoucím nekolejovým vozidlem,řidič se plně nevěnoval řízení vozidla,Ne,řidičem nemotorového vozidla,nehoda s následky na životě nebo zdraví,"povrch suchý, neznečistěný",neztížené,"ve dne, viditelnost nezhoršená vlivem povětrnostních podmínek",dobré,"zastávka tramvaje, autobusu, trolejbusu bez nástup. ostrůvku",komunikace sledovaná (ve vybraných městech),jízdní kolo,dobrý -žádné nepříznivé okolnosti nebyly zjiště,1,řidič,"bez přilby (pouze u motocyklistů, příp. cyklistů)",muž,lehké zranění,0,0,1,10,1750,17,květen,úterý,71 a více,Brno-Líšeň,16.68733452,49.20834903,{399DA4E9-7ED1-4398-BA63-128684304732}
16.616478649,49.213652005,174,1,175,60206120810,-597327.518,-1158772.242,2012/05/09 00:00:00+00,3,2012,5,srážka s jedoucím nekolejovým vozidlem,překročení rychlosti stanovené dopravní značkou,Ne,řidičem motorového vozidla,nehoda s následky na životě nebo zdraví,"povrch suchý, neznečistěný",neztížené,"ve dne, viditelnost nezhoršená vlivem povětrnostních podmínek",dobré,žádné nebo žádné z uvedených,komunikace sledovaná (ve vybraných městech),jízdní kolo,dobrý -žádné nepříznivé okolnosti nebyly zjiště,1,řidič,"s přilbou (pouze u motocyklistů, příp. cyklistů)",muž,lehké zranění,0,0,1,230,1915,19,květen,středa,24-32,Brno-sever,16.61647864,49.213652,{5BAF322B-306F-4AA3-8187-7BD76161EE64}
16.5561680280001,49.21776155,175,1,176,60206120853,-601646.248,-1157844.547,2012/05/16 00:00:00+00,3,2012,5,srážka s jedoucím nekolejovým vozidlem,při odbočování vlevo,Nezjišťován,řidičem motorového vozidla,nehoda s následky na životě nebo zdraví,"povrch suchý, neznečistěný",neztížené,"ve dne, viditelnost nezhoršená vlivem povětrnostních podmínek",dobré,žádné nebo žádné z uvedených,komunikace sledovaná (ve vybraných městech),jízdní kolo,dobrý -žádné nepříznivé okolnosti nebyly zjiště,1,řidič,"s přilbou (pouze u motocyklistů, příp. cyklistů)",chlapec (do 15 let),lehké zranění,0,0,1,120,1850,18,květen,středa,12-15,Brno-Komín,16.55616802,49.21776155,{8F60BC83-A8FD-4A11-A4B8-B184DB6D6550}
16.622422112,49.175443962,176,1,177,60206120864,-597352.781,-1163043.048,2012/05/18 00:00:00+00,5,2012,5,jiný druh nehody,jiný druh nesprávného způsobu jízdy,Ne,řidičem nemotorového vozidla,nehoda s následky na životě nebo zdraví,"povrch suchý, neznečistěný",neztížené,"ve dne, viditelnost nezhoršená vlivem povětrnostních podmínek",dobré,v blízkosti přechodu pro chodce (do vzdálenosti 20 m),"komunikace účelová - ostatní (parkoviště, odpočívky apod.",jízdní kolo,dobrý -žádné nepříznivé okolnosti nebyly zjiště,1,řidič,"s přilbou (pouze u motocyklistů, příp. cyklistů)",žena,lehké zranění,0,0,1,0,1520,15,květen,pátek,61-70,Brno-jih,16.6224221,49.17544396,{B1BE01A3-A2EF-4A38-9F56-9A639481FC69}
16.6261637540001,49.2020621660001,177,1,178,60206120865,-596764.198,-1160129.337,2012/05/18 00:00:00+00,5,2012,5,havárie,řidič se plně nevěnoval řízení vozidla,Ne,řidičem nemotorového vozidla,nehoda s následky na životě nebo zdraví,"povrch suchý, neznečistěný",neztížené,"ve dne, viditelnost nezhoršená vlivem povětrnostních podmínek",dobré,žádné nebo žádné z uvedených,komunikace sledovaná (ve vybraných městech),jízdní kolo,dobrý -žádné nepříznivé okolnosti nebyly zjiště,1,řidič,"s přilbou (pouze u motocyklistů, příp. cyklistů)",žena,lehké zranění,0,0,1,10,1535,15,květen,pátek,24-32,Brno-sever,16.62616375,49.20206216,{72817043-2DB3-4783-8947-28A37636AB70}