X,Y,objectid,join_count,target_fid,id,d,e,datum,den,rok,mesic,srazka,pricina,alkohol,zavineni,nasledky,stav_vozovky,povetrnostni_podm,viditelnost,rozhled,misto_nehody,druh_komun,druh_vozidla,stav_ridic,ovlivneni_ridice,osoba,ozn_osoba,pohlavi,nasledek,usmrceno_os,tezce_zran_os,lehce_zran_os,hmotna_skoda,cas,hodina,mesic_t,den_v_tydnu,vek_skupina,nazev,point_x,point_y,globalid
16.6234568720001,49.191366031,178,1,179,60206120873,-597087.877,-1161290.77,2012/05/19 00:00:00+00,6,2012,5,"srážka s vozidlem zaparkovaným, odstaveným",jiný druh nesprávného způsobu jízdy,Ne,řidičem motorového vozidla,nehoda s následky na životě nebo zdraví,"povrch suchý, neznečistěný",neztížené,"ve dne, viditelnost nezhoršená vlivem povětrnostních podmínek",dobré,žádné nebo žádné z uvedených,komunikace sledovaná (ve vybraných městech),jízdní kolo,dobrý -žádné nepříznivé okolnosti nebyly zjiště,1,řidič,"s přilbou (pouze u motocyklistů, příp. cyklistů)",muž,lehké zranění,0,0,1,130,1910,19,květen,sobota,24-32,Brno-střed,16.62345686,49.19136603,{B23C814E-B086-41D1-9D02-21FB4B026D93}
16.674163164,49.213755979,179,1,180,60206120876,-593147.989,-1159210.252,2012/05/20 00:00:00+00,7,2012,5,srážka s jedoucím nekolejovým vozidlem,řidič se plně nevěnoval řízení vozidla,Ne,řidičem motorového vozidla,nehoda s následky na životě nebo zdraví,"povrch suchý, neznečistěný",neztížené,"ve dne, viditelnost nezhoršená vlivem povětrnostních podmínek",dobré,žádné nebo žádné z uvedených,komunikace místní,jízdní kolo,dobrý -žádné nepříznivé okolnosti nebyly zjiště,1,řidič,"s přilbou (pouze u motocyklistů, příp. cyklistů)",žena,lehké zranění,0,0,1,10,1355,13,květen,neděle,45-60,Brno-Vinohrady,16.67416316,49.21375598,{B3574F89-1087-4194-AAD1-D89910A0DD5F}
16.6918859960001,49.1833709790001,180,1,181,60206120893,-592223.548,-1162707.465,2012/05/23 00:00:00+00,3,2012,5,havárie,řidič se plně nevěnoval řízení vozidla,Ne,řidičem nemotorového vozidla,nehoda s následky na životě nebo zdraví,"povrch suchý, neznečistěný",neztížené,"ve dne, viditelnost nezhoršená vlivem povětrnostních podmínek",dobré,žádné nebo žádné z uvedených,komunikace sledovaná (ve vybraných městech),jízdní kolo,dobrý -žádné nepříznivé okolnosti nebyly zjiště,1,řidič,"bez přilby (pouze u motocyklistů, příp. cyklistů)",muž,lehké zranění,0,0,1,20,735,7,květen,středa,33-44,Brno-Slatina,16.69188599,49.18337098,{CA222ADC-635A-44C9-809B-4FDB2B220B75}
16.6375339480001,49.21428955,181,1,182,60206120894,-595794.856,-1158866.195,2012/05/23 00:00:00+00,3,2012,5,srážka s jedoucím nekolejovým vozidlem,při odbočování vlevo,Ne,řidičem motorového vozidla,nehoda s následky na životě nebo zdraví,"povrch suchý, neznečistěný",neztížené,"ve dne, viditelnost nezhoršená vlivem povětrnostních podmínek",dobré,přechod pro chodce,komunikace sledovaná (ve vybraných městech),jízdní kolo,dobrý -žádné nepříznivé okolnosti nebyly zjiště,1,řidič,"s přilbou (pouze u motocyklistů, příp. cyklistů)",muž,lehké zranění,0,0,1,220,920,9,květen,středa,33-44,Brno-sever,16.63753394,49.21428955,{CC1935D1-C086-4DF2-9BF3-7B0870918041}
16.641441355,49.1332713480001,182,1,183,60206120898,-596475.979,-1167854.385,2012/05/23 00:00:00+00,3,2012,5,srážka s jedoucím nekolejovým vozidlem,vyhýbání bez dostatečného bočního odstupu (vůle),Ne,řidičem motorového vozidla,nehoda s následky na životě nebo zdraví,"povrch suchý, neznečistěný",neztížené,"ve dne, viditelnost nezhoršená vlivem povětrnostních podmínek",dobré,žádné nebo žádné z uvedených,uzel (křižovatka sledovaná ve vybraných městech),jízdní kolo,dobrý -žádné nepříznivé okolnosti nebyly zjiště,1,řidič,"s přilbou (pouze u motocyklistů, příp. cyklistů)",muž,lehké zranění,0,0,1,70,1400,14,květen,středa,61-70,Brno-Chrlice,16.64144135,49.13327134,{DA0B3CA2-2068-4098-A3D7-8A4D5340D3B2}
16.59339214,49.1983734940001,183,1,184,60206120909,-599182.555,-1160280.598,2012/05/24 00:00:00+00,4,2012,5,jiný druh nehody,řidič se plně nevěnoval řízení vozidla,Ne,řidičem nemotorového vozidla,nehoda s následky na životě nebo zdraví,"povrch suchý, neznečistěný",neztížené,"ve dne, viditelnost nezhoršená vlivem povětrnostních podmínek",dobré,žádné nebo žádné z uvedených,komunikace sledovaná (ve vybraných městech),jízdní kolo,dobrý -žádné nepříznivé okolnosti nebyly zjiště,1,řidič,"bez přilby (pouze u motocyklistů, příp. cyklistů)",muž,lehké zranění,0,0,1,0,1740,17,květen,čtvrtek,24-32,Brno-střed,16.59339213,49.19837349,{EA33E6E9-3F58-48E0-9102-D7ADEECB11D3}
16.5317055990001,49.2201989390001,184,1,185,60206120917,-603388.349,-1157382.116,2012/05/25 00:00:00+00,5,2012,5,havárie,řidič se plně nevěnoval řízení vozidla,Ne,řidičem nemotorového vozidla,nehoda s následky na životě nebo zdraví,"povrch suchý, neznečistěný",neztížené,"ve dne, viditelnost nezhoršená vlivem povětrnostních podmínek",dobré,žádné nebo žádné z uvedených,komunikace místní,jízdní kolo,dobrý -žádné nepříznivé okolnosti nebyly zjiště,1,řidič,"bez přilby (pouze u motocyklistů, příp. cyklistů)",muž,lehké zranění,0,0,1,10,1810,18,květen,pátek,19-24,Brno-Bystrc,16.53170559,49.22019894,{F7DA71A7-ABFD-4339-AF3E-D77FA4B0EA05}
16.6723760310001,49.139392076,185,1,186,60206120924,-594159.036,-1167418.729,2012/05/26 00:00:00+00,6,2012,5,jiný druh nehody,jiný druh nepřiměřené rychlosti,Ne,řidičem nemotorového vozidla,nehoda s následky na životě nebo zdraví,"povrch suchý, neznečistěný",neztížené,"ve dne, viditelnost nezhoršená vlivem povětrnostních podmínek",dobré,žádné nebo žádné z uvedených,komunikace sledovaná (ve vybraných městech),jízdní kolo,dobrý -žádné nepříznivé okolnosti nebyly zjiště,1,řidič,"s přilbou (pouze u motocyklistů, příp. cyklistů)",muž,lehké zranění,0,0,1,15,2035,20,květen,sobota,33-44,Brno-Tuřany,16.67237602,49.13939207,{03C7B533-4D66-4FE5-92DB-98CCE1A3DF48}
16.5957864280001,49.2669665230001,186,1,187,60206121065,-598188.217,-1152715.861,2012/06/15 00:00:00+00,5,2012,6,srážka s jedoucím nekolejovým vozidlem,řidič se plně nevěnoval řízení vozidla,Nezjišťován,řidičem motorového vozidla,nehoda s následky na životě nebo zdraví,"povrch suchý, neznečistěný",neztížené,"ve dne, viditelnost nezhoršená vlivem povětrnostních podmínek",dobré,žádné nebo žádné z uvedených,komunikace sledovaná (ve vybraných městech),jízdní kolo,dobrý -žádné nepříznivé okolnosti nebyly zjiště,1,řidič,"s přilbou (pouze u motocyklistů, příp. cyklistů)",muž,lehké zranění,0,0,1,50,510,5,červen,pátek,33-44,Brno-Jehnice,16.59578642,49.26696652,{496CDC76-CA42-4BC2-8743-0FE23532A7AF}
16.6944434760001,49.2063220590001,187,1,188,60206121066,-591766.826,-1160189.521,2012/06/15 00:00:00+00,5,2012,6,srážka s jedoucím nekolejovým vozidlem,proti příkazu dopravní značky DEJ PŘEDNOST,Ne,řidičem motorového vozidla,nehoda s následky na životě nebo zdraví,"povrch suchý, neznečistěný",neztížené,"ve dne, viditelnost nezhoršená vlivem povětrnostních podmínek",dobré,přechod pro chodce,uzel (křižovatka sledovaná ve vybraných městech),jízdní kolo,dobrý -žádné nepříznivé okolnosti nebyly zjiště,1,řidič,"bez přilby (pouze u motocyklistů, příp. cyklistů)",žena,lehké zranění,0,0,1,110,625,6,červen,pátek,33-44,Brno-Líšeň,16.69444347,49.20632206,{BA459276-981A-4F89-9ECB-4FF7B6612554}
16.6551620540001,49.1964945240001,188,1,189,60206121074,-594729.415,-1160971.085,2012/06/16 00:00:00+00,6,2012,6,jiný druh nehody,nepřizpůsobení rychlosti vlastnostem vozidla a nákladu,Nezjišťován,řidičem nemotorového vozidla,nehoda s následky na životě nebo zdraví,"povrch suchý, neznečistěný",neztížené,"ve dne, viditelnost nezhoršená vlivem povětrnostních podmínek",dobré,přechod pro chodce,komunikace sledovaná (ve vybraných městech),jízdní kolo,dobrý -žádné nepříznivé okolnosti nebyly zjiště,1,řidič,"bez přilby (pouze u motocyklistů, příp. cyklistů)",muž,lehké zranění,0,0,1,50,1630,16,červen,sobota,33-44,Brno-Židenice,16.65516205,49.19649452,{B1E518B9-764C-42B9-91DC-2954B3A7258D}
16.633905349,49.2005632250001,189,1,190,60206121080,-596221.182,-1160355.519,2012/06/17 00:00:00+00,7,2012,6,jiný druh nehody,řidič se plně nevěnoval řízení vozidla,Nezjišťován,řidičem nemotorového vozidla,nehoda s následky na životě nebo zdraví,"povrch suchý, neznečistěný",neztížené,"ve dne, viditelnost nezhoršená vlivem povětrnostních podmínek",dobré,žádné nebo žádné z uvedených,komunikace místní,jízdní kolo,dobrý -žádné nepříznivé okolnosti nebyly zjiště,1,řidič,"bez přilby (pouze u motocyklistů, příp. cyklistů)",chlapec (do 15 let),bez zraněn,0,1,0,0,915,9,červen,neděle,12-15,Brno-Židenice,16.63390534,49.20056322,{F52AB181-1204-4175-BAFF-47B4DC7AB4D8}
16.649133056,49.1965421720001,190,1,191,60206121084,-595165.706,-1160918.859,2012/06/17 00:00:00+00,7,2012,6,"srážka s vozidlem zaparkovaným, odstaveným",řidič se plně nevěnoval řízení vozidla,Nezjišťován,řidičem nemotorového vozidla,nehoda s následky na životě nebo zdraví,"povrch suchý, neznečistěný",neztížené,"ve dne, viditelnost nezhoršená vlivem povětrnostních podmínek",dobré,žádné nebo žádné z uvedených,komunikace sledovaná (ve vybraných městech),jízdní kolo,dobrý -žádné nepříznivé okolnosti nebyly zjiště,1,řidič,"s přilbou (pouze u motocyklistů, příp. cyklistů)",muž,lehké zranění,0,0,1,100,1650,16,červen,neděle,33-44,Brno-Židenice,16.64913305,49.19654217,{0A1CBD39-4F0B-4ECF-86E9-2C8E39AAAEFB}
16.6467306540001,49.199240833,191,1,192,60206121109,-595307.687,-1160601.759,2012/06/20 00:00:00+00,3,2012,6,srážka s jedoucím nekolejovým vozidlem,"nepřizpůsobení rychlosti dopravně technickému stavu vozovky (zatáčka, klesání, stoupání, šířka vozovky apod.)",Ne,řidičem nemotorového vozidla,nehoda s následky na životě nebo zdraví,"povrch suchý, neznečistěný",neztížené,"ve dne, viditelnost nezhoršená vlivem povětrnostních podmínek",dobré,žádné nebo žádné z uvedených,komunikace místní,jízdní kolo,dobrý -žádné nepříznivé okolnosti nebyly zjiště,1,řidič,"s přilbou (pouze u motocyklistů, příp. cyklistů)",chlapec (do 15 let),lehké zranění,0,0,1,100,1840,18,červen,středa,7-11,Brno-Židenice,16.64673065,49.19924083,{74DEE85F-A8B1-49C9-A7C2-F4FBEE5FE1E1}
16.6216348830001,49.191311066,192,1,193,60206121124,-597220.561,-1161282.603,2012/06/22 00:00:00+00,5,2012,6,havárie,řidič se plně nevěnoval řízení vozidla,"Ano, obsah alkoholu v krvi 1,5‰ a více",řidičem nemotorového vozidla,nehoda s následky na životě nebo zdraví,"povrch suchý, neznečistěný",neztížené,"v noci - s veřejným osvětlením, viditelnost nezhoršená vlivem povětrnostních podmínek",dobré,v blízkosti přechodu pro chodce (do vzdálenosti 20 m),uzel (křižovatka sledovaná ve vybraných městech),jízdní kolo,pod vlivem alkoholu obsah alkoholu v krvi 1 ‰ a víc,1,řidič,"bez přilby (pouze u motocyklistů, příp. cyklistů)",muž,lehké zranění,0,0,1,10,2340,23,červen,pátek,61-70,Brno-střed,16.62163487,49.19131106,{39A4E7D4-2ACC-48B9-B14D-5B19314405C7}
16.6777404960001,49.1681044360001,193,1,194,60206121132,-593429.708,-1164285.726,2012/06/25 00:00:00+00,1,2012,6,srážka s jedoucím nekolejovým vozidlem,proti příkazu dopravní značky DEJ PŘEDNOST,Ne,řidičem motorového vozidla,nehoda s následky na životě nebo zdraví,"povrch suchý, neznečistěný",neztížené,"ve dne, viditelnost nezhoršená vlivem povětrnostních podmínek",dobré,"zastávka tramvaje, autobusu, trolejbusu bez nástup. ostrůvku",komunikace sledovaná (ve vybraných městech),jízdní kolo,dobrý -žádné nepříznivé okolnosti nebyly zjiště,1,řidič,"s přilbou (pouze u motocyklistů, příp. cyklistů)",muž,lehké zranění,0,0,1,210,520,5,červen,pondělí,45-60,Brno-Slatina,16.67774049,49.16810443,{A666461B-3032-4E27-9571-7D7CCD9591E3}
16.6067713890001,49.199776829,194,1,195,60206121133,-598196.44,-1160230.316,2012/06/25 00:00:00+00,1,2012,6,havárie,nepřizpůsobení rychlosti vlastnostem vozidla a nákladu,Ne,řidičem nemotorového vozidla,nehoda s následky na životě nebo zdraví,"povrch suchý, neznečistěný",neztížené,"ve dne, viditelnost nezhoršená vlivem povětrnostních podmínek",dobré,žádné nebo žádné z uvedených,komunikace sledovaná (ve vybraných městech),jízdní kolo,dobrý -žádné nepříznivé okolnosti nebyly zjiště,1,řidič,"s přilbou (pouze u motocyklistů, příp. cyklistů)",muž,lehké zranění,0,0,1,0,530,5,červen,pondělí,24-32,Brno-střed,16.60677138,49.19977683,{AD327BF4-AA31-47CA-8DEF-4D53E750B043}
16.6112545720001,49.190795634,195,1,196,60206121136,-597978.909,-1161258.377,2012/06/25 00:00:00+00,1,2012,6,jiný druh nehody,nezaviněná řidičem,Ne,jiným účastníkem silničního provozu,nehoda s následky na životě nebo zdraví,"povrch suchý, neznečistěný",neztížené,"ve dne, viditelnost nezhoršená vlivem povětrnostních podmínek",dobré,žádné nebo žádné z uvedených,komunikace sledovaná (ve vybraných městech),jízdní kolo,dobrý -žádné nepříznivé okolnosti nebyly zjiště,1,řidič,"bez přilby (pouze u motocyklistů, příp. cyklistů)",muž,lehké zranění,0,0,1,20,1325,13,červen,pondělí,61-70,Brno-střed,16.61125456,49.19079563,{30B6B3CB-FD89-4AD3-A40B-64659744250B}
16.62381241,49.1664869160001,196,1,197,60206121138,-597358.825,-1164044.224,2012/06/25 00:00:00+00,1,2012,6,srážka s jedoucím nekolejovým vozidlem,řidič se plně nevěnoval řízení vozidla,Ne,řidičem motorového vozidla,nehoda s následky na životě nebo zdraví,"povrch suchý, neznečistěný",neztížené,"ve dne, viditelnost nezhoršená vlivem povětrnostních podmínek",dobré,v blízkosti přechodu pro chodce (do vzdálenosti 20 m),komunikace sledovaná (ve vybraných městech),jízdní kolo,dobrý -žádné nepříznivé okolnosti nebyly zjiště,1,řidič,"bez přilby (pouze u motocyklistů, příp. cyklistů)",muž,lehké zranění,0,0,1,180,1415,14,červen,pondělí,19-24,Brno-jih,16.6238124,49.16648691,{8576FF02-135D-4236-B153-AD579EAC1723}
16.5971095520001,49.2148184120001,197,1,198,60206121149,-598716.458,-1158491.638,2012/06/26 00:00:00+00,2,2012,6,srážka s jedoucím nekolejovým vozidlem,řidič se plně nevěnoval řízení vozidla,Ne,řidičem motorového vozidla,nehoda s následky na životě nebo zdraví,"povrch suchý, neznečistěný",neztížené,"ve dne, viditelnost nezhoršená vlivem povětrnostních podmínek",dobré,parkoviště přiléhající ke komunikaci,komunikace sledovaná (ve vybraných městech),jízdní kolo,dobrý -žádné nepříznivé okolnosti nebyly zjiště,1,řidič,"s přilbou (pouze u motocyklistů, příp. cyklistů)",muž,lehké zranění,0,0,1,570,2010,20,červen,úterý,33-44,Brno-Královo Pole,16.59710954,49.21481841,{AC505AC5-1D43-49A4-BE28-79BB63267BF1}
16.572474277,49.217590167,198,1,199,60206121151,-600467.419,-1157991.815,2012/06/27 00:00:00+00,3,2012,6,srážka s chodcem,nezaviněná řidičem,Ne,chodcem,nehoda s následky na životě nebo zdraví,"povrch suchý, neznečistěný",neztížené,"ve dne, viditelnost nezhoršená vlivem povětrnostních podmínek",dobré,žádné nebo žádné z uvedených,komunikace sledovaná (ve vybraných městech),jízdní kolo,dobrý -žádné nepříznivé okolnosti nebyly zjiště,1,řidič,"s přilbou (pouze u motocyklistů, příp. cyklistů)",žena,lehké zranění,0,0,1,40,730,7,červen,středa,24-32,Brno-Žabovřesky,16.57247427,49.21759016,{143D52A0-06C9-4806-99DE-2D8268DED48C}
16.580285583,49.1837846710001,199,1,200,60206121152,-600307.041,-1161790.566,2012/06/27 00:00:00+00,3,2012,6,srážka s jedoucím nekolejovým vozidlem,jiný druh nesprávného způsobu jízdy,Ne,řidičem motorového vozidla,nehoda s následky na životě nebo zdraví,"povrch suchý, neznečistěný",neztížené,"ve dne, viditelnost nezhoršená vlivem povětrnostních podmínek","špatné - vlivem okolní zástavby (budovy, plné zábradlí apod.)","výjezd z parkoviště, lesní cesty apod. (pol.36=7,8)","komunikace účelová - ostatní (parkoviště, odpočívky apod.",jízdní kolo,dobrý -žádné nepříznivé okolnosti nebyly zjiště,1,řidič,"s přilbou (pouze u motocyklistů, příp. cyklistů)",žena,lehké zranění,0,0,1,35,808,8,červen,středa,45-60,Brno-střed,16.58028557,49.18378467,{1D83B12C-C261-4F57-B001-B845A78E8B0F}
16.5733159210001,49.216776489,200,1,201,60206121176,-600416.231,-1158088.387,2012/07/01 00:00:00+00,7,2012,7,havárie,nepřizpůsobení rychlosti vlastnostem vozidla a nákladu,Ne,řidičem nemotorového vozidla,nehoda s následky na životě nebo zdraví,"povrch suchý, neznečistěný",neztížené,"ve dne, viditelnost nezhoršená vlivem povětrnostních podmínek",dobré,parkoviště přiléhající ke komunikaci,komunikace místní,jízdní kolo,dobrý -žádné nepříznivé okolnosti nebyly zjiště,1,řidič,"bez přilby (pouze u motocyklistů, příp. cyklistů)",muž,těžké zranění,0,1,0,0,1515,15,červenec,neděle,24-32,Brno-Žabovřesky,16.57331591,49.21677649,{50916FD3-F933-4C27-B91F-7505F0926747}
16.6375873260001,49.218497959,201,1,202,60206121178,-595740.884,-1158401.311,2012/07/01 00:00:00+00,7,2012,7,srážka s jedoucím nekolejovým vozidlem,vozidlu přijíždějícímu zprava,Ne,řidičem motorového vozidla,nehoda s následky na životě nebo zdraví,"povrch suchý, neznečistěný",neztížené,"ve dne, viditelnost nezhoršená vlivem povětrnostních podmínek",dobré,žádné nebo žádné z uvedených,komunikace místní,jízdní kolo,dobrý -žádné nepříznivé okolnosti nebyly zjiště,1,řidič,"s přilbou (pouze u motocyklistů, příp. cyklistů)",muž,lehké zranění,0,0,1,150,1730,17,červenec,neděle,24-32,Brno-sever,16.63758732,49.21849796,{05AC5602-ACC9-4EF5-8F14-5295AB374617}
16.6345229450001,49.1927983400001,202,1,203,60206121180,-596268.92,-1161218.853,2012/07/01 00:00:00+00,7,2012,7,havárie,řidič se plně nevěnoval řízení vozidla,"Ano, obsah alkoholu v krvi 1,5‰ a více",řidičem nemotorového vozidla,nehoda s následky na životě nebo zdraví,"povrch suchý, neznečistěný",neztížené,"v noci - s veřejným osvětlením, viditelnost nezhoršená vlivem povětrnostních podmínek","špatné - vlivem okolní zástavby (budovy, plné zábradlí apod.)",v blízkosti přechodu pro chodce (do vzdálenosti 20 m),komunikace sledovaná (ve vybraných městech),jízdní kolo,pod vlivem alkoholu obsah alkoholu v krvi 1 ‰ a víc,1,řidič,"bez přilby (pouze u motocyklistů, příp. cyklistů)",muž,lehké zranění,0,0,1,0,2135,21,červenec,neděle,45-60,Brno-Židenice,16.63452294,49.19279834,{2BBA2D57-F6CF-4FCE-8434-415B890DB779}
16.5592231630001,49.211887469,203,1,204,60206121189,-601495.61,-1158518,2012/07/03 00:00:00+00,2,2012,7,srážka s jedoucím nekolejovým vozidlem,proti příkazu dopravní značky DEJ PŘEDNOST,Ne,řidičem motorového vozidla,nehoda s následky na životě nebo zdraví,"povrch suchý, neznečistěný",neztížené,"ve dne, viditelnost nezhoršená vlivem povětrnostních podmínek",dobré,v blízkosti přechodu pro chodce (do vzdálenosti 20 m),uzel (křižovatka sledovaná ve vybraných městech),jízdní kolo,dobrý -žádné nepříznivé okolnosti nebyly zjiště,1,řidič,"bez přilby (pouze u motocyklistů, příp. cyklistů)",muž,těžké zranění,0,1,0,30,720,7,červenec,úterý,45-60,Brno-Komín,16.55922315,49.21188747,{C3824643-27FF-44C6-AF71-4EA2F0B512BE}
16.5957151160001,49.191572336,204,1,205,60206121212,-599095.645,-1161050.737,2012/07/07 00:00:00+00,6,2012,7,srážka s jedoucím nekolejovým vozidlem,řidič se plně nevěnoval řízení vozidla,Ne,řidičem motorového vozidla,nehoda s následky na životě nebo zdraví,"povrch suchý, neznečistěný",neztížené,"ve dne, viditelnost nezhoršená vlivem povětrnostních podmínek",dobré,žádné nebo žádné z uvedených,uzel (křižovatka sledovaná ve vybraných městech),jízdní kolo,dobrý -žádné nepříznivé okolnosti nebyly zjiště,1,řidič,"bez přilby (pouze u motocyklistů, příp. cyklistů)",muž,lehké zranění,0,0,1,20,1815,18,červenec,sobota,33-44,Brno-střed,16.59571511,49.19157233,{6277E328-51D0-41F1-B901-B4374504C31A}
16.5877703900001,49.2350158500001,205,1,206,60206121232,-599150.916,-1156185.429,2012/07/11 00:00:00+00,3,2012,7,srážka s jedoucím nekolejovým vozidlem,řidič se plně nevěnoval řízení vozidla,Ne,řidičem nemotorového vozidla,nehoda s následky na životě nebo zdraví,"povrch suchý, neznečistěný",neztížené,"ve dne, viditelnost nezhoršená vlivem povětrnostních podmínek",dobré,v blízkosti přechodu pro chodce (do vzdálenosti 20 m),komunikace sledovaná (ve vybraných městech),jízdní kolo,dobrý -žádné nepříznivé okolnosti nebyly zjiště,1,řidič,"s přilbou (pouze u motocyklistů, příp. cyklistů)",muž,lehké zranění,0,0,1,300,1440,14,červenec,středa,19-24,Brno-Řečkovice a Mokrá Hora,16.58777038,49.23501585,{B49445B6-13FA-475E-9B07-96F6874E897F}
16.6002251370001,49.2066681690001,206,1,207,60206121240,-598588.288,-1159417.133,2012/07/12 00:00:00+00,4,2012,7,srážka s jedoucím nekolejovým vozidlem,při odbočování vlevo,Ne,řidičem motorového vozidla,nehoda s následky na životě nebo zdraví,"povrch suchý, neznečistěný",neztížené,"ve dne, viditelnost nezhoršená vlivem povětrnostních podmínek",dobré,přechod pro chodce,uzel (křižovatka sledovaná ve vybraných městech),jízdní kolo,dobrý -žádné nepříznivé okolnosti nebyly zjiště,1,řidič,"s přilbou (pouze u motocyklistů, příp. cyklistů)",muž,lehké zranění,0,0,1,310,1210,12,červenec,čtvrtek,45-60,Brno-střed,16.60022513,49.20666817,{B8DD753B-4AFF-43A4-8336-46666D3DD44C}
16.651506843,49.228055876,207,1,208,60206121257,-594619.14,-1157452.991,2012/07/14 00:00:00+00,6,2012,7,havárie,řidič se plně nevěnoval řízení vozidla,"Ano, obsah alkoholu v krvi od 1,0‰ do 1,5‰",řidičem nemotorového vozidla,nehoda s následky na životě nebo zdraví,povrch mokrý,neztížené,"ve dne, viditelnost nezhoršená vlivem povětrnostních podmínek",dobré,žádné nebo žádné z uvedených,komunikace sledovaná (ve vybraných městech),jízdní kolo,pod vlivem alkoholu obsah alkoholu v krvi 1 ‰ a víc,1,řidič,"s přilbou (pouze u motocyklistů, příp. cyklistů)",muž,lehké zranění,0,0,1,0,1852,18,červenec,sobota,61-70,Brno-Maloměřice a Obřany,16.65150683,49.22805587,{D9D75243-2EBF-4704-BB99-ED9A4A156467}
16.6023310570001,49.1995177140001,208,1,209,60206121263,-598521.239,-1160224.179,2012/07/15 00:00:00+00,7,2012,7,havárie,nepřizpůsobení rychlosti vlastnostem vozidla a nákladu,"Ano, obsah alkoholu v krvi od 0,24‰ do 0,5‰",řidičem nemotorového vozidla,nehoda s následky na životě nebo zdraví,"povrch suchý, neznečistěný",neztížené,"v noci - s veřejným osvětlením, viditelnost nezhoršená vlivem povětrnostních podmínek",dobré,žádné nebo žádné z uvedených,komunikace sledovaná (ve vybraných městech),jízdní kolo,"pod vlivem alkoholu, obsah alkoholu v krvi do 0,99 ‰",1,řidič,"bez přilby (pouze u motocyklistů, příp. cyklistů)",muž,lehké zranění,0,0,1,20,2015,20,červenec,neděle,61-70,Brno-střed,16.60233105,49.19951771,{8471EAC9-8E08-45BA-BA58-D9B52BA07A3E}
16.616197163,49.196362492,209,1,210,60206121274,-597554.297,-1160681.584,2012/07/17 00:00:00+00,2,2012,7,srážka s jedoucím nekolejovým vozidlem,proti příkazu dopravní značky DEJ PŘEDNOST,Nezjišťován,řidičem motorového vozidla,nehoda pouze s hmotnou škodou,"povrch suchý, neznečistěný",neztížené,"ve dne, viditelnost nezhoršená vlivem povětrnostních podmínek",dobré,v blízkosti přechodu pro chodce (do vzdálenosti 20 m),komunikace sledovaná (ve vybraných městech),jízdní kolo,dobrý -žádné nepříznivé okolnosti nebyly zjiště,1,řidič,"bez přilby (pouze u motocyklistů, příp. cyklistů)",muž,bez zraněn,0,0,0,10,1545,15,červenec,úterý,33-44,Brno-střed,16.61619715,49.19636249,{9673EF84-E2DF-4CEC-BBC2-BE65298D75CC}
16.602744897,49.201940091,210,1,211,60206121283,-598462.292,-1159959.607,2012/07/19 00:00:00+00,4,2012,7,srážka s jedoucím nekolejovým vozidlem,při vjíždění na silnici,Ne,řidičem motorového vozidla,nehoda s následky na životě nebo zdraví,povrch mokrý,neztížené,"ve dne, viditelnost nezhoršená vlivem povětrnostních podmínek",dobré,žádné nebo žádné z uvedených,komunikace místní,jízdní kolo,dobrý -žádné nepříznivé okolnosti nebyly zjiště,1,řidič,"bez přilby (pouze u motocyklistů, příp. cyklistů)",muž,lehké zranění,0,0,1,310,1232,12,červenec,čtvrtek,19-24,Brno-střed,16.60274489,49.20194009,{1BB113D3-6839-4BB7-B4DE-D681FC554168}
16.583784564,49.173206248,211,1,212,60206121289,-600180.246,-1162987.561,2012/07/20 00:00:00+00,5,2012,7,srážka s jedoucím nekolejovým vozidlem,řidič se plně nevěnoval řízení vozidla,Ne,řidičem motorového vozidla,nehoda s následky na životě nebo zdraví,"povrch suchý, neznečistěný",neztížené,"ve dne, viditelnost nezhoršená vlivem povětrnostních podmínek",dobré,přechod pro chodce,uzel (křižovatka sledovaná ve vybraných městech),jízdní kolo,dobrý -žádné nepříznivé okolnosti nebyly zjiště,1,řidič,"s přilbou (pouze u motocyklistů, příp. cyklistů)",muž,lehké zranění,0,0,1,70,1040,10,červenec,pátek,61-70,Brno-Bohunice,16.58378456,49.17320624,{62A51B8E-8FA1-4D6E-BF81-CC5B0B7BB81A}
16.6387887770001,49.1934939170001,212,1,213,60206121301,-595951.524,-1161175.238,2012/07/21 00:00:00+00,6,2012,7,havárie,nepřizpůsobení rychlosti vlastnostem vozidla a nákladu,"Ano, obsah alkoholu v krvi 1,5‰ a více",řidičem nemotorového vozidla,nehoda s následky na životě nebo zdraví,povrch mokrý,"na počátku deště, slabý déšť, mrholení apod.","ve dne, viditelnost nezhoršená vlivem povětrnostních podmínek",dobré,žádné nebo žádné z uvedených,komunikace sledovaná (ve vybraných městech),jízdní kolo,pod vlivem alkoholu obsah alkoholu v krvi 1 ‰ a víc,1,řidič,"bez přilby (pouze u motocyklistů, příp. cyklistů)",muž,lehké zranění,0,0,1,0,2010,20,červenec,sobota,24-32,Brno-Židenice,16.63878877,49.19349391,{911BCD42-638D-42C4-B144-82C7A973AAEF}