X,Y,objectid,join_count,target_fid,id,d,e,datum,den,rok,mesic,srazka,pricina,alkohol,zavineni,nasledky,stav_vozovky,povetrnostni_podm,viditelnost,rozhled,misto_nehody,druh_komun,druh_vozidla,stav_ridic,ovlivneni_ridice,osoba,ozn_osoba,pohlavi,nasledek,usmrceno_os,tezce_zran_os,lehce_zran_os,hmotna_skoda,cas,hodina,mesic_t,den_v_tydnu,vek_skupina,nazev,point_x,point_y,globalid
16.5940438530001,49.228488729,213,1,214,60206121303,-598774.866,-1156956.245,2012/07/21 00:00:00+00,6,2012,7,jiný druh nehody,nezvládnutí řízení vozidla,"Ano, obsah alkoholu v krvi od 1,0‰ do 1,5‰",řidičem nemotorového vozidla,nehoda s následky na životě nebo zdraví,povrch mokrý,neztížené,"v noci - s veřejným osvětlením, viditelnost nezhoršená vlivem povětrnostních podmínek",dobré,žádné nebo žádné z uvedených,komunikace sledovaná (ve vybraných městech),jízdní kolo,pod vlivem alkoholu obsah alkoholu v krvi 1 ‰ a víc,1,řidič,"s přilbou (pouze u motocyklistů, příp. cyklistů)",muž,bez zraněn,0,0,1,30,2210,22,červenec,sobota,19-24,Brno-Královo Pole,16.59404384,49.22848873,{B6B8AEE1-F8A4-4EFA-8B8C-88067025A9ED}
16.5940438530001,49.228488729,214,1,215,60206121303,-598774.866,-1156956.245,2012/07/21 00:00:00+00,6,2012,7,jiný druh nehody,nezvládnutí řízení vozidla,"Ano, obsah alkoholu v krvi od 1,0‰ do 1,5‰",řidičem nemotorového vozidla,nehoda s následky na životě nebo zdraví,povrch mokrý,neztížené,"v noci - s veřejným osvětlením, viditelnost nezhoršená vlivem povětrnostních podmínek",dobré,žádné nebo žádné z uvedených,komunikace sledovaná (ve vybraných městech),jízdní kolo,pod vlivem alkoholu obsah alkoholu v krvi 1 ‰ a víc,1,ostatní spolucestující (i v postranním vozíku motocyklu),"s přilbou (pouze u motocyklistů, příp. cyklistů)",žena,lehké zranění,0,0,1,30,2210,22,červenec,sobota,19-24,Brno-Královo Pole,16.59404384,49.22848873,{D1DA8065-825F-4B24-B8A3-B1157A2B0570}
16.5950796440001,49.1862296420001,215,1,216,60206121320,-599205.634,-1161636.426,2012/07/24 00:00:00+00,2,2012,7,srážka s jedoucím nekolejovým vozidlem,při vjíždění na silnici,Ne,řidičem nemotorového vozidla,nehoda s následky na životě nebo zdraví,"povrch suchý, neznečistěný",neztížené,"ve dne, viditelnost nezhoršená vlivem povětrnostních podmínek",dobré,"výjezd z parkoviště, lesní cesty apod. (pol.36=7,8)",komunikace sledovaná (ve vybraných městech),jízdní kolo,dobrý -žádné nepříznivé okolnosti nebyly zjiště,1,řidič,"s přilbou (pouze u motocyklistů, příp. cyklistů)",žena,lehké zranění,0,0,2,200,1235,12,červenec,úterý,19-24,Brno-střed,16.59507964,49.18622964,{E8DA0117-D3C4-437B-BCBD-D553708630CD}
16.5950796440001,49.1862296420001,216,1,217,60206121320,-599205.634,-1161636.426,2012/07/24 00:00:00+00,2,2012,7,srážka s jedoucím nekolejovým vozidlem,při vjíždění na silnici,Ne,řidičem nemotorového vozidla,nehoda s následky na životě nebo zdraví,"povrch suchý, neznečistěný",neztížené,"ve dne, viditelnost nezhoršená vlivem povětrnostních podmínek",dobré,"výjezd z parkoviště, lesní cesty apod. (pol.36=7,8)",komunikace sledovaná (ve vybraných městech),jízdní kolo,dobrý -žádné nepříznivé okolnosti nebyly zjiště,1,řidič,"s přilbou (pouze u motocyklistů, příp. cyklistů)",muž,lehké zranění,0,0,2,200,1235,12,červenec,úterý,24-32,Brno-střed,16.59507964,49.18622964,{BBB7CB34-D17A-4769-83D7-1C8B9D87026F}
16.6326122880001,49.2096130100001,217,1,218,60206121322,-596207.053,-1159344.85,2012/07/24 00:00:00+00,2,2012,7,havárie,nepřizpůsobení rychlosti vlastnostem vozidla a nákladu,Ne,řidičem nemotorového vozidla,nehoda s následky na životě nebo zdraví,"povrch suchý, neznečistěný",neztížené,"ve dne, viditelnost nezhoršená vlivem povětrnostních podmínek",dobré,žádné nebo žádné z uvedených,komunikace sledovaná (ve vybraných městech),jízdní kolo,dobrý -žádné nepříznivé okolnosti nebyly zjiště,1,řidič,"s přilbou (pouze u motocyklistů, příp. cyklistů)",muž,lehké zranění,0,0,1,0,1455,14,červenec,úterý,45-60,Brno-sever,16.63261228,49.20961301,{F164F53F-76C6-4316-82D2-91AAF3C5C11B}
16.582303886,49.264641318,218,1,219,60206121326,-599191.549,-1152867.252,2012/07/24 00:00:00+00,2,2012,7,srážka s chodcem,nezaviněná řidičem,Ne,chodcem,nehoda s následky na životě nebo zdraví,"povrch suchý, neznečistěný",neztížené,"ve dne, viditelnost nezhoršená vlivem povětrnostních podmínek",dobré,žádné nebo žádné z uvedených,komunikace místní,jízdní kolo,dobrý -žádné nepříznivé okolnosti nebyly zjiště,1,řidič,"s přilbou (pouze u motocyklistů, příp. cyklistů)",muž,bez zraněn,0,0,1,0,1905,19,červenec,úterý,33-44,Brno-Řečkovice a Mokrá Hora,16.58230388,49.26464131,{C372D447-CA78-4309-A42A-22DA2296E72B}
16.528054399,49.22111786,219,1,220,60206121329,-603641.652,-1157251.68,2012/07/25 00:00:00+00,3,2012,7,srážka s jedoucím nekolejovým vozidlem,proti příkazu dopravní značky DEJ PŘEDNOST,Nezjišťován,řidičem motorového vozidla,nehoda s následky na životě nebo zdraví,povrch mokrý,"na počátku deště, slabý déšť, mrholení apod.","ve dne, viditelnost nezhoršená vlivem povětrnostních podmínek",dobré,žádné nebo žádné z uvedených,komunikace sledovaná (ve vybraných městech),jízdní kolo,dobrý -žádné nepříznivé okolnosti nebyly zjiště,1,řidič,"bez přilby (pouze u motocyklistů, příp. cyklistů)",žena,lehké zranění,0,0,1,10,635,6,červenec,středa,19-24,Brno-Bystrc,16.52805439,49.22111786,{ED51E413-0473-4A5B-8C5C-1A5EE04F7235}
16.626173033,49.201849612,220,1,221,60206121344,-596766.06,-1160152.91,2012/07/27 00:00:00+00,5,2012,7,"srážka s vozidlem zaparkovaným, odstaveným",nepřizpůsobení rychlosti vlastnostem vozidla a nákladu,Ne,řidičem nemotorového vozidla,nehoda pouze s hmotnou škodou,"povrch suchý, neznečistěný",neztížené,"ve dne, viditelnost nezhoršená vlivem povětrnostních podmínek",dobré,parkoviště přiléhající ke komunikaci,komunikace sledovaná (ve vybraných městech),jízdní kolo,dobrý -žádné nepříznivé okolnosti nebyly zjiště,1,řidič,"bez přilby (pouze u motocyklistů, příp. cyklistů)",muž,bez zraněn,0,0,0,110,915,9,červenec,pátek,33-44,Brno-sever,16.62617302,49.20184961,{2A686BCA-1944-457C-9D9D-D0F36B3357D9}
16.573484981,49.241461239,221,1,222,60206121352,-600107.774,-1155360.705,2012/07/28 00:00:00+00,6,2012,7,"srážka s vozidlem zaparkovaným, odstaveným",řidič se plně nevěnoval řízení vozidla,"Ano, obsah alkoholu v krvi od 0,5‰ do 0,8‰",řidičem nemotorového vozidla,nehoda s následky na životě nebo zdraví,"povrch suchý, neznečistěný",neztížené,"ve dne, viditelnost nezhoršená vlivem povětrnostních podmínek",dobré,žádné nebo žádné z uvedených,komunikace sledovaná (ve vybraných městech),jízdní kolo,"pod vlivem alkoholu, obsah alkoholu v krvi do 0,99 ‰",1,řidič,"bez přilby (pouze u motocyklistů, příp. cyklistů)",muž,lehké zranění,0,0,1,150,1815,18,červenec,sobota,45-60,Brno-Medlánky,16.57348497,49.24146124,{2DFFFD04-9778-4994-9D20-B06073E1D8A2}
16.6028547670001,49.1440352930001,222,1,223,60206121362,-599146.686,-1166362.319,2012/07/31 00:00:00+00,2,2012,7,jiný druh nehody,nepřizpůsobení rychlosti vlastnostem vozidla a nákladu,Ne,řidičem nemotorového vozidla,nehoda s následky na životě nebo zdraví,"povrch suchý, neznečistěný",neztížené,"ve dne, viditelnost nezhoršená vlivem povětrnostních podmínek",dobré,žádné nebo žádné z uvedených,komunikace místní,jízdní kolo,dobrý -žádné nepříznivé okolnosti nebyly zjiště,1,řidič,"bez přilby (pouze u motocyklistů, příp. cyklistů)",muž,těžké zranění,0,1,0,25,650,6,červenec,úterý,45-60,Brno-jih,16.60285476,49.14403529,{44A77CD7-491E-4B04-A791-E3CCFDC6A89A}
16.6028547670001,49.1440352930001,223,1,224,60206121362,-599146.686,-1166362.319,2012/07/31 00:00:00+00,2,2012,7,jiný druh nehody,nepřizpůsobení rychlosti vlastnostem vozidla a nákladu,Ne,řidičem nemotorového vozidla,nehoda s následky na životě nebo zdraví,"povrch suchý, neznečistěný",neztížené,"ve dne, viditelnost nezhoršená vlivem povětrnostních podmínek",dobré,žádné nebo žádné z uvedených,komunikace místní,jízdní kolo,dobrý -žádné nepříznivé okolnosti nebyly zjiště,1,řidič,"s přilbou (pouze u motocyklistů, příp. cyklistů)",žena,bez zraněn,0,1,0,25,650,6,červenec,úterý,24-32,Brno-jih,16.60285476,49.14403529,{61A01133-889E-4D85-9AA7-AB4B46ECD388}
16.647688169,49.151854723,224,1,225,60206121387,-595801.789,-1165848.48,2012/08/03 00:00:00+00,5,2012,8,srážka s jedoucím nekolejovým vozidlem,jiný druh nesprávného předjíždění,Ne,řidičem nemotorového vozidla,nehoda s následky na životě nebo zdraví,"povrch suchý, neznečistěný",neztížené,"v noci - s veřejným osvětlením, viditelnost nezhoršená vlivem povětrnostních podmínek",dobré,v blízkosti přechodu pro chodce (do vzdálenosti 20 m),komunikace sledovaná (ve vybraných městech),jízdní kolo,dobrý -žádné nepříznivé okolnosti nebyly zjiště,1,řidič,"s přilbou (pouze u motocyklistů, příp. cyklistů)",muž,lehké zranění,0,0,1,200,1915,19,srpen,pátek,45-60,Brno-Tuřany,16.64768816,49.15185472,{533597F5-AF63-4784-A3E6-5AE59876E224}
16.657356559,49.2267802200001,225,1,226,60206121388,-594210.693,-1157639.557,2012/08/04 00:00:00+00,6,2012,8,srážka s jedoucím nekolejovým vozidlem,jiný druh nesprávného způsobu jízdy,Ne,řidičem nemotorového vozidla,nehoda s následky na životě nebo zdraví,"povrch suchý, neznečistěný",neztížené,"ve dne, viditelnost nezhoršená vlivem povětrnostních podmínek",dobré,žádné nebo žádné z uvedených,komunikace místní,jízdní kolo,dobrý -žádné nepříznivé okolnosti nebyly zjiště,1,řidič,"s přilbou (pouze u motocyklistů, příp. cyklistů)",chlapec (do 15 let),těžké zranění,0,1,0,190,850,8,srpen,sobota,0-6,Brno-Maloměřice a Obřany,16.65735655,49.22678022,{75F10B94-FB19-46FD-AAD1-887FB8D45277}
16.5931092710001,49.226800832,226,1,227,60206121392,-598862.742,-1157135.528,2012/08/04 00:00:00+00,6,2012,8,havárie,nezvládnutí řízení vozidla,"Ano, obsah alkoholu v krvi do 0,24 ‰",řidičem nemotorového vozidla,nehoda s následky na životě nebo zdraví,"povrch suchý, neznečistěný",neztížené,"ve dne, viditelnost nezhoršená vlivem povětrnostních podmínek",dobré,žádné nebo žádné z uvedených,uzel (křižovatka sledovaná ve vybraných městech),jízdní kolo,"pod vlivem alkoholu, obsah alkoholu v krvi do 0,99 ‰",1,řidič,"s přilbou (pouze u motocyklistů, příp. cyklistů)",žena,lehké zranění,0,0,1,10,1620,16,srpen,sobota,33-44,Brno-Královo Pole,16.59310926,49.22680083,{ABD85591-7C78-44CF-93FC-86F1C43C9D4B}
16.6184384740001,49.201590358,227,1,228,60206121393,-597329.511,-1160121.117,2012/08/04 00:00:00+00,6,2012,8,srážka s jedoucím nekolejovým vozidlem,nesprávné otáčení nebo couvání,Nezjišťován,řidičem motorového vozidla,nehoda s následky na životě nebo zdraví,"povrch suchý, neznečistěný",neztížené,"ve dne, viditelnost nezhoršená vlivem povětrnostních podmínek",dobré,žádné nebo žádné z uvedených,komunikace sledovaná (ve vybraných městech),jízdní kolo,dobrý -žádné nepříznivé okolnosti nebyly zjiště,1,řidič,"s přilbou (pouze u motocyklistů, příp. cyklistů)",muž,lehké zranění,0,0,1,30,2020,20,srpen,sobota,24-32,Brno-sever,16.61843847,49.20159035,{D2186FAC-07E4-482E-8416-3DD62D5BCF2C}
16.631898537,49.216798248,228,1,229,60206121406,-596173.148,-1158544.854,2012/08/07 00:00:00+00,2,2012,8,srážka s jedoucím nekolejovým vozidlem,při vjíždění na silnici,Ne,řidičem motorového vozidla,nehoda s následky na životě nebo zdraví,"povrch suchý, neznečistěný",neztížené,"ve dne, viditelnost nezhoršená vlivem povětrnostních podmínek",dobré,parkoviště přiléhající ke komunikaci,komunikace sledovaná (ve vybraných městech),jízdní kolo,dobrý -žádné nepříznivé okolnosti nebyly zjiště,1,řidič,"bez přilby (pouze u motocyklistů, příp. cyklistů)",muž,lehké zranění,0,0,1,250,1730,17,srpen,úterý,33-44,Brno-sever,16.63189853,49.21679824,{9292995B-0F38-4561-A9E6-EAF1038BC0A9}
16.6534112900001,49.1239207420001,229,1,230,60206121408,-595718.655,-1168981.641,2012/08/08 00:00:00+00,3,2012,8,srážka s jedoucím nekolejovým vozidlem,proti příkazu dopravní značky STŮJ DEJ PŘEDNOST,Ne,řidičem motorového vozidla,nehoda s následky na životě nebo zdraví,"povrch suchý, neznečistěný",neztížené,"ve dne, viditelnost nezhoršená vlivem povětrnostních podmínek",dobré,žádné nebo žádné z uvedených,komunikace sledovaná (ve vybraných městech),jízdní kolo,dobrý -žádné nepříznivé okolnosti nebyly zjiště,1,řidič,"s přilbou (pouze u motocyklistů, příp. cyklistů)",muž,lehké zranění,0,0,1,170,625,6,srpen,středa,19-24,Brno-Chrlice,16.65341128,49.12392074,{0C0D91A4-89A4-40A1-BD8D-A0559F732317}
16.578836924,49.2211839780001,230,1,231,60206121418,-599963.535,-1157644.502,2012/08/09 00:00:00+00,4,2012,8,havárie,řidič se plně nevěnoval řízení vozidla,Ne,řidičem nemotorového vozidla,nehoda s následky na životě nebo zdraví,"povrch suchý, neznečistěný",neztížené,"ve dne, viditelnost nezhoršená vlivem povětrnostních podmínek",dobré,žádné nebo žádné z uvedených,komunikace místní,jízdní kolo,dobrý -žádné nepříznivé okolnosti nebyly zjiště,1,řidič,"s přilbou (pouze u motocyklistů, příp. cyklistů)",muž,těžké zranění,0,1,0,20,1815,18,srpen,čtvrtek,33-44,Brno-Žabovřesky,16.57883692,49.22118397,{3FC65889-4DC6-4591-A9D6-4C8F6307CA0A}
16.569989579,49.268829086,231,1,232,60206121427,-600032.238,-1152307.599,2012/08/11 00:00:00+00,6,2012,8,havárie,řidič se plně nevěnoval řízení vozidla,Nezjišťován,řidičem nemotorového vozidla,nehoda s následky na životě nebo zdraví,"povrch suchý, neznečistěný",neztížené,"ve dne, viditelnost nezhoršená vlivem povětrnostních podmínek",dobré,žádné nebo žádné z uvedených,komunikace sledovaná (ve vybraných městech),jízdní kolo,pod vlivem alkoholu obsah alkoholu v krvi 1 ‰ a víc,1,řidič,"bez přilby (pouze u motocyklistů, příp. cyklistů)",muž,lehké zranění,0,0,1,20,1821,18,srpen,sobota,45-60,Brno-Ivanovice,16.56998957,49.26882908,{CC3A755A-D5CE-4D78-B12B-E3BC9F8C4413}
16.6262465630001,49.2023520020001,232,1,233,60206121431,-596754.743,-1160097.939,2012/08/12 00:00:00+00,7,2012,8,srážka s jedoucím nekolejovým vozidlem,řidič se plně nevěnoval řízení vozidla,"Ano, obsah alkoholu v krvi od 0,24‰ do 0,5‰",řidičem nemotorového vozidla,nehoda pouze s hmotnou škodou,"povrch suchý, neznečistěný",neztížené,"ve dne, viditelnost nezhoršená vlivem povětrnostních podmínek",dobré,v blízkosti přechodu pro chodce (do vzdálenosti 20 m),uzel (křižovatka sledovaná ve vybraných městech),jízdní kolo,"pod vlivem alkoholu, obsah alkoholu v krvi do 0,99 ‰",1,řidič,"bez přilby (pouze u motocyklistů, příp. cyklistů)",muž,bez zraněn,0,0,0,100,1620,16,srpen,neděle,45-60,Brno-sever,16.62624655,49.202352,{C66A3656-0315-4F7B-87B1-36AB0455ABB1}
16.5608221210001,49.242125161,233,1,234,60206121432,-601016.394,-1155187.739,2012/08/12 00:00:00+00,7,2012,8,srážka s jedoucím nekolejovým vozidlem,řidič se plně nevěnoval řízení vozidla,Ne,řidičem nemotorového vozidla,nehoda s následky na životě nebo zdraví,"povrch suchý, neznečistěný",neztížené,"ve dne, viditelnost nezhoršená vlivem povětrnostních podmínek",dobré,žádné nebo žádné z uvedených,komunikace účelová - polní a lesní cesty atd.,jízdní kolo,dobrý -žádné nepříznivé okolnosti nebyly zjiště,1,řidič,"s přilbou (pouze u motocyklistů, příp. cyklistů)",muž,lehké zranění,0,0,1,10,1710,17,srpen,neděle,33-44,Brno-Medlánky,16.56082211,49.24212516,{37395CE0-90CF-46EB-BA8A-9EC636855159}
16.5608221210001,49.242125161,234,1,235,60206121432,-601016.394,-1155187.739,2012/08/12 00:00:00+00,7,2012,8,srážka s jedoucím nekolejovým vozidlem,řidič se plně nevěnoval řízení vozidla,Ne,řidičem nemotorového vozidla,nehoda s následky na životě nebo zdraví,"povrch suchý, neznečistěný",neztížené,"ve dne, viditelnost nezhoršená vlivem povětrnostních podmínek",dobré,žádné nebo žádné z uvedených,komunikace účelová - polní a lesní cesty atd.,jízdní kolo,dobrý -žádné nepříznivé okolnosti nebyly zjiště,1,řidič,"s přilbou (pouze u motocyklistů, příp. cyklistů)",muž,bez zraněn,0,0,1,10,1710,17,srpen,neděle,19-24,Brno-Medlánky,16.56082211,49.24212516,{B3078284-A120-4712-923A-4823FFA1EF1E}
16.595582297,49.1930643960001,235,1,236,60206121489,-599087.413,-1160884.737,2012/08/20 00:00:00+00,1,2012,8,srážka s jedoucím nekolejovým vozidlem,při vjíždění na silnici,Ne,řidičem motorového vozidla,nehoda pouze s hmotnou škodou,"povrch suchý, neznečistěný",neztížené,"ve dne, viditelnost nezhoršená vlivem povětrnostních podmínek",dobré,parkoviště přiléhající ke komunikaci,komunikace sledovaná (ve vybraných městech),jízdní kolo,dobrý -žádné nepříznivé okolnosti nebyly zjiště,1,řidič,"s přilbou (pouze u motocyklistů, příp. cyklistů)",žena,bez zraněn,0,0,0,240,1900,19,srpen,pondělí,24-32,Brno-střed,16.59558229,49.19306439,{37F119B0-984A-4E6A-8A39-41DFDFD4E5E8}
16.556793322,49.221647798,236,1,237,60206121533,-601554.236,-1157419.841,2012/08/27 00:00:00+00,1,2012,8,srážka s jedoucím nekolejovým vozidlem,řidič se plně nevěnoval řízení vozidla,Ne,řidičem nemotorového vozidla,nehoda pouze s hmotnou škodou,"povrch suchý, neznečistěný",neztížené,"ve dne, viditelnost nezhoršená vlivem povětrnostních podmínek",dobré,žádné nebo žádné z uvedených,komunikace místní,jízdní kolo,dobrý -žádné nepříznivé okolnosti nebyly zjiště,1,řidič,"bez přilby (pouze u motocyklistů, příp. cyklistů)",chlapec (do 15 let),bez zraněn,0,0,0,10,1315,13,srpen,pondělí,7-11,Brno-Komín,16.55679331,49.22164779,{A032F0DE-D3E0-4660-86D7-39F2AC183181}
16.6428352680001,49.2120163930001,237,1,238,60206121542,-595437.917,-1159158.863,2012/08/28 00:00:00+00,2,2012,8,havárie,"nepřizpůsobení rychlosti stavu vozovky (náledí, výtluky, bláto, mokrý povrch apod.)","Ano, obsah alkoholu v krvi od 0,24‰ do 0,5‰",řidičem nemotorového vozidla,nehoda s následky na životě nebo zdraví,"povrch suchý, neznečistěný",neztížené,"ve dne, viditelnost nezhoršená vlivem povětrnostních podmínek",dobré,žádné nebo žádné z uvedených,uzel (křižovatka sledovaná ve vybraných městech),jízdní kolo,"pod vlivem alkoholu, obsah alkoholu v krvi do 0,99 ‰",1,řidič,"s přilbou (pouze u motocyklistů, příp. cyklistů)",muž,lehké zranění,0,0,1,0,1650,16,srpen,úterý,45-60,Brno-Maloměřice a Obřany,16.64283526,49.21201639,{67DD9BD4-3BC1-4A96-AB7E-FB2CC576323B}
16.5713061180001,49.2609967720001,238,1,239,60206121543,-600031.005,-1153183.841,2012/08/29 00:00:00+00,3,2012,8,srážka s jedoucím nekolejovým vozidlem,proti příkazu dopravní značky STŮJ DEJ PŘEDNOST,Ne,řidičem motorového vozidla,nehoda s následky na životě nebo zdraví,"povrch suchý, neznečistěný",neztížené,"ve dne, viditelnost nezhoršená vlivem povětrnostních podmínek",dobré,přechod pro chodce,uzel (křižovatka sledovaná ve vybraných městech),jízdní kolo,dobrý -žádné nepříznivé okolnosti nebyly zjiště,1,řidič,"s přilbou (pouze u motocyklistů, příp. cyklistů)",muž,lehké zranění,0,0,1,560,810,8,srpen,středa,45-60,Brno-Ivanovice,16.57130611,49.26099677,{6C4B1FB6-D1D1-4567-A520-195779FE066D}
16.516252498,49.2197638470001,239,1,240,60206121553,-604512.588,-1157308.015,2012/08/30 00:00:00+00,4,2012,8,havárie,řidič se plně nevěnoval řízení vozidla,Nezjišťován,řidičem nemotorového vozidla,nehoda s následky na životě nebo zdraví,"povrch suchý, neznečistěný",neztížené,"ve dne, viditelnost nezhoršená vlivem povětrnostních podmínek",dobré,žádné nebo žádné z uvedených,komunikace místní,jízdní kolo,dobrý -žádné nepříznivé okolnosti nebyly zjiště,1,řidič,"bez přilby (pouze u motocyklistů, příp. cyklistů)",chlapec (do 15 let),lehké zranění,0,0,1,10,1820,18,srpen,čtvrtek,12-15,Brno-Bystrc,16.51625249,49.21976384,{C75DF1A4-06DD-468A-AD1D-7121FFB7E936}
16.6337328440001,49.1901752030001,240,1,241,60206121579,-596357.419,-1161502.708,2012/09/02 00:00:00+00,7,2012,9,srážka s jedoucím nekolejovým vozidlem,proti příkazu dopravní značky STŮJ DEJ PŘEDNOST,Ne,řidičem motorového vozidla,nehoda s následky na životě nebo zdraví,"povrch suchý, neznečistěný",neztížené,"ve dne, viditelnost nezhoršená vlivem povětrnostních podmínek",dobré,přechod pro chodce,uzel (křižovatka sledovaná ve vybraných městech),jízdní kolo,dobrý -žádné nepříznivé okolnosti nebyly zjiště,1,řidič,"s přilbou (pouze u motocyklistů, příp. cyklistů)",žena,těžké zranění,0,1,0,160,1710,17,září,neděle,33-44,Brno-Černovice,16.63373284,49.1901752,{75F03D53-358D-40CD-99F2-E6B66FDD466D}
16.5376901220001,49.194598038,241,1,242,60206121590,-603263.54,-1160259.519,2012/09/04 00:00:00+00,2,2012,9,srážka s jedoucím nekolejovým vozidlem,při vjíždění na silnici,Ne,řidičem motorového vozidla,nehoda s následky na životě nebo zdraví,"povrch suchý, neznečistěný",neztížené,"ve dne, viditelnost nezhoršená vlivem povětrnostních podmínek",dobré,žádné nebo žádné z uvedených,komunikace sledovaná (ve vybraných městech),jízdní kolo,"pod vlivem alkoholu, obsah alkoholu v krvi do 0,99 ‰",1,řidič,"bez přilby (pouze u motocyklistů, příp. cyklistů)",muž,lehké zranění,0,0,1,110,1720,17,září,úterý,45-60,Brno-Kohoutovice,16.53769011,49.19459803,{3D71520D-90BE-40CC-A81B-A0C4A13A8773}
16.5860654630001,49.220353479,242,1,243,60206121592,-599450.023,-1157793.074,2012/09/05 00:00:00+00,3,2012,9,srážka s jedoucím nekolejovým vozidlem,při odbočování vlevo,Ne,řidičem motorového vozidla,nehoda s následky na životě nebo zdraví,"povrch suchý, neznečistěný",neztížené,"ve dne, viditelnost nezhoršená vlivem povětrnostních podmínek",dobré,v blízkosti přechodu pro chodce (do vzdálenosti 20 m),komunikace sledovaná (ve vybraných městech),jízdní kolo,dobrý -žádné nepříznivé okolnosti nebyly zjiště,4,řidič,"s přilbou (pouze u motocyklistů, příp. cyklistů)",muž,lehké zranění,0,0,1,400,855,8,září,středa,33-44,Brno-Královo Pole,16.58606545,49.22035348,{C819A9EA-B437-447E-9556-F7F3247A158F}
16.6257570720001,49.166494056,243,1,244,60206121604,-597217.751,-1164058.641,2012/09/07 00:00:00+00,5,2012,9,srážka s jedoucím nekolejovým vozidlem,proti příkazu dopravní značky DEJ PŘEDNOST,Ne,řidičem motorového vozidla,nehoda s následky na životě nebo zdraví,"povrch suchý, neznečistěný",neztížené,"ve dne, viditelnost nezhoršená vlivem povětrnostních podmínek",dobré,parkoviště přiléhající ke komunikaci,komunikace sledovaná (ve vybraných městech),jízdní kolo,dobrý -žádné nepříznivé okolnosti nebyly zjiště,1,řidič,"bez přilby (pouze u motocyklistů, příp. cyklistů)",muž,lehké zranění,0,0,1,10,750,7,září,pátek,45-60,Brno-jih,16.62575706,49.16649405,{8F09AE79-E0AB-4050-8D6E-863F11960344}
16.7017990850001,49.206159616,244,1,245,60206121614,-591235.833,-1160264.438,2012/09/08 00:00:00+00,6,2012,9,srážka s jedoucím nekolejovým vozidlem,jiný druh nepřiměřené rychlosti,Nezjišťován,řidičem nemotorového vozidla,nehoda s následky na životě nebo zdraví,"povrch suchý, neznečistěný",neztížené,"ve dne, viditelnost nezhoršená vlivem povětrnostních podmínek",dobré,přechod pro chodce,komunikace sledovaná (ve vybraných městech),jízdní kolo,dobrý -žádné nepříznivé okolnosti nebyly zjiště,1,řidič,"bez přilby (pouze u motocyklistů, příp. cyklistů)",muž,lehké zranění,0,0,1,105,1550,15,září,sobota,33-44,Brno-Líšeň,16.70179908,49.20615961,{B9B88C9C-80C6-43E4-871C-7F9730C2E250}
16.6636166370001,49.2002474670001,245,1,246,60206121619,-594072.255,-1160621.92,2012/09/09 00:00:00+00,7,2012,9,srážka s jedoucím nekolejovým vozidlem,při odbočování vlevo,Ne,řidičem motorového vozidla,nehoda s následky na životě nebo zdraví,"povrch suchý, neznečistěný",neztížené,"ve dne, viditelnost nezhoršená vlivem povětrnostních podmínek",dobré,žádné nebo žádné z uvedených,uzel (křižovatka sledovaná ve vybraných městech),jízdní kolo,dobrý -žádné nepříznivé okolnosti nebyly zjiště,1,řidič,"bez přilby (pouze u motocyklistů, příp. cyklistů)",muž,těžké zranění,0,1,0,20,1817,18,září,neděle,45-60,Brno-Vinohrady,16.66361663,49.20024746,{F8344F6D-67BD-4C86-A4CD-75533B16DD20}
16.5709880840001,49.1935700180001,246,1,247,60206121651,-600863.374,-1160635.647,2012/09/13 00:00:00+00,4,2012,9,srážka s jedoucím nekolejovým vozidlem,řidič se plně nevěnoval řízení vozidla,Ne,řidičem motorového vozidla,nehoda s následky na životě nebo zdraví,"povrch suchý, neznečistěný",neztížené,"ve dne, viditelnost nezhoršená vlivem povětrnostních podmínek",dobré,žádné nebo žádné z uvedených,uzel (křižovatka sledovaná ve vybraných městech),jízdní kolo,dobrý -žádné nepříznivé okolnosti nebyly zjiště,1,řidič,"bez přilby (pouze u motocyklistů, příp. cyklistů)",muž,těžké zranění,0,1,0,250,730,7,září,čtvrtek,24-32,Brno-střed,16.57098808,49.19357001,{96CFC836-3EC4-4268-A16A-95F74326DEAA}
16.6548964740001,49.221272454,247,1,248,60206121677,-594454.278,-1158229.396,2012/09/16 00:00:00+00,7,2012,9,havárie,jiný druh nepřiměřené rychlosti,Ne,řidičem nemotorového vozidla,nehoda s následky na životě nebo zdraví,"povrch suchý, neznečistěný",neztížené,"ve dne, viditelnost nezhoršená vlivem povětrnostních podmínek",dobré,žádné nebo žádné z uvedených,komunikace sledovaná (ve vybraných městech),jízdní kolo,dobrý -žádné nepříznivé okolnosti nebyly zjiště,1,řidič,"bez přilby (pouze u motocyklistů, příp. cyklistů)",muž,lehké zranění,0,0,1,10,1700,17,září,neděle,33-44,Brno-Maloměřice a Obřany,16.65489647,49.22127245,{32BE0E20-8B65-4462-B168-086FE9144198}