X,Y,objectid,join_count,target_fid,id,d,e,datum,den,rok,mesic,srazka,pricina,alkohol,zavineni,nasledky,stav_vozovky,povetrnostni_podm,viditelnost,rozhled,misto_nehody,druh_komun,druh_vozidla,stav_ridic,ovlivneni_ridice,osoba,ozn_osoba,pohlavi,nasledek,usmrceno_os,tezce_zran_os,lehce_zran_os,hmotna_skoda,cas,hodina,mesic_t,den_v_tydnu,vek_skupina,nazev,point_x,point_y,globalid
16.555818753,49.2238635750001,248,1,249,60206121689,-601598.161,-1157167.207,2012/09/17 00:00:00+00,1,2012,9,srážka s jedoucím nekolejovým vozidlem,"při předjíždění došlo k ohrožení předjížděného řidiče vozidla (vynucované zařazení, předjížděný řidič musel prudce brzdit, měnit směr jízdy apod.)",Ne,řidičem motorového vozidla,nehoda s následky na životě nebo zdraví,"povrch suchý, neznečistěný",neztížené,"v noci - s veřejným osvětlením, viditelnost nezhoršená vlivem povětrnostních podmínek",dobré,žádné nebo žádné z uvedených,komunikace místní,jízdní kolo,dobrý -žádné nepříznivé okolnosti nebyly zjiště,1,řidič,"s přilbou (pouze u motocyklistů, příp. cyklistů)",muž,lehké zranění,0,0,1,110,1940,19,září,pondělí,24-32,Brno-Komín,16.55581874,49.22386357,{359C0EDC-9FF4-4D45-BCF2-7D3F2B4E9C89}
16.6433146320001,49.2193314880001,249,1,250,60206121691,-595316.161,-1158353.804,2012/09/17 00:00:00+00,1,2012,9,havárie,řidič se plně nevěnoval řízení vozidla,Ne,řidičem nemotorového vozidla,nehoda s následky na životě nebo zdraví,"povrch suchý, neznečistěný",neztížené,"ve dne, viditelnost nezhoršená vlivem povětrnostních podmínek",dobré,žádné nebo žádné z uvedených,komunikace sledovaná (ve vybraných městech),jízdní kolo,dobrý -žádné nepříznivé okolnosti nebyly zjiště,1,řidič,"s přilbou (pouze u motocyklistů, příp. cyklistů)",muž,lehké zranění,0,0,1,0,1830,18,září,pondělí,33-44,Brno-Maloměřice a Obřany,16.64331462,49.21933148,{FC0FACB8-5AEF-4B89-BF40-5D7FE287D10E}
16.6245937310001,49.245471728,250,1,251,60206121700,-596360.28,-1155317.6,2012/09/18 00:00:00+00,2,2012,9,jiný druh nehody,řidič se plně nevěnoval řízení vozidla,Ne,řidičem nemotorového vozidla,nehoda s následky na životě nebo zdraví,"povrch suchý, neznečistěný",neztížené,"ve dne, viditelnost nezhoršená vlivem povětrnostních podmínek",dobré,"výjezd z parkoviště, lesní cesty apod. (pol.36=7,8)",komunikace účelová - polní a lesní cesty atd.,jízdní kolo,dobrý -žádné nepříznivé okolnosti nebyly zjiště,1,řidič,"bez přilby (pouze u motocyklistů, příp. cyklistů)",muž,lehké zranění,0,0,1,10,1520,15,září,úterý,61-70,Brno-sever,16.62459372,49.24547172,{DDA74ECC-F8CF-4572-8C74-6D548EF3ECA4}
16.6285788480001,49.176957418,251,1,252,60206121702,-596888.456,-1162923.847,2012/09/19 00:00:00+00,3,2012,9,srážka s jedoucím nekolejovým vozidlem,jiný druh nesprávného způsobu jízdy,Ne,řidičem nemotorového vozidla,nehoda s následky na životě nebo zdraví,"povrch suchý, neznečistěný",neztížené,"ve dne, viditelnost nezhoršená vlivem povětrnostních podmínek",dobré,žádné nebo žádné z uvedených,komunikace sledovaná (ve vybraných městech),jízdní kolo,dobrý -žádné nepříznivé okolnosti nebyly zjiště,1,řidič,"s přilbou (pouze u motocyklistů, příp. cyklistů)",muž,lehké zranění,0,0,1,110,655,6,září,středa,33-44,Brno-jih,16.62857884,49.17695741,{8D67EABB-833B-4CEA-A32C-F31789CD364A}
16.6499518430001,49.1955533980001,252,1,253,60206121757,-595118.132,-1161034.563,2012/09/25 00:00:00+00,2,2012,9,havárie,jiný druh nepřiměřené rychlosti,Ne,řidičem nemotorového vozidla,nehoda s následky na životě nebo zdraví,"povrch suchý, neznečistěný",neztížené,"v noci - s veřejným osvětlením, viditelnost nezhoršená vlivem povětrnostních podmínek",dobré,"zastávka autobusu, trolejbusu, tramvaje s nástup. ostrůvkem",komunikace sledovaná (ve vybraných městech),jízdní kolo,dobrý -žádné nepříznivé okolnosti nebyly zjiště,1,řidič,"bez přilby (pouze u motocyklistů, příp. cyklistů)",muž,lehké zranění,0,0,1,10,1930,19,září,úterý,45-60,Brno-Židenice,16.64995183,49.19555339,{AF7DEF17-1F6E-4E2F-8E9B-DF7B1A7FCFC8}
16.625478236,49.203680847,253,1,254,60206121760,-596794.562,-1159945.016,2012/09/26 00:00:00+00,3,2012,9,srážka s jedoucím nekolejovým vozidlem,proti příkazu dopravní značky DEJ PŘEDNOST,Ne,řidičem nemotorového vozidla,nehoda s následky na životě nebo zdraví,"povrch suchý, neznečistěný",neztížené,"v noci - s veřejným osvětlením, viditelnost nezhoršená vlivem povětrnostních podmínek",dobré,přechod pro chodce,uzel (křižovatka sledovaná ve vybraných městech),jízdní kolo,dobrý -žádné nepříznivé okolnosti nebyly zjiště,1,řidič,"bez přilby (pouze u motocyklistů, příp. cyklistů)",žena,lehké zranění,0,0,1,220,210,2,září,středa,24-32,Brno-sever,16.62547823,49.20368084,{A5288B15-5109-43B3-B425-1BD83595E548}
16.5864307430001,49.183978472,254,1,255,60206121765,-599859.374,-1161817.42,2012/09/26 00:00:00+00,3,2012,9,havárie,"nepřizpůsobení rychlosti dopravně technickému stavu vozovky (zatáčka, klesání, stoupání, šířka vozovky apod.)",Ne,řidičem nemotorového vozidla,nehoda s následky na životě nebo zdraví,"povrch suchý, neznečistěný",neztížené,"ve dne, viditelnost nezhoršená vlivem povětrnostních podmínek",dobré,žádné nebo žádné z uvedených,komunikace místní,jízdní kolo,dobrý -žádné nepříznivé okolnosti nebyly zjiště,1,řidič,"bez přilby (pouze u motocyklistů, příp. cyklistů)",muž,lehké zranění,0,0,1,20,1320,13,září,středa,45-60,Brno-střed,16.58643073,49.18397847,{AC47417C-0F85-4DFE-A57D-A03CCEDC2CED}
16.591273566,49.229610403,255,1,256,60206121768,-598962.022,-1156810.515,2012/09/26 00:00:00+00,3,2012,9,srážka s jedoucím nekolejovým vozidlem,při odbočování vlevo,Ne,řidičem motorového vozidla,nehoda s následky na životě nebo zdraví,"povrch suchý, neznečistěný",neztížené,"ve dne, viditelnost nezhoršená vlivem povětrnostních podmínek",dobré,žádné nebo žádné z uvedených,komunikace sledovaná (ve vybraných městech),jízdní kolo,dobrý -žádné nepříznivé okolnosti nebyly zjiště,1,řidič,"s přilbou (pouze u motocyklistů, příp. cyklistů)",muž,lehké zranění,0,0,1,1200,1725,17,září,středa,33-44,Brno-Královo Pole,16.59127356,49.2296104,{5AC147F1-89E8-45DD-B4AF-A860374951F2}
16.616494441,49.1883107560001,256,1,257,60206121769,-597628.87,-1161574.115,2012/09/26 00:00:00+00,3,2012,9,srážka s tramvají,proti příkazu dopravní značky DEJ PŘEDNOST,Ne,řidičem nemotorového vozidla,nehoda s následky na životě nebo zdraví,"povrch suchý, neznečistěný",neztížené,"v noci - s veřejným osvětlením, viditelnost nezhoršená vlivem povětrnostních podmínek",dobré,žádné nebo žádné z uvedených,uzel (křižovatka sledovaná ve vybraných městech),jízdní kolo,dobrý -žádné nepříznivé okolnosti nebyly zjiště,1,řidič,"bez přilby (pouze u motocyklistů, příp. cyklistů)",muž,těžké zranění,0,1,0,70,1910,19,září,středa,19-24,Brno-střed,16.61649443,49.18831075,{8F963342-DAB1-4D73-8B8D-BF26E375C789}
16.5845402300001,49.2225994290001,257,1,258,60206121803,-599533.562,-1157532.799,2012/10/01 00:00:00+00,1,2012,10,srážka s jedoucím nekolejovým vozidlem,při odbočování vlevo,Ne,řidičem motorového vozidla,nehoda s následky na životě nebo zdraví,"povrch suchý, neznečistěný",neztížené,"ve dne, viditelnost nezhoršená vlivem povětrnostních podmínek",dobré,přechod pro chodce,komunikace sledovaná (ve vybraných městech),jízdní kolo,dobrý -žádné nepříznivé okolnosti nebyly zjiště,1,řidič,"bez přilby (pouze u motocyklistů, příp. cyklistů)",muž,lehké zranění,0,0,1,100,1615,16,říjen,pondělí,19-24,Brno-Královo Pole,16.58454022,49.22259943,{77AC3C25-297E-4A52-AF7E-397791023F52}
16.616586618,49.165891662,258,1,259,60206121829,-597889.8,-1164053.501,2012/10/04 00:00:00+00,4,2012,10,srážka s jedoucím nekolejovým vozidlem,řidič se plně nevěnoval řízení vozidla,Ne,řidičem motorového vozidla,nehoda s následky na životě nebo zdraví,"povrch suchý, neznečistěný",neztížené,"ve dne, viditelnost nezhoršená vlivem povětrnostních podmínek",dobré,v blízkosti přechodu pro chodce (do vzdálenosti 20 m),uzel (křižovatka sledovaná ve vybraných městech),jízdní kolo,dobrý -žádné nepříznivé okolnosti nebyly zjiště,1,řidič,"bez přilby (pouze u motocyklistů, příp. cyklistů)",muž,lehké zranění,0,0,1,210,1036,10,říjen,čtvrtek,71 a více,Brno-jih,16.61658661,49.16589166,{80F24279-434B-423C-A3AE-28616DFB9984}
16.674025538,49.2053282890001,259,1,260,60206121834,-593257.85,-1160141.033,2012/10/05 00:00:00+00,5,2012,10,srážka s chodcem,nezaviněná řidičem,Ne,chodcem,nehoda s následky na životě nebo zdraví,"povrch suchý, neznečistěný",neztížené,"ve dne, viditelnost nezhoršená vlivem povětrnostních podmínek",dobré,žádné nebo žádné z uvedených,komunikace místní,jízdní kolo,dobrý -žádné nepříznivé okolnosti nebyly zjiště,1,řidič,"s přilbou (pouze u motocyklistů, příp. cyklistů)",muž,lehké zranění,0,1,1,60,700,7,říjen,pátek,24-32,Brno-Líšeň,16.67402553,49.20532829,{8DB022A6-EB68-49F9-9019-3536B99B0CB1}
16.619982126,49.198321498,260,1,261,60206121853,-597256.679,-1160494.597,2012/10/06 00:00:00+00,6,2012,10,havárie,řidič se plně nevěnoval řízení vozidla,Nezjišťován,řidičem nemotorového vozidla,nehoda s následky na životě nebo zdraví,"povrch suchý, neznečistěný",neztížené,"v noci - s veřejným osvětlením, viditelnost nezhoršená vlivem povětrnostních podmínek",dobré,žádné nebo žádné z uvedených,komunikace sledovaná (ve vybraných městech),jízdní kolo,dobrý -žádné nepříznivé okolnosti nebyly zjiště,1,řidič,"bez přilby (pouze u motocyklistů, příp. cyklistů)",muž,těžké zranění,0,1,0,0,2115,21,říjen,sobota,61-70,Brno-střed,16.61998212,49.19832149,{4C3D5570-1B7B-4A3B-8CC8-C9762C9FA1A3}
16.6288421520001,49.188858731,261,1,262,60206121864,-596727.521,-1161610.066,2012/10/08 00:00:00+00,1,2012,10,jiný druh nehody,při vjíždění na silnici,Ne,řidičem nemotorového vozidla,nehoda s následky na životě nebo zdraví,"povrch suchý, neznečistěný",neztížené,"ve dne, viditelnost nezhoršená vlivem povětrnostních podmínek",dobré,žádné nebo žádné z uvedených,komunikace sledovaná (ve vybraných městech),jízdní kolo,dobrý -žádné nepříznivé okolnosti nebyly zjiště,1,řidič,"s přilbou (pouze u motocyklistů, příp. cyklistů)",muž,lehké zranění,0,0,1,300,1130,11,říjen,pondělí,45-60,Brno-Černovice,16.62884214,49.18885873,{8C72157C-979F-419E-9E21-B788723B0806}
16.584306795,49.1734566160001,262,1,263,60206121880,-600139.391,-1162963.985,2012/10/11 00:00:00+00,4,2012,10,srážka s jedoucím nekolejovým vozidlem,proti příkazu dopravní značky DEJ PŘEDNOST,Ne,řidičem motorového vozidla,nehoda s následky na životě nebo zdraví,"povrch suchý, neznečistěný",neztížené,"v noci - s veřejným osvětlením, viditelnost nezhoršená vlivem povětrnostních podmínek",dobré,v blízkosti přechodu pro chodce (do vzdálenosti 20 m),uzel (křižovatka sledovaná ve vybraných městech),jízdní kolo,dobrý -žádné nepříznivé okolnosti nebyly zjiště,1,řidič,"s přilbou (pouze u motocyklistů, příp. cyklistů)",muž,lehké zranění,0,0,1,20,515,5,říjen,čtvrtek,45-60,Brno-Bohunice,16.58430679,49.17345661,{2AF74322-424D-4426-854D-EF509679FDE7}
16.6423421280001,49.178945963,263,1,264,60206121920,-595867.146,-1162811.444,2012/10/16 00:00:00+00,2,2012,10,jiný druh nehody,řidič se plně nevěnoval řízení vozidla,"Ano, obsah alkoholu v krvi do 0,24 ‰",řidičem nemotorového vozidla,nehoda s následky na životě nebo zdraví,povrch mokrý,neztížené,"ve dne, viditelnost nezhoršená vlivem povětrnostních podmínek",dobré,žádné nebo žádné z uvedených,komunikace místní,jízdní kolo,"pod vlivem alkoholu, obsah alkoholu v krvi do 0,99 ‰",0,řidič,"bez přilby (pouze u motocyklistů, příp. cyklistů)",muž,lehké zranění,0,0,1,20,1520,15,říjen,úterý,45-60,Brno-Černovice,16.64234212,49.17894596,{873A3953-665D-464E-8D6E-85A0F191D349}
16.6145032950001,49.2086386920001,264,1,265,60206121922,-597530.452,-1159311.068,2012/10/16 00:00:00+00,2,2012,10,srážka s jedoucím nekolejovým vozidlem,vozidlu přijíždějícímu zprava,Ne,řidičem motorového vozidla,nehoda s následky na životě nebo zdraví,"povrch suchý, neznečistěný",neztížené,"ve dne, viditelnost nezhoršená vlivem povětrnostních podmínek",dobré,žádné nebo žádné z uvedených,komunikace místní,jízdní kolo,dobrý -žádné nepříznivé okolnosti nebyly zjiště,1,řidič,"bez přilby (pouze u motocyklistů, příp. cyklistů)",muž,usmrcení,1,0,0,150,1730,17,říjen,úterý,71 a více,Brno-sever,16.61450329,49.20863869,{702988EC-71C5-4AF9-AD7D-9BEEC723F673}
16.612084709,49.197055226,265,1,266,60206121936,-597843.994,-1160572.815,2012/10/17 00:00:00+00,3,2012,10,"srážka s vozidlem zaparkovaným, odstaveným",nezvládnutí řízení vozidla,Nezjišťován,řidičem nemotorového vozidla,nehoda s následky na životě nebo zdraví,"povrch suchý, neznečistěný",neztížené,"v noci - s veřejným osvětlením, viditelnost nezhoršená vlivem povětrnostních podmínek",dobré,parkoviště přiléhající ke komunikaci,komunikace sledovaná (ve vybraných městech),jízdní kolo,dobrý -žádné nepříznivé okolnosti nebyly zjiště,1,řidič,"bez přilby (pouze u motocyklistů, příp. cyklistů)",muž,lehké zranění,0,0,1,210,2105,21,říjen,středa,33-44,Brno-střed,16.6120847,49.19705522,{990325A3-5958-49E1-9185-985225C5C1FA}
16.557475106,49.2101504820001,266,1,267,60206122045,-601643.101,-1158696.259,2012/11/02 00:00:00+00,5,2012,11,jiný druh nehody,řidič se plně nevěnoval řízení vozidla,Ne,řidičem motorového vozidla,nehoda s následky na životě nebo zdraví,povrch mokrý,"na počátku deště, slabý déšť, mrholení apod.","v noci - s veřejným osvětlením, viditelnost nezhoršená vlivem povětrnostních podmínek",dobré,přechod pro chodce,komunikace sledovaná (ve vybraných městech),jízdní kolo,dobrý -žádné nepříznivé okolnosti nebyly zjiště,1,řidič,"bez přilby (pouze u motocyklistů, příp. cyklistů)",muž,lehké zranění,0,0,1,170,1705,17,listopad,pátek,61-70,Brno-Žabovřesky,16.5574751,49.21015048,{D04ED44B-14CA-4AD2-AB2B-C56C76E6F08D}
16.5537185260001,49.2175679000001,267,1,268,60206122086,-601825.966,-1157846.657,2012/11/07 00:00:00+00,3,2012,11,srážka s jedoucím nekolejovým vozidlem,řidič se plně nevěnoval řízení vozidla,Ne,řidičem nemotorového vozidla,nehoda s následky na životě nebo zdraví,"povrch suchý, neznečistěný",neztížené,"v noci - s veřejným osvětlením, viditelnost nezhoršená vlivem povětrnostních podmínek",dobré,přechod pro chodce,komunikace sledovaná (ve vybraných městech),jízdní kolo,dobrý -žádné nepříznivé okolnosti nebyly zjiště,1,řidič,"bez přilby (pouze u motocyklistů, příp. cyklistů)",žena,lehké zranění,0,0,1,500,1650,16,listopad,středa,45-60,Brno-Komín,16.55371852,49.2175679,{B4BF3C5C-E4CC-46D8-BE99-316BE2985FBF}
16.644774576,49.2234590100001,268,1,269,60206122093,-595161.325,-1157908.819,2012/11/08 00:00:00+00,4,2012,11,"srážka s vozidlem zaparkovaným, odstaveným",řidič se plně nevěnoval řízení vozidla,"Ano, obsah alkoholu v krvi do 0,24 ‰",řidičem nemotorového vozidla,nehoda s následky na životě nebo zdraví,"povrch suchý, neznečistěný",neztížené,"ve dne, viditelnost nezhoršená vlivem povětrnostních podmínek",dobré,"zastávka autobusu, trolejbusu, tramvaje s nástup. ostrůvkem",komunikace sledovaná (ve vybraných městech),jízdní kolo,"pod vlivem alkoholu, obsah alkoholu v krvi do 0,99 ‰",1,řidič,"bez přilby (pouze u motocyklistů, příp. cyklistů)",muž,lehké zranění,0,0,1,210,1515,15,listopad,čtvrtek,33-44,Brno-Maloměřice a Obřany,16.64477457,49.22345901,{63D85103-0F57-4E69-A3C2-BB7DBBEFDD98}
16.584898574,49.220011277,269,1,270,60206122110,-599538.627,-1157821.748,2012/11/10 00:00:00+00,6,2012,11,havárie,řidič se plně nevěnoval řízení vozidla,Ne,řidičem nemotorového vozidla,nehoda s následky na životě nebo zdraví,"povrch suchý, neznečistěný",neztížené,"ve dne, viditelnost nezhoršená vlivem povětrnostních podmínek",dobré,žádné nebo žádné z uvedených,komunikace místní,jízdní kolo,dobrý -žádné nepříznivé okolnosti nebyly zjiště,1,řidič,"bez přilby (pouze u motocyklistů, příp. cyklistů)",muž,lehké zranění,0,0,1,5,1515,15,listopad,sobota,24-32,Brno-Královo Pole,16.58489857,49.22001127,{51078541-86BF-4E9C-9AEF-5965A73E46BA}
16.606150783,49.204807513,270,1,271,60206122123,-598181.276,-1159669.267,2012/11/12 00:00:00+00,1,2012,11,srážka s jedoucím nekolejovým vozidlem,jiný druh nesprávného způsobu jízdy,Ne,řidičem motorového vozidla,nehoda s následky na životě nebo zdraví,povrch mokrý,neztížené,"ve dne, viditelnost nezhoršená vlivem povětrnostních podmínek",dobré,žádné nebo žádné z uvedených,komunikace sledovaná (ve vybraných městech),jízdní kolo,dobrý -žádné nepříznivé okolnosti nebyly zjiště,1,řidič,"s přilbou (pouze u motocyklistů, příp. cyklistů)",muž,lehké zranění,0,0,1,60,955,9,listopad,pondělí,24-32,Brno-střed,16.60615077,49.20480751,{ECD3A831-C783-455E-BB0A-192230F9F6CA}
16.5150341240001,49.2277067890001,271,1,272,60206122144,-604504.819,-1156420.317,2012/11/14 00:00:00+00,3,2012,11,srážka s chodcem,"nepřizpůsobení rychlosti dopravně technickému stavu vozovky (zatáčka, klesání, stoupání, šířka vozovky apod.)",Ne,řidičem nemotorového vozidla,nehoda s následky na životě nebo zdraví,"povrch suchý, neznečistěný",neztížené,"ve dne, viditelnost nezhoršená vlivem povětrnostních podmínek",dobré,žádné nebo žádné z uvedených,komunikace místní,jízdní kolo,dobrý -žádné nepříznivé okolnosti nebyly zjiště,1,řidič,"bez přilby (pouze u motocyklistů, příp. cyklistů)",muž,bez zraněn,0,0,1,40,1435,14,listopad,středa,19-24,Brno-Bystrc,16.51503412,49.22770679,{44ACB4EA-06A2-4972-8EBE-163146167C6A}
16.5873014360001,49.235481523,272,1,273,60206122205,-599179.288,-1156130.267,2012/11/22 00:00:00+00,4,2012,11,srážka s jedoucím nekolejovým vozidlem,při odbočování vlevo,Ne,řidičem motorového vozidla,nehoda s následky na životě nebo zdraví,"povrch suchý, neznečistěný",neztížené,"ve dne, viditelnost nezhoršená vlivem povětrnostních podmínek",dobré,žádné nebo žádné z uvedených,uzel (křižovatka sledovaná ve vybraných městech),jízdní kolo,dobrý -žádné nepříznivé okolnosti nebyly zjiště,1,řidič,"s přilbou (pouze u motocyklistů, příp. cyklistů)",muž,lehké zranění,0,0,1,230,1355,13,listopad,čtvrtek,33-44,Brno-Řečkovice a Mokrá Hora,16.58730143,49.23548152,{51E9B43E-9782-47B5-9662-27DA14E8FA4B}
16.5807931200001,49.2139967640001,273,1,274,60206122239,-599908.044,-1158454.452,2012/11/27 00:00:00+00,2,2012,11,srážka s jedoucím nekolejovým vozidlem,vozidlu přijíždějícímu zprava,Ne,řidičem motorového vozidla,nehoda s následky na životě nebo zdraví,"povrch suchý, neznečistěný",neztížené,"v noci - s veřejným osvětlením, viditelnost nezhoršená vlivem povětrnostních podmínek",dobré,žádné nebo žádné z uvedených,komunikace sledovaná (ve vybraných městech),jízdní kolo,dobrý -žádné nepříznivé okolnosti nebyly zjiště,1,řidič,"bez přilby (pouze u motocyklistů, příp. cyklistů)",muž,lehké zranění,0,0,1,10,1605,16,listopad,úterý,61-70,Brno-Žabovřesky,16.58079311,49.21399676,{F23339D3-7CF4-417D-8C38-837FBABBCF9F}
16.603266304,49.207544856,274,1,275,60206122278,-598357.506,-1159344.036,2012/12/04 00:00:00+00,2,2012,12,srážka s jedoucím nekolejovým vozidlem,jiný druh nesprávného způsobu jízdy,Ne,řidičem motorového vozidla,nehoda s následky na životě nebo zdraví,povrch mokrý,déšť,"v noci - s veřejným osvětlením, zhoršená viditelnost vlivem povětrnostních podmínek (mlha, déšť, sněžení apod.)",dobré,žádné nebo žádné z uvedených,komunikace sledovaná (ve vybraných městech),jízdní kolo,dobrý -žádné nepříznivé okolnosti nebyly zjiště,1,řidič,"bez přilby (pouze u motocyklistů, příp. cyklistů)",muž,lehké zranění,0,0,1,30,1850,18,prosinec,úterý,24-32,Brno-střed,16.6032663,49.20754485,{8238D3DF-A431-48D3-87AF-185705D9AFFA}
16.6240329400001,49.2106839310001,275,1,276,60206122341,-596815.75,-1159159.447,2012/12/12 00:00:00+00,3,2012,12,srážka s jedoucím nekolejovým vozidlem,řidič se plně nevěnoval řízení vozidla,Ne,řidičem motorového vozidla,nehoda s následky na životě nebo zdraví,"povrch suchý, neznečistěný",neztížené,"v noci - s veřejným osvětlením, viditelnost nezhoršená vlivem povětrnostních podmínek",dobré,žádné nebo žádné z uvedených,komunikace sledovaná (ve vybraných městech),jízdní kolo,dobrý -žádné nepříznivé okolnosti nebyly zjiště,1,řidič,"s přilbou (pouze u motocyklistů, příp. cyklistů)",muž,lehké zranění,0,0,1,210,1855,18,prosinec,středa,45-60,Brno-sever,16.62403293,49.21068393,{EBED22B2-F419-4EF2-882A-059A42403998}
16.594337189,49.216232555,276,1,277,60206130015,-598900.325,-1158313.559,2013/01/04 00:00:00+00,5,2013,1,srážka s jedoucím nekolejovým vozidlem,při odbočování vlevo,Ne,řidičem motorového vozidla,nehoda s následky na životě nebo zdraví,"povrch suchý, neznečistěný",neztížené,"ve dne, viditelnost nezhoršená vlivem povětrnostních podmínek",dobré,žádné nebo žádné z uvedených,komunikace sledovaná (ve vybraných městech),jízdní kolo,dobrý -žádné nepříznivé okolnosti nebyly zjiště,1,řidič,"s přilbou (pouze u motocyklistů, příp. cyklistů)",muž,lehké zranění,0,0,1,500,1405,14,leden,pátek,61-70,Brno-Královo Pole,16.59433718,49.21623255,{CB08998F-572F-41A0-92A0-EE4B0E8E3794}
16.5365528070001,49.2216454900001,277,1,278,60206130016,-603019.914,-1157260.485,2013/01/04 00:00:00+00,5,2013,1,jiný druh nehody,jiné nedání přednosti,Ne,řidičem motorového vozidla,nehoda s následky na životě nebo zdraví,"povrch suchý, neznečistěný",neztížené,"ve dne, viditelnost nezhoršená vlivem povětrnostních podmínek",dobré,přechod pro chodce,komunikace sledovaná (ve vybraných městech),jízdní kolo,dobrý -žádné nepříznivé okolnosti nebyly zjiště,1,řidič,"bez přilby (pouze u motocyklistů, příp. cyklistů)",muž,lehké zranění,0,0,1,100,1420,14,leden,pátek,45-60,Brno-Komín,16.5365528,49.22164549,{0C9045A3-6262-4BF1-A2C4-6EFB301E8DDE}
16.614604043,49.1996957320001,278,1,279,60206130303,-597629.93,-1160300.595,2013/02/20 00:00:00+00,3,2013,2,srážka s chodcem,řidič se plně nevěnoval řízení vozidla,Nezjišťován,řidičem nemotorového vozidla,nehoda s následky na životě nebo zdraví,"povrch suchý, neznečistěný",neztížené,"ve dne, viditelnost nezhoršená vlivem povětrnostních podmínek",dobré,žádné nebo žádné z uvedených,komunikace sledovaná (ve vybraných městech),jízdní kolo,dobrý -žádné nepříznivé okolnosti nebyly zjiště,1,řidič,"s přilbou (pouze u motocyklistů, příp. cyklistů)",muž,bez zraněn,0,0,1,0,1600,16,únor,středa,19-24,Brno-střed,16.61460403,49.19969573,{06B31796-A7F7-49A3-945C-DBA33A2589E8}
16.6698739440001,49.211666296,279,1,280,60206130405,-593483.465,-1159407.993,2013/03/07 00:00:00+00,4,2013,3,havárie,nezvládnutí řízení vozidla,Ne,řidičem nemotorového vozidla,nehoda s následky na životě nebo zdraví,"povrch suchý, neznečistěný",neztížené,"v noci - bez veřejného osvětlení, viditelnost nezhoršená vlivem povětrnostních podmínek",dobré,žádné nebo žádné z uvedených,komunikace místní,jízdní kolo,dobrý -žádné nepříznivé okolnosti nebyly zjiště,1,řidič,"bez přilby (pouze u motocyklistů, příp. cyklistů)",muž,těžké zranění,0,1,0,20,1715,17,březen,čtvrtek,45-60,Brno-Vinohrady,16.66987394,49.21166629,{E927AF62-AFF8-4172-BADA-0BABBB9E4398}
16.597236809,49.1633107750001,280,1,281,60206130606,-599323.531,-1164187.196,2013/04/09 00:00:00+00,2,2013,4,srážka s jedoucím nekolejovým vozidlem,chyby při udání směru jízdy,Ne,řidičem motorového vozidla,nehoda s následky na životě nebo zdraví,"povrch suchý, neznečistěný",neztížené,"ve dne, viditelnost nezhoršená vlivem povětrnostních podmínek",dobré,žádné nebo žádné z uvedených,uzel (křižovatka sledovaná ve vybraných městech),jízdní kolo,dobrý -žádné nepříznivé okolnosti nebyly zjiště,1,řidič,"s přilbou (pouze u motocyklistů, příp. cyklistů)",muž,lehké zranění,0,0,1,400,615,6,duben,úterý,45-60,Brno-jih,16.5972368,49.16331077,{281F57E7-DABC-4BF0-A220-0F165EC6A9A2}
16.5893363430001,49.252290499,281,1,282,60206130607,-598830.653,-1154287.873,2013/04/09 00:00:00+00,2,2013,4,srážka s jedoucím nekolejovým vozidlem,proti příkazu dopravní značky STŮJ DEJ PŘEDNOST,Ne,řidičem motorového vozidla,nehoda s následky na životě nebo zdraví,"povrch suchý, neznečistěný",neztížené,"ve dne, viditelnost nezhoršená vlivem povětrnostních podmínek",dobré,žádné nebo žádné z uvedených,komunikace sledovaná (ve vybraných městech),jízdní kolo,dobrý -žádné nepříznivé okolnosti nebyly zjiště,1,řidič,"s přilbou (pouze u motocyklistů, příp. cyklistů)",muž,lehké zranění,0,0,1,600,710,7,duben,úterý,24-32,Brno-Řečkovice a Mokrá Hora,16.58933633,49.2522905,{8EBECFC0-5CDD-4023-A4E4-69FA25EECC4E}
16.5970175530001,49.2203650000001,282,1,283,60206130638,-598656.754,-1157877.697,2013/04/13 00:00:00+00,6,2013,4,jiný druh nehody,nepřizpůsobení rychlosti vlastnostem vozidla a nákladu,Ne,řidičem nemotorového vozidla,nehoda s následky na životě nebo zdraví,"povrch suchý, neznečistěný",neztížené,"ve dne, viditelnost nezhoršená vlivem povětrnostních podmínek",dobré,v blízkosti přechodu pro chodce (do vzdálenosti 20 m),uzel (křižovatka sledovaná ve vybraných městech),jízdní kolo,dobrý -žádné nepříznivé okolnosti nebyly zjiště,1,řidič,"s přilbou (pouze u motocyklistů, příp. cyklistů)",žena,lehké zranění,0,0,1,10,1840,18,duben,sobota,19-24,Brno-Královo Pole,16.59701754,49.220365,{F831A12A-6493-4786-9ED4-BA30E6D78056}
16.663601655,49.20024928,283,1,284,60206130661,-594073.319,-1160621.603,2013/04/16 00:00:00+00,2,2013,4,srážka s jedoucím nekolejovým vozidlem,proti příkazu dopravní značky STŮJ DEJ PŘEDNOST,Ne,řidičem motorového vozidla,nehoda s následky na životě nebo zdraví,"povrch suchý, neznečistěný",neztížené,"ve dne, viditelnost nezhoršená vlivem povětrnostních podmínek",dobré,žádné nebo žádné z uvedených,uzel (křižovatka sledovaná ve vybraných městech),jízdní kolo,dobrý -žádné nepříznivé okolnosti nebyly zjiště,1,řidič,"s přilbou (pouze u motocyklistů, příp. cyklistů)",žena,lehké zranění,0,0,1,110,625,6,duben,úterý,24-32,Brno-Vinohrady,16.66360165,49.20024928,{7D6111ED-9047-4F0A-BB95-7AA81D262942}