X,Y,objectid,join_count,target_fid,id,d,e,datum,den,rok,mesic,srazka,pricina,alkohol,zavineni,nasledky,stav_vozovky,povetrnostni_podm,viditelnost,rozhled,misto_nehody,druh_komun,druh_vozidla,stav_ridic,ovlivneni_ridice,osoba,ozn_osoba,pohlavi,nasledek,usmrceno_os,tezce_zran_os,lehce_zran_os,hmotna_skoda,cas,hodina,mesic_t,den_v_tydnu,vek_skupina,nazev,point_x,point_y,globalid
16.7149212630001,49.20360845,284,1,285,60206130667,-590315.204,-1160648.014,2013/04/16 00:00:00+00,2,2013,4,jiný druh nehody,"bezohledná, agresivní, neohleduplná jízda",Ne,řidičem motorového vozidla,nehoda pouze s hmotnou škodou,"povrch suchý, neznečistěný",neztížené,"ve dne, viditelnost nezhoršená vlivem povětrnostních podmínek",dobré,žádné nebo žádné z uvedených,komunikace místní,jízdní kolo,dobrý -žádné nepříznivé okolnosti nebyly zjiště,1,řidič,"s přilbou (pouze u motocyklistů, příp. cyklistů)",dívka (do 15 let),bez zraněn,0,0,0,10,1450,14,duben,úterý,0-6,Brno-Líšeň,16.71492125,49.20360845,{B7A73B1C-06D0-435C-8FBC-79F5B3439AEA}
16.583081882,49.2437403120001,285,1,286,60206130737,-599385.776,-1155184.097,2013/04/24 00:00:00+00,3,2013,4,srážka s jedoucím nekolejovým vozidlem,vozidlu přijíždějícímu zprava,Ne,řidičem motorového vozidla,nehoda s následky na životě nebo zdraví,"povrch suchý, neznečistěný",neztížené,"ve dne, viditelnost nezhoršená vlivem povětrnostních podmínek",dobré,žádné nebo žádné z uvedených,komunikace místní,jízdní kolo,dobrý -žádné nepříznivé okolnosti nebyly zjiště,1,řidič,"s přilbou (pouze u motocyklistů, příp. cyklistů)",muž,lehké zranění,0,0,1,410,1700,17,duben,středa,19-24,Brno-Řečkovice a Mokrá Hora,16.58308187,49.24374031,{5947B6A2-F039-4D8F-A6ED-EE6768F43802}
16.5945548930001,49.2242524120001,286,1,287,60206130748,-598788.568,-1157428.609,2013/04/25 00:00:00+00,4,2013,4,srážka s jedoucím nekolejovým vozidlem,při odbočování vlevo,Ne,řidičem motorového vozidla,nehoda pouze s hmotnou škodou,"povrch suchý, neznečistěný",neztížené,"v noci - s veřejným osvětlením, viditelnost nezhoršená vlivem povětrnostních podmínek",dobré,v blízkosti přechodu pro chodce (do vzdálenosti 20 m),uzel (křižovatka sledovaná ve vybraných městech),jízdní kolo,"pod vlivem alkoholu, obsah alkoholu v krvi do 0,99 ‰",0,řidič,"bez přilby (pouze u motocyklistů, příp. cyklistů)",muž,bez zraněn,0,0,0,220,2315,23,duben,čtvrtek,24-32,Brno-Královo Pole,16.59455488,49.22425241,{4C0E80AC-DF7D-4EED-9D9E-B9A3594C6609}
16.670960345,49.183114593,287,1,288,60206130757,-593743.312,-1162573.375,2013/04/26 00:00:00+00,5,2013,4,srážka s jedoucím nekolejovým vozidlem,při odbočování vlevo,Ne,řidičem motorového vozidla,nehoda s následky na životě nebo zdraví,"povrch suchý, neznečistěný",neztížené,"v noci - s veřejným osvětlením, viditelnost nezhoršená vlivem povětrnostních podmínek",dobré,čerpadlo pohonných hmot,komunikace sledovaná (ve vybraných městech),jízdní kolo,dobrý -žádné nepříznivé okolnosti nebyly zjiště,1,řidič,"bez přilby (pouze u motocyklistů, příp. cyklistů)",muž,lehké zranění,0,0,1,110,2145,21,duben,pátek,24-32,Brno-Slatina,16.67096034,49.18311459,{DDD18248-5336-4981-B958-23DE752B6915}
16.5818748610001,49.243355326,288,1,289,60206130773,-599477.759,-1155217.187,2013/04/29 00:00:00+00,1,2013,4,srážka s jedoucím nekolejovým vozidlem,proti příkazu dopravní značky DEJ PŘEDNOST,Ne,řidičem motorového vozidla,nehoda s následky na životě nebo zdraví,"povrch suchý, neznečistěný",neztížené,"ve dne, viditelnost nezhoršená vlivem povětrnostních podmínek",dobré,v blízkosti přechodu pro chodce (do vzdálenosti 20 m),uzel (křižovatka sledovaná ve vybraných městech),jízdní kolo,dobrý -žádné nepříznivé okolnosti nebyly zjiště,1,řidič,"s přilbou (pouze u motocyklistů, příp. cyklistů)",muž,lehké zranění,0,0,1,120,1640,16,duben,pondělí,24-32,Brno-Řečkovice a Mokrá Hora,16.58187485,49.24335532,{94319EFC-86A0-4E4E-BD97-F3359C3D9C5D}
16.5723532220001,49.249373791,289,1,290,60206130776,-600094.734,-1154477.043,2013/04/20 00:00:00+00,6,2013,4,srážka s jedoucím nekolejovým vozidlem,při vjíždění na silnici,Nezjišťován,řidičem motorového vozidla,nehoda s následky na životě nebo zdraví,"povrch suchý, neznečistěný",neztížené,"ve dne, viditelnost nezhoršená vlivem povětrnostních podmínek",dobré,parkoviště přiléhající ke komunikaci,komunikace místní,jízdní kolo,dobrý -žádné nepříznivé okolnosti nebyly zjiště,1,řidič,"s přilbou (pouze u motocyklistů, příp. cyklistů)",žena,lehké zranění,0,0,1,230,1300,13,duben,sobota,24-32,Brno-Řečkovice a Mokrá Hora,16.57235321,49.24937379,{C98090A4-D148-4F16-8C9F-0F87D95F85AC}
16.4757205710001,49.232170378,290,1,291,60206130783,-607296.821,-1155615.007,2013/04/30 00:00:00+00,2,2013,4,havárie,jiný druh nepřiměřené rychlosti,Ne,řidičem nemotorového vozidla,nehoda s následky na životě nebo zdraví,"povrch suchý, neznečistěný",neztížené,"ve dne, viditelnost nezhoršená vlivem povětrnostních podmínek",dobré,žádné nebo žádné z uvedených,komunikace účelová - polní a lesní cesty atd.,jízdní kolo,dobrý -žádné nepříznivé okolnosti nebyly zjiště,1,řidič,"s přilbou (pouze u motocyklistů, příp. cyklistů)",žena,těžké zranění,0,1,0,10,1755,17,duben,úterý,45-60,Brno-Bystrc,16.47572056,49.23217037,{1987F30D-75BE-4330-9B7C-27EFD0DAE522}
16.6045491730001,49.189216824,291,1,292,60206130789,-598483.677,-1161380.412,2013/05/01 00:00:00+00,3,2013,5,srážka s jedoucím nekolejovým vozidlem,nezvládnutí řízení vozidla,"Ano, obsah alkoholu v krvi 1,5‰ a více",řidičem nemotorového vozidla,nehoda pouze s hmotnou škodou,"povrch suchý, neznečistěný",neztížené,"v noci - s veřejným osvětlením, viditelnost nezhoršená vlivem povětrnostních podmínek",dobré,žádné nebo žádné z uvedených,komunikace sledovaná (ve vybraných městech),jízdní kolo,pod vlivem alkoholu obsah alkoholu v krvi 1 ‰ a víc,1,řidič,"s přilbou (pouze u motocyklistů, příp. cyklistů)",žena,bez zraněn,0,0,0,60,2105,21,květen,středa,19-24,Brno-střed,16.60454916,49.18921682,{D3835C1E-127D-42B8-92E7-B862ECA1C95D}
16.653806683,49.1961346370001,292,1,293,60206130829,-594831.901,-1161000.323,2013/05/08 00:00:00+00,3,2013,5,havárie,"nepřizpůsobení rychlosti stavu vozovky (náledí, výtluky, bláto, mokrý povrch apod.)",Nezjišťován,řidičem nemotorového vozidla,nehoda s následky na životě nebo zdraví,povrch mokrý,neztížené,"v noci - s veřejným osvětlením, viditelnost nezhoršená vlivem povětrnostních podmínek",dobré,žádné nebo žádné z uvedených,komunikace sledovaná (ve vybraných městech),jízdní kolo,dobrý -žádné nepříznivé okolnosti nebyly zjiště,1,řidič,"s přilbou (pouze u motocyklistů, příp. cyklistů)",žena,lehké zranění,0,0,1,50,20,2,květen,středa,24-32,Brno-Židenice,16.65380667,49.19613463,{EC743A3A-73DB-4B48-B248-BEE5155D2A90}
16.6256929780001,49.2033325250001,293,1,294,60206130885,-596783.158,-1159985.205,2013/04/17 00:00:00+00,3,2013,4,havárie,jiný druh nepřiměřené rychlosti,"Ano, obsah alkoholu v krvi 1,5‰ a více",řidičem nemotorového vozidla,nehoda s následky na životě nebo zdraví,"povrch suchý, neznečistěný",neztížené,"v noci - s veřejným osvětlením, viditelnost nezhoršená vlivem povětrnostních podmínek",dobré,žádné nebo žádné z uvedených,komunikace sledovaná (ve vybraných městech),jízdní kolo,pod vlivem alkoholu obsah alkoholu v krvi 1 ‰ a víc,1,řidič,"bez přilby (pouze u motocyklistů, příp. cyklistů)",muž,lehké zranění,0,0,1,10,2355,23,duben,středa,33-44,Brno-sever,16.62569297,49.20333252,{40F73B87-EF66-4F7C-A202-3A0E21F4CA28}
16.63776498,49.218643119,294,1,295,60206130889,-595726.289,-1158386.647,2013/05/15 00:00:00+00,3,2013,5,srážka s jedoucím nekolejovým vozidlem,"jízda po nesprávné straně vozovky, vjetí do protisměru",Nezjišťován,řidičem nemotorového vozidla,nehoda s následky na životě nebo zdraví,"povrch suchý, neznečistěný",neztížené,"ve dne, viditelnost nezhoršená vlivem povětrnostních podmínek",dobré,žádné nebo žádné z uvedených,komunikace místní,jízdní kolo,dobrý -žádné nepříznivé okolnosti nebyly zjiště,1,řidič,"bez přilby (pouze u motocyklistů, příp. cyklistů)",muž,lehké zranění,0,0,1,100,1600,16,květen,středa,33-44,Brno-sever,16.63776497,49.21864312,{E3D9C1D7-B967-455D-BD2D-7EB5FEE93ACF}
16.6065723720001,49.202874772,295,1,296,60206130902,-598173.834,-1159886.251,2013/05/16 00:00:00+00,4,2013,5,havárie,nezvládnutí řízení vozidla,"Ano, obsah alkoholu v krvi od 0,8‰ do 1,0‰",řidičem nemotorového vozidla,nehoda s následky na životě nebo zdraví,"povrch suchý, neznečistěný",neztížené,"v noci - s veřejným osvětlením, viditelnost nezhoršená vlivem povětrnostních podmínek",dobré,žádné nebo žádné z uvedených,komunikace místní,jízdní kolo,"pod vlivem alkoholu, obsah alkoholu v krvi do 0,99 ‰",1,ostatní spolucestující (i v postranním vozíku motocyklu),"bez přilby (pouze u motocyklistů, příp. cyklistů)",žena,lehké zranění,0,0,1,0,2030,20,květen,čtvrtek,19-24,Brno-střed,16.60657236,49.20287477,{D8B85136-A74A-4ECA-BDF1-A627620CFCB4}
16.6065723720001,49.202874772,296,1,297,60206130902,-598173.834,-1159886.251,2013/05/16 00:00:00+00,4,2013,5,havárie,nezvládnutí řízení vozidla,"Ano, obsah alkoholu v krvi od 0,8‰ do 1,0‰",řidičem nemotorového vozidla,nehoda s následky na životě nebo zdraví,"povrch suchý, neznečistěný",neztížené,"v noci - s veřejným osvětlením, viditelnost nezhoršená vlivem povětrnostních podmínek",dobré,žádné nebo žádné z uvedených,komunikace místní,jízdní kolo,"pod vlivem alkoholu, obsah alkoholu v krvi do 0,99 ‰",1,řidič,"bez přilby (pouze u motocyklistů, příp. cyklistů)",muž,bez zraněn,0,0,1,0,2030,20,květen,čtvrtek,19-24,Brno-střed,16.60657236,49.20287477,{92D7E2FE-9755-442B-A52D-03FC743C9276}
16.5307798370001,49.22366822,297,1,298,60206130919,-603413.538,-1156991.281,2013/05/19 00:00:00+00,7,2013,5,srážka s pevnou překážkou,"nepřizpůsobení rychlosti dopravně technickému stavu vozovky (zatáčka, klesání, stoupání, šířka vozovky apod.)",Ne,řidičem nemotorového vozidla,nehoda s následky na životě nebo zdraví,"povrch suchý, neznečistěný",neztížené,"ve dne, viditelnost nezhoršená vlivem povětrnostních podmínek",dobré,žádné nebo žádné z uvedených,uzel (křižovatka sledovaná ve vybraných městech),jízdní kolo,dobrý -žádné nepříznivé okolnosti nebyly zjiště,1,řidič,"bez přilby (pouze u motocyklistů, příp. cyklistů)",žena,lehké zranění,0,0,1,25,1200,12,květen,neděle,33-44,Brno-Bystrc,16.53077983,49.22366822,{4B79E888-E718-4327-8A45-9960B51E06B0}
16.6382880310001,49.1932581450001,298,1,299,60206130920,-595990.616,-1161197.399,2013/05/19 00:00:00+00,7,2013,5,havárie,řidič se plně nevěnoval řízení vozidla,Ne,řidičem nemotorového vozidla,nehoda s následky na životě nebo zdraví,"povrch suchý, neznečistěný",neztížené,"ve dne, viditelnost nezhoršená vlivem povětrnostních podmínek",dobré,žádné nebo žádné z uvedených,komunikace sledovaná (ve vybraných městech),jízdní kolo,dobrý -žádné nepříznivé okolnosti nebyly zjiště,1,řidič,"bez přilby (pouze u motocyklistů, příp. cyklistů)",muž,lehké zranění,0,0,1,10,1400,14,květen,neděle,33-44,Brno-Židenice,16.63828802,49.19325814,{9B284C6F-2059-425B-9077-354222765D35}
16.6246163370001,49.1633945630001,299,1,300,60206130937,-597337.416,-1164392.406,2013/05/20 00:00:00+00,1,2013,5,srážka s chodcem,nezaviněná řidičem,Nezjišťován,chodcem,nehoda s následky na životě nebo zdraví,"povrch suchý, neznečistěný",neztížené,"ve dne, viditelnost nezhoršená vlivem povětrnostních podmínek",dobré,žádné nebo žádné z uvedených,"komunikace účelová - ostatní (parkoviště, odpočívky apod.",jízdní kolo,dobrý -žádné nepříznivé okolnosti nebyly zjiště,1,řidič,"s přilbou (pouze u motocyklistů, příp. cyklistů)",muž,těžké zranění,0,1,0,25,1820,18,květen,pondělí,45-60,Brno-jih,16.62461633,49.16339456,{45A522B2-EA81-4611-B52C-74BED4342F52}
16.5830448990001,49.207687761,300,1,301,60206130947,-599820.574,-1159169.632,2013/05/22 00:00:00+00,3,2013,5,havárie,"nepřizpůsobení rychlosti stavu vozovky (náledí, výtluky, bláto, mokrý povrch apod.)","Ano, obsah alkoholu v krvi 1,5‰ a více",řidičem nemotorového vozidla,nehoda s následky na životě nebo zdraví,povrch mokrý,neztížené,"v noci - s veřejným osvětlením, viditelnost nezhoršená vlivem povětrnostních podmínek",dobré,žádné nebo žádné z uvedených,komunikace sledovaná (ve vybraných městech),jízdní kolo,pod vlivem alkoholu obsah alkoholu v krvi 1 ‰ a víc,0,řidič,"bez přilby (pouze u motocyklistů, příp. cyklistů)",muž,lehké zranění,0,0,1,10,215,2,květen,středa,24-32,Brno-Žabovřesky,16.58304489,49.20768776,{C34EB92F-9B08-4E86-9E5E-3002EF9B9818}
16.573680084,49.2294149360001,301,1,302,60206130950,-600238.202,-1156694.013,2013/05/22 00:00:00+00,3,2013,5,havárie,nezvládnutí řízení vozidla,Ne,řidičem nemotorového vozidla,nehoda s následky na životě nebo zdraví,"povrch suchý, neznečistěný",neztížené,"ve dne, viditelnost nezhoršená vlivem povětrnostních podmínek",dobré,žádné nebo žádné z uvedených,komunikace místní,jízdní kolo,dobrý -žádné nepříznivé okolnosti nebyly zjiště,1,řidič,"bez přilby (pouze u motocyklistů, příp. cyklistů)",muž,lehké zranění,0,0,1,10,1415,14,květen,středa,71 a více,Brno-Královo Pole,16.57368008,49.22941493,{225DE367-ADC7-4797-B109-FEBBD808FFAC}
16.6120794120001,49.200414734,302,1,303,60206130952,-597804.254,-1160201.346,2013/05/22 00:00:00+00,3,2013,5,srážka s jedoucím nekolejovým vozidlem,řidič se plně nevěnoval řízení vozidla,Nezjišťován,řidičem motorového vozidla,nehoda s následky na životě nebo zdraví,"povrch suchý, neznečistěný",neztížené,"ve dne, viditelnost nezhoršená vlivem povětrnostních podmínek",dobré,žádné nebo žádné z uvedených,komunikace sledovaná (ve vybraných městech),jízdní kolo,dobrý -žádné nepříznivé okolnosti nebyly zjiště,1,řidič,"s přilbou (pouze u motocyklistů, příp. cyklistů)",muž,lehké zranění,0,0,1,210,1550,15,květen,středa,33-44,Brno-střed,16.6120794,49.20041473,{E88F3228-68F6-4404-A17F-4216AF530989}
16.572517229,49.249496793,303,1,304,60206130989,-600081.388,-1154464.733,2013/05/09 00:00:00+00,4,2013,5,srážka s jedoucím nekolejovým vozidlem,"jízda po nesprávné straně vozovky, vjetí do protisměru",Nezjišťován,řidičem nemotorového vozidla,nehoda pouze s hmotnou škodou,"povrch suchý, neznečistěný",neztížené,"ve dne, viditelnost nezhoršená vlivem povětrnostních podmínek","špatné - vlivem okolní zástavby (budovy, plné zábradlí apod.)",žádné nebo žádné z uvedených,komunikace místní,jízdní kolo,,,,,,,0,0,0,150,1915,19,květen,čtvrtek,,Brno-Řečkovice a Mokrá Hora,16.57251722,49.24949679,{20938350-30E3-45D5-8E85-1D8DB5ABF3CE}
16.6282779630001,49.1933470100001,304,1,305,60206130991,-596714.908,-1161109.423,2013/05/27 00:00:00+00,1,2013,5,havárie,"nepřizpůsobení rychlosti stavu vozovky (náledí, výtluky, bláto, mokrý povrch apod.)",Ne,řidičem nemotorového vozidla,nehoda s následky na životě nebo zdraví,povrch mokrý,déšť,"ve dne, viditelnost nezhoršená vlivem povětrnostních podmínek",dobré,žádné nebo žádné z uvedených,komunikace účelová - polní a lesní cesty atd.,jízdní kolo,dobrý -žádné nepříznivé okolnosti nebyly zjiště,1,řidič,"bez přilby (pouze u motocyklistů, příp. cyklistů)",žena,těžké zranění,0,1,0,10,830,8,květen,pondělí,24-32,Brno-střed,16.62827795,49.19334701,{F8A5CE99-6619-4F91-BF41-5ECF79628513}
16.6200987140001,49.191641073,305,1,306,60206131008,-597327.94,-1161234.105,2013/05/29 00:00:00+00,3,2013,5,srážka s jedoucím nekolejovým vozidlem,při odbočování vlevo,Ne,řidičem motorového vozidla,nehoda s následky na životě nebo zdraví,"povrch suchý, neznečistěný",neztížené,"ve dne, viditelnost nezhoršená vlivem povětrnostních podmínek",dobré,žádné nebo žádné z uvedených,uzel (křižovatka sledovaná ve vybraných městech),jízdní kolo,dobrý -žádné nepříznivé okolnosti nebyly zjiště,1,řidič,"s přilbou (pouze u motocyklistů, příp. cyklistů)",muž,lehké zranění,0,0,1,90,1348,13,květen,středa,45-60,Brno-střed,16.62009871,49.19164107,{8A2D0E24-6296-4599-BA1B-F9AED1391501}
16.609958513,49.202144864,306,1,307,60206131017,-597937.243,-1159993.462,2013/05/30 00:00:00+00,4,2013,5,srážka s jedoucím nekolejovým vozidlem,řidič se plně nevěnoval řízení vozidla,Nezjišťován,řidičem motorového vozidla,nehoda pouze s hmotnou škodou,povrch mokrý,déšť,"ve dne, viditelnost nezhoršená vlivem povětrnostních podmínek",dobré,žádné nebo žádné z uvedených,komunikace místní,jízdní kolo,dobrý -žádné nepříznivé okolnosti nebyly zjiště,1,řidič,"s přilbou (pouze u motocyklistů, příp. cyklistů)",muž,bez zraněn,0,0,0,1,1000,10,květen,čtvrtek,24-32,Brno-střed,16.6099585,49.20214486,{A8FFA8F9-AC59-430A-873C-6DD141BF5E71}
16.604057223,49.1862003730001,307,1,308,60206131110,-598555.388,-1161710.052,2013/06/11 00:00:00+00,2,2013,6,srážka s jedoucím nekolejovým vozidlem,řidič se plně nevěnoval řízení vozidla,Ne,řidičem nemotorového vozidla,nehoda pouze s hmotnou škodou,"povrch suchý, neznečistěný",neztížené,"ve dne, viditelnost nezhoršená vlivem povětrnostních podmínek",dobré,žádné nebo žádné z uvedených,komunikace sledovaná (ve vybraných městech),jízdní kolo,,,,,,,0,0,0,100,1620,16,červen,úterý,,Brno-střed,16.60405721,49.18620037,{CD1C4DF6-0871-4EB6-B751-4E47F96C5102}
16.536392993,49.2218260280001,308,1,309,60206131120,-603029.31,-1157239.265,2013/06/12 00:00:00+00,3,2013,6,srážka s jedoucím nekolejovým vozidlem,jiný druh nesprávného způsobu jízdy,Ne,řidičem nemotorového vozidla,nehoda s následky na životě nebo zdraví,"povrch suchý, neznečistěný",neztížené,"ve dne, viditelnost nezhoršená vlivem povětrnostních podmínek",dobré,přechod pro chodce,komunikace sledovaná (ve vybraných městech),jízdní kolo,dobrý -žádné nepříznivé okolnosti nebyly zjiště,1,řidič,"s přilbou (pouze u motocyklistů, příp. cyklistů)",žena,lehké zranění,0,0,1,210,1655,16,červen,středa,24-32,Brno-Komín,16.53639298,49.22182602,{E70F6853-2147-4683-8C1D-B84BE54EA839}
16.531750228,49.1747413640001,309,1,310,60206131156,-603933.372,-1162407.684,2013/06/16 00:00:00+00,7,2013,6,srážka s jedoucím nekolejovým vozidlem,vozidlu přijíždějícímu zprava,Ne,řidičem nemotorového vozidla,nehoda s následky na životě nebo zdraví,"povrch suchý, neznečistěný",neztížené,"v noci - bez veřejného osvětlení, viditelnost nezhoršená vlivem povětrnostních podmínek",dobré,parkoviště přiléhající ke komunikaci,komunikace místní,jízdní kolo,dobrý -žádné nepříznivé okolnosti nebyly zjiště,1,řidič,"bez přilby (pouze u motocyklistů, příp. cyklistů)",muž,lehké zranění,0,0,2,430,2046,20,červen,neděle,19-24,Brno-Bosonohy,16.53175022,49.17474136,{42B9E447-45C6-46AE-B1B5-402D2FE4367F}
16.531750228,49.1747413640001,310,1,311,60206131156,-603933.372,-1162407.684,2013/06/16 00:00:00+00,7,2013,6,srážka s jedoucím nekolejovým vozidlem,vozidlu přijíždějícímu zprava,Ne,řidičem nemotorového vozidla,nehoda s následky na životě nebo zdraví,"povrch suchý, neznečistěný",neztížené,"v noci - bez veřejného osvětlení, viditelnost nezhoršená vlivem povětrnostních podmínek",dobré,parkoviště přiléhající ke komunikaci,komunikace místní,jízdní kolo,dobrý -žádné nepříznivé okolnosti nebyly zjiště,1,ostatní spolucestující (i v postranním vozíku motocyklu),"bez přilby (pouze u motocyklistů, příp. cyklistů)",muž,lehké zranění,0,0,2,430,2046,20,červen,neděle,16-18,Brno-Bosonohy,16.53175022,49.17474136,{CAC75476-F166-4A86-8BBE-66DF6E98BC7F}
16.528045338,49.2252823650001,311,1,312,60206131174,-603592.058,-1156791.234,2013/06/18 00:00:00+00,2,2013,6,"srážka s vozidlem zaparkovaným, odstaveným",řidič se plně nevěnoval řízení vozidla,"Ano, obsah alkoholu v krvi od 0,24‰ do 0,5‰",řidičem nemotorového vozidla,nehoda s následky na životě nebo zdraví,"povrch suchý, neznečistěný",neztížené,"ve dne, viditelnost nezhoršená vlivem povětrnostních podmínek",dobré,žádné nebo žádné z uvedených,komunikace místní,jízdní kolo,"pod vlivem alkoholu, obsah alkoholu v krvi do 0,99 ‰",1,řidič,"s přilbou (pouze u motocyklistů, příp. cyklistů)",žena,lehké zranění,0,0,1,50,1550,15,červen,úterý,45-60,Brno-Bystrc,16.52804533,49.22528236,{6A5B1CE4-AA96-4D3F-91E9-EEC71735D306}
16.596501319,49.2209884260001,312,1,313,60206131206,-598686.679,-1157804.726,2013/06/23 00:00:00+00,7,2013,6,srážka s jedoucím nekolejovým vozidlem,při odbočování vlevo,Ne,řidičem motorového vozidla,nehoda s následky na životě nebo zdraví,"povrch suchý, neznečistěný",neztížené,"ve dne, viditelnost nezhoršená vlivem povětrnostních podmínek",dobré,žádné nebo žádné z uvedených,uzel (křižovatka sledovaná ve vybraných městech),jízdní kolo,dobrý -žádné nepříznivé okolnosti nebyly zjiště,1,řidič,"s přilbou (pouze u motocyklistů, příp. cyklistů)",muž,lehké zranění,0,0,1,250,1140,11,červen,neděle,24-32,Brno-Královo Pole,16.59650131,49.22098842,{53867C39-32EC-4DD7-810F-B52737F89121}
16.6309201450001,49.2147889500001,313,1,314,60206131207,-596267.953,-1158759.372,2013/06/23 00:00:00+00,7,2013,6,havárie,řidič se plně nevěnoval řízení vozidla,Ne,řidičem nemotorového vozidla,nehoda s následky na životě nebo zdraví,"povrch suchý, neznečistěný",neztížené,"ve dne, viditelnost nezhoršená vlivem povětrnostních podmínek",dobré,parkoviště přiléhající ke komunikaci,komunikace sledovaná (ve vybraných městech),jízdní kolo,dobrý -žádné nepříznivé okolnosti nebyly zjiště,1,řidič,"s přilbou (pouze u motocyklistů, příp. cyklistů)",muž,lehké zranění,0,0,1,60,1510,15,červen,neděle,33-44,Brno-sever,16.63092014,49.21478895,{E5E36325-FBBB-4803-AC08-35A7A34A4950}
16.6039038690001,49.2264241070001,314,1,315,60206131256,-598085.614,-1157261.757,2013/06/30 00:00:00+00,7,2013,6,srážka s jedoucím nekolejovým vozidlem,nedodržení bezpečné vzdálenosti za vozidlem,Ne,řidičem nemotorového vozidla,nehoda s následky na životě nebo zdraví,"povrch suchý, neznečistěný",neztížené,"ve dne, viditelnost nezhoršená vlivem povětrnostních podmínek",dobré,žádné nebo žádné z uvedených,komunikace sledovaná (ve vybraných městech),jízdní kolo,dobrý -žádné nepříznivé okolnosti nebyly zjiště,1,řidič,"bez přilby (pouze u motocyklistů, příp. cyklistů)",muž,těžké zranění,0,1,0,20,1905,19,červen,neděle,45-60,Brno-Královo Pole,16.60390386,49.2264241,{BAE52F0E-3F57-4CF5-9ACD-5C491380672D}
16.604712007,49.183631221,315,1,316,60206131278,-598538.648,-1161999.225,2013/07/03 00:00:00+00,3,2013,7,srážka s jedoucím nekolejovým vozidlem,řidič se plně nevěnoval řízení vozidla,Ne,řidičem motorového vozidla,nehoda s následky na životě nebo zdraví,"povrch suchý, neznečistěný",neztížené,"ve dne, viditelnost nezhoršená vlivem povětrnostních podmínek",dobré,žádné nebo žádné z uvedených,komunikace sledovaná (ve vybraných městech),jízdní kolo,dobrý -žádné nepříznivé okolnosti nebyly zjiště,1,řidič,"bez přilby (pouze u motocyklistů, příp. cyklistů)",muž,lehké zranění,0,0,1,20,845,8,červenec,středa,61-70,Brno-střed,16.604712,49.18363122,{8D7DEAD2-2556-4D84-B1A1-59C440CC094D}
16.6052487970001,49.205921684,316,1,317,60206131300,-598233.3,-1159539.021,2013/07/07 00:00:00+00,7,2013,7,srážka s jedoucím nekolejovým vozidlem,při odbočování vlevo,Ne,řidičem motorového vozidla,nehoda s následky na životě nebo zdraví,"povrch suchý, neznečistěný",neztížené,"ve dne, zhoršená viditelnost (svítání, soumrak)",dobré,žádné nebo žádné z uvedených,uzel (křižovatka sledovaná ve vybraných městech),jízdní kolo,dobrý -žádné nepříznivé okolnosti nebyly zjiště,1,řidič,"s přilbou (pouze u motocyklistů, příp. cyklistů)",muž,lehké zranění,0,0,1,180,2032,20,červenec,neděle,24-32,Brno-střed,16.60524879,49.20592168,{F8FA6750-9EF1-419C-9302-2867DF273F2D}
16.583859171,49.196972314,317,1,318,60206131314,-599890.012,-1160360.68,2013/07/10 00:00:00+00,3,2013,7,srážka s jedoucím nekolejovým vozidlem,vozidlu přijíždějícímu zprava,Ne,řidičem nemotorového vozidla,nehoda s následky na životě nebo zdraví,"povrch suchý, neznečistěný",neztížené,"ve dne, viditelnost nezhoršená vlivem povětrnostních podmínek",dobré,žádné nebo žádné z uvedených,komunikace místní,jízdní kolo,dobrý -žádné nepříznivé okolnosti nebyly zjiště,1,řidič,"bez přilby (pouze u motocyklistů, příp. cyklistů)",muž,těžké zranění,0,1,0,610,1425,14,červenec,středa,19-24,Brno-střed,16.58385916,49.19697231,{B7D9B772-90D6-41B8-B3BE-6329534867E3}
16.5713512290001,49.2609912670001,318,1,319,60206131335,-600027.807,-1153184.804,2013/07/12 00:00:00+00,5,2013,7,srážka s jedoucím nekolejovým vozidlem,proti příkazu dopravní značky DEJ PŘEDNOST,Ne,řidičem motorového vozidla,nehoda s následky na životě nebo zdraví,"povrch suchý, neznečistěný",neztížené,"ve dne, viditelnost nezhoršená vlivem povětrnostních podmínek",dobré,žádné nebo žádné z uvedených,uzel (křižovatka sledovaná ve vybraných městech),jízdní kolo,dobrý -žádné nepříznivé okolnosti nebyly zjiště,1,řidič,"bez přilby (pouze u motocyklistů, příp. cyklistů)",muž,lehké zranění,0,0,1,260,1548,15,červenec,pátek,33-44,Brno-Ivanovice,16.57135122,49.26099126,{310D0E7C-8DC9-4BA4-B212-899AA03233BF}