X,Y,objectid,join_count,target_fid,id,d,e,datum,den,rok,mesic,srazka,pricina,alkohol,zavineni,nasledky,stav_vozovky,povetrnostni_podm,viditelnost,rozhled,misto_nehody,druh_komun,druh_vozidla,stav_ridic,ovlivneni_ridice,osoba,ozn_osoba,pohlavi,nasledek,usmrceno_os,tezce_zran_os,lehce_zran_os,hmotna_skoda,cas,hodina,mesic_t,den_v_tydnu,vek_skupina,nazev,point_x,point_y,globalid
16.664807845,49.173201104,319,1,320,60206131337,-594306.884,-1163621.65,2013/07/12 00:00:00+00,5,2013,7,srážka s jedoucím nekolejovým vozidlem,proti příkazu dopravní značky DEJ PŘEDNOST,Ne,řidičem motorového vozidla,nehoda s následky na životě nebo zdraví,"povrch suchý, neznečistěný",neztížené,"ve dne, viditelnost nezhoršená vlivem povětrnostních podmínek",dobré,přechod pro chodce,uzel (křižovatka sledovaná ve vybraných městech),jízdní kolo,dobrý -žádné nepříznivé okolnosti nebyly zjiště,1,řidič,"bez přilby (pouze u motocyklistů, příp. cyklistů)",žena,lehké zranění,0,0,1,20,1730,17,červenec,pátek,45-60,Brno-Černovice,16.66480784,49.1732011,{79D3D44C-A11F-40D3-A284-B64388BD3B6A}
16.616228074,49.1881652420001,320,1,321,60206131339,-597649.91,-1161588.119,2013/07/13 00:00:00+00,6,2013,7,havárie,řidič se plně nevěnoval řízení vozidla,Ne,řidičem nemotorového vozidla,nehoda s následky na životě nebo zdraví,"povrch suchý, neznečistěný",neztížené,"ve dne, viditelnost nezhoršená vlivem povětrnostních podmínek",dobré,žádné nebo žádné z uvedených,komunikace sledovaná (ve vybraných městech),jízdní kolo,dobrý -žádné nepříznivé okolnosti nebyly zjiště,1,řidič,"bez přilby (pouze u motocyklistů, příp. cyklistů)",muž,lehké zranění,0,0,1,10,1710,17,červenec,sobota,16-18,Brno-střed,16.61622807,49.18816524,{353FED7B-0138-4C50-B539-98203C422EC4}
16.55482905,49.20884148,321,1,322,60206131361,-601850.497,-1158820.124,2013/07/18 00:00:00+00,4,2013,7,srážka s pevnou překážkou,řidič se plně nevěnoval řízení vozidla,Ne,řidičem motorového vozidla,nehoda pouze s hmotnou škodou,"povrch suchý, neznečistěný",neztížené,"ve dne, viditelnost nezhoršená vlivem povětrnostních podmínek",dobré,žádné nebo žádné z uvedených,"komunikace účelová - ostatní (parkoviště, odpočívky apod.",jízdní kolo,,,,,,,0,0,0,110,1040,10,červenec,čtvrtek,,Brno-Jundrov,16.55482904,49.20884148,{950F3137-9EF8-4E3F-BDB1-B2A1C6857994}
16.617830558,49.2034037350001,322,1,323,60206131380,-597351.911,-1159915.874,2013/07/21 00:00:00+00,7,2013,7,havárie,řidič se plně nevěnoval řízení vozidla,Nezjišťován,řidičem nemotorového vozidla,nehoda s následky na životě nebo zdraví,"povrch suchý, znečistěný (písek, prach, listí, štěrk atd.)",neztížené,"ve dne, viditelnost nezhoršená vlivem povětrnostních podmínek",dobré,přechod pro chodce,komunikace místní,jízdní kolo,dobrý -žádné nepříznivé okolnosti nebyly zjiště,1,řidič,"s přilbou (pouze u motocyklistů, příp. cyklistů)",muž,lehké zranění,0,0,1,10,1015,10,červenec,neděle,16-18,Brno-sever,16.61783055,49.20340373,{5F55AE01-698F-4D2C-B97F-92E1C1889F08}
16.617830558,49.2034037350001,323,1,324,60206131380,-597351.911,-1159915.874,2013/07/21 00:00:00+00,7,2013,7,havárie,řidič se plně nevěnoval řízení vozidla,Nezjišťován,řidičem nemotorového vozidla,nehoda s následky na životě nebo zdraví,"povrch suchý, znečistěný (písek, prach, listí, štěrk atd.)",neztížené,"ve dne, viditelnost nezhoršená vlivem povětrnostních podmínek",dobré,přechod pro chodce,komunikace místní,jízdní kolo,dobrý -žádné nepříznivé okolnosti nebyly zjiště,1,řidič,"bez přilby (pouze u motocyklistů, příp. cyklistů)",muž,bez zraněn,0,0,1,10,1015,10,červenec,neděle,12-15,Brno-sever,16.61783055,49.20340373,{8101F454-7B64-41A6-87BD-FCD6E5E644F1}
16.523270117,49.2283995010001,324,1,325,60206131383,-603900.17,-1156408.896,2013/07/21 00:00:00+00,7,2013,7,srážka s jedoucím nekolejovým vozidlem,při odbočování vlevo,Ne,řidičem motorového vozidla,nehoda s následky na životě nebo zdraví,"povrch suchý, neznečistěný",neztížené,"ve dne, viditelnost nezhoršená vlivem povětrnostních podmínek",dobré,žádné nebo žádné z uvedených,uzel (křižovatka sledovaná ve vybraných městech),jízdní kolo,dobrý -žádné nepříznivé okolnosti nebyly zjiště,1,řidič,"bez přilby (pouze u motocyklistů, příp. cyklistů)",muž,lehké zranění,0,0,1,60,1625,16,červenec,neděle,33-44,Brno-Bystrc,16.52327011,49.2283995,{B9FD7D80-0E87-4F44-80B2-374141B141A5}
16.584931593,49.2385300620001,325,1,326,60206131399,-599314.323,-1155774.638,2013/07/23 00:00:00+00,2,2013,7,srážka s jedoucím nekolejovým vozidlem,při odbočování vlevo,Ne,řidičem motorového vozidla,nehoda s následky na životě nebo zdraví,"povrch suchý, neznečistěný",neztížené,"ve dne, viditelnost nezhoršená vlivem povětrnostních podmínek",dobré,žádné nebo žádné z uvedených,uzel (křižovatka sledovaná ve vybraných městech),jízdní kolo,dobrý -žádné nepříznivé okolnosti nebyly zjiště,1,řidič,"bez přilby (pouze u motocyklistů, příp. cyklistů)",muž,lehké zranění,0,0,1,70,1820,18,červenec,úterý,19-24,Brno-Řečkovice a Mokrá Hora,16.58493158,49.23853006,{EE30BD30-BF93-463D-BAF4-F58BB38008AE}
16.565468068,49.2155611420001,326,1,327,60206131400,-600999.18,-1158161.026,2013/07/23 00:00:00+00,2,2013,7,srážka s jedoucím nekolejovým vozidlem,proti příkazu dopravní značky DEJ PŘEDNOST,Ne,řidičem motorového vozidla,nehoda s následky na životě nebo zdraví,"povrch suchý, neznečistěný",neztížené,"ve dne, viditelnost nezhoršená vlivem povětrnostních podmínek",dobré,žádné nebo žádné z uvedených,uzel (křižovatka sledovaná ve vybraných městech),jízdní kolo,dobrý -žádné nepříznivé okolnosti nebyly zjiště,1,řidič,"bez přilby (pouze u motocyklistů, příp. cyklistů)",muž,lehké zranění,0,0,1,600,1945,19,červenec,úterý,33-44,Brno-Komín,16.56546806,49.21556114,{A597D64A-E952-40CA-8B4C-A637EAD459B7}
16.593724754,49.1983739840001,327,1,328,60206131416,-599158.451,-1160283.153,2013/07/25 00:00:00+00,4,2013,7,srážka s jedoucím nekolejovým vozidlem,při odbočování vlevo,Ne,řidičem motorového vozidla,nehoda s následky na životě nebo zdraví,"povrch suchý, neznečistěný",neztížené,"ve dne, viditelnost nezhoršená vlivem povětrnostních podmínek",dobré,žádné nebo žádné z uvedených,uzel (křižovatka sledovaná ve vybraných městech),jízdní kolo,dobrý -žádné nepříznivé okolnosti nebyly zjiště,1,řidič,"bez přilby (pouze u motocyklistů, příp. cyklistů)",muž,lehké zranění,0,0,1,20,1150,11,červenec,čtvrtek,33-44,Brno-střed,16.59372475,49.19837398,{D113AA38-4253-4757-9F05-9F288E1F6638}
16.626696538,49.238048877,328,1,329,60206131432,-596296.564,-1156154.709,2013/07/26 00:00:00+00,5,2013,7,srážka s jedoucím nekolejovým vozidlem,řidič se plně nevěnoval řízení vozidla,"Ano, obsah alkoholu v krvi od 0,5‰ do 0,8‰",řidičem motorového vozidla,nehoda pouze s hmotnou škodou,"povrch suchý, neznečistěný",neztížené,"ve dne, viditelnost nezhoršená vlivem povětrnostních podmínek",dobré,žádné nebo žádné z uvedených,komunikace sledovaná (ve vybraných městech),jízdní kolo,dobrý -žádné nepříznivé okolnosti nebyly zjiště,1,řidič,"s přilbou (pouze u motocyklistů, příp. cyklistů)",muž,bez zraněn,0,0,0,30,1355,13,červenec,pátek,45-60,Brno-sever,16.62669653,49.23804887,{749680E7-F473-4E0F-8F5A-F8B1774CAAC9}
16.5709798820001,49.261096271,329,1,330,60206131445,-600053.416,-1153170.278,2013/07/28 00:00:00+00,7,2013,7,srážka s jedoucím nekolejovým vozidlem,proti příkazu dopravní značky DEJ PŘEDNOST,Ne,řidičem motorového vozidla,nehoda s následky na životě nebo zdraví,"povrch suchý, neznečistěný",neztížené,"ve dne, viditelnost nezhoršená vlivem povětrnostních podmínek",dobré,přechod pro chodce,uzel (křižovatka sledovaná ve vybraných městech),jízdní kolo,dobrý -žádné nepříznivé okolnosti nebyly zjiště,1,řidič,"s přilbou (pouze u motocyklistů, příp. cyklistů)",muž,lehké zranění,0,0,1,220,2005,20,červenec,neděle,24-32,Brno-Ivanovice,16.57097987,49.26109627,{2EF6F5A9-3DB1-4E7A-93D4-FCF63AB9A50F}
16.6138019970001,49.19297734,330,1,331,60206131454,-597768.262,-1161037.107,2013/07/29 00:00:00+00,1,2013,7,srážka s jedoucím nekolejovým vozidlem,proti příkazu dopravní značky DEJ PŘEDNOST,Ne,řidičem motorového vozidla,nehoda s následky na životě nebo zdraví,"povrch suchý, neznečistěný",neztížené,"ve dne, viditelnost nezhoršená vlivem povětrnostních podmínek",dobré,přechod pro chodce,komunikace sledovaná (ve vybraných městech),jízdní kolo,dobrý -žádné nepříznivé okolnosti nebyly zjiště,1,řidič,"s přilbou (pouze u motocyklistů, příp. cyklistů)",muž,lehké zranění,0,0,1,100,1450,14,červenec,pondělí,45-60,Brno-střed,16.61380199,49.19297734,{94A941BE-CD87-46AC-BB0F-8758BA2D61DB}
16.5828131110001,49.2116209440001,331,1,332,60206131457,-599790.22,-1158732.976,2013/07/29 00:00:00+00,1,2013,7,"srážka s vozidlem zaparkovaným, odstaveným",nezaviněná řidičem,Ne,jiným účastníkem silničního provozu,nehoda s následky na životě nebo zdraví,"povrch suchý, neznečistěný",neztížené,"ve dne, viditelnost nezhoršená vlivem povětrnostních podmínek",dobré,žádné nebo žádné z uvedených,komunikace sledovaná (ve vybraných městech),jízdní kolo,dobrý -žádné nepříznivé okolnosti nebyly zjiště,1,řidič,"bez přilby (pouze u motocyklistů, příp. cyklistů)",muž,lehké zranění,0,0,1,60,1525,15,červenec,pondělí,19-24,Brno-Žabovřesky,16.5828131,49.21162094,{1ABE1059-E5D6-4582-BA2C-76E525F130F5}
16.5695373200001,49.177901412,332,1,333,60206131463,-601156.599,-1162356.447,2013/07/30 00:00:00+00,2,2013,7,srážka s jedoucím nekolejovým vozidlem,jiné nedání přednosti,Ne,řidičem motorového vozidla,nehoda s následky na životě nebo zdraví,"povrch suchý, neznečistěný",neztížené,"ve dne, viditelnost nezhoršená vlivem povětrnostních podmínek",dobré,žádné nebo žádné z uvedených,uzel (křižovatka sledovaná ve vybraných městech),jízdní kolo,dobrý -žádné nepříznivé okolnosti nebyly zjiště,1,řidič,"bez přilby (pouze u motocyklistů, příp. cyklistů)",muž,lehké zranění,0,0,1,170,1540,15,červenec,úterý,45-60,Brno-Bohunice,16.56953731,49.17790141,{35716397-B004-4652-A38E-7471A167BFC3}
16.533543733,49.1883821070001,333,1,334,60206131464,-603638.899,-1160913.916,2013/07/30 00:00:00+00,2,2013,7,"srážka s vozidlem zaparkovaným, odstaveným",řidič se plně nevěnoval řízení vozidla,Ne,řidičem motorového vozidla,nehoda s následky na životě nebo zdraví,"povrch suchý, neznečistěný",neztížené,"ve dne, viditelnost nezhoršená vlivem povětrnostních podmínek",dobré,žádné nebo žádné z uvedených,komunikace sledovaná (ve vybraných městech),jízdní kolo,dobrý -žádné nepříznivé okolnosti nebyly zjiště,1,řidič,"bez přilby (pouze u motocyklistů, příp. cyklistů)",muž,lehké zranění,0,0,1,50,1612,16,červenec,úterý,19-24,Brno-Kohoutovice,16.53354372,49.1883821,{E9318239-A2BC-47F3-8278-26844AB0A67C}
16.638914921,49.2112036010001,334,1,335,60206131466,-595731.565,-1159218.162,2013/07/30 00:00:00+00,2,2013,7,"srážka s vozidlem zaparkovaným, odstaveným",řidič se plně nevěnoval řízení vozidla,Nezjišťován,řidičem nemotorového vozidla,nehoda pouze s hmotnou škodou,"povrch suchý, neznečistěný",neztížené,"ve dne, viditelnost nezhoršená vlivem povětrnostních podmínek",dobré,žádné nebo žádné z uvedených,komunikace místní,jízdní kolo,,,,,,,0,0,0,300,1745,17,červenec,úterý,,Brno-Maloměřice a Obřany,16.63891491,49.2112036,{3AAD2161-D051-4DDD-BAF2-39B615AF5FF8}
16.6568084640001,49.185669956,335,1,336,60206131470,-594738.69,-1162180.742,2013/07/31 00:00:00+00,3,2013,7,srážka s jedoucím nekolejovým vozidlem,jiné nedání přednosti,Ne,řidičem motorového vozidla,nehoda s následky na životě nebo zdraví,"povrch suchý, neznečistěný",neztížené,"ve dne, viditelnost nezhoršená vlivem povětrnostních podmínek",dobré,žádné nebo žádné z uvedených,komunikace sledovaná (ve vybraných městech),jízdní kolo,dobrý -žádné nepříznivé okolnosti nebyly zjiště,1,řidič,"bez přilby (pouze u motocyklistů, příp. cyklistů)",žena,lehké zranění,0,0,1,100,815,8,červenec,středa,33-44,Brno-Černovice,16.65680846,49.18566995,{69257D2E-7111-40BC-B009-B4B9B594A89B}
16.5713015530001,49.2609527220001,336,1,337,60206131480,-600031.864,-1153188.675,2013/07/31 00:00:00+00,3,2013,7,srážka s pevnou překážkou,"nepřizpůsobení rychlosti stavu vozovky (náledí, výtluky, bláto, mokrý povrch apod.)",Ne,řidičem nemotorového vozidla,nehoda s následky na životě nebo zdraví,"povrch suchý, neznečistěný",neztížené,"v noci - s veřejným osvětlením, viditelnost nezhoršená vlivem povětrnostních podmínek",dobré,žádné nebo žádné z uvedených,uzel (křižovatka sledovaná ve vybraných městech),jízdní kolo,dobrý -žádné nepříznivé okolnosti nebyly zjiště,1,řidič,"bez přilby (pouze u motocyklistů, příp. cyklistů)",muž,lehké zranění,0,0,1,0,2300,23,červenec,středa,61-70,Brno-Ivanovice,16.57130154,49.26095272,{44B77EC4-09FC-4CB9-A7B2-8184635965E2}
16.5935938760001,49.2260823330001,337,1,338,60206131489,-598836.253,-1157218.763,2013/08/02 00:00:00+00,5,2013,8,jiný druh nehody,při odbočování vlevo,Ne,řidičem motorového vozidla,nehoda s následky na životě nebo zdraví,"povrch suchý, neznečistěný",neztížené,"ve dne, viditelnost nezhoršená vlivem povětrnostních podmínek",dobré,v blízkosti přechodu pro chodce (do vzdálenosti 20 m),uzel (křižovatka sledovaná ve vybraných městech),jízdní kolo,dobrý -žádné nepříznivé okolnosti nebyly zjiště,1,řidič,"bez přilby (pouze u motocyklistů, příp. cyklistů)",muž,těžké zranění,0,1,0,0,630,6,srpen,pátek,45-60,Brno-Královo Pole,16.59359387,49.22608233,{4FFDE70F-1F98-497E-8F1A-04EF8DFA51B5}
16.588896467,49.21836011,338,1,339,60206131504,-599268.883,-1158035.669,2013/08/04 00:00:00+00,7,2013,8,jiný druh nehody,řidič se plně nevěnoval řízení vozidla,Ne,řidičem nemotorového vozidla,nehoda s následky na životě nebo zdraví,"povrch suchý, neznečistěný",neztížené,"ve dne, viditelnost nezhoršená vlivem povětrnostních podmínek",dobré,žádné nebo žádné z uvedených,komunikace sledovaná (ve vybraných městech),jízdní kolo,dobrý -žádné nepříznivé okolnosti nebyly zjiště,1,řidič,"bez přilby (pouze u motocyklistů, příp. cyklistů)",muž,lehké zranění,0,0,1,30,1815,18,srpen,neděle,71 a více,Brno-Královo Pole,16.58889646,49.21836011,{D56E918A-D130-42F0-82EC-A8A9801E07A0}
16.646484048,49.1957967020001,339,1,340,60206131516,-595366.516,-1160980.639,2013/08/06 00:00:00+00,2,2013,8,srážka s jedoucím nekolejovým vozidlem,při odbočování vlevo,Ne,řidičem motorového vozidla,nehoda s následky na životě nebo zdraví,"povrch suchý, neznečistěný",neztížené,"ve dne, viditelnost nezhoršená vlivem povětrnostních podmínek",dobré,přechod pro chodce,uzel (křižovatka sledovaná ve vybraných městech),jízdní kolo,dobrý -žádné nepříznivé okolnosti nebyly zjiště,1,řidič,"s přilbou (pouze u motocyklistů, příp. cyklistů)",žena,lehké zranění,0,0,1,230,645,6,srpen,úterý,19-24,Brno-Židenice,16.64648404,49.1957967,{C620BD3A-94A2-4911-8CC6-6AC959B8B2CB}
16.6533420390001,49.1415096740001,340,1,341,60206131521,-595514.674,-1167036.372,2013/08/07 00:00:00+00,3,2013,8,havárie,řidič se plně nevěnoval řízení vozidla,"Ano, obsah alkoholu v krvi 1,5‰ a více",řidičem nemotorového vozidla,nehoda s následky na životě nebo zdraví,"povrch suchý, neznečistěný",neztížené,"ve dne, viditelnost nezhoršená vlivem povětrnostních podmínek",dobré,žádné nebo žádné z uvedených,komunikace místní,jízdní kolo,pod vlivem alkoholu obsah alkoholu v krvi 1 ‰ a víc,0,řidič,"bez přilby (pouze u motocyklistů, příp. cyklistů)",muž,lehké zranění,0,0,1,20,1200,12,srpen,středa,45-60,Brno-Chrlice,16.65334203,49.14150967,{2489437C-A9EE-42C3-9B9A-C90B2C8349B4}
16.6225392430001,49.1696288530001,341,1,342,60206131525,-597413.653,-1163686.89,2013/07/25 00:00:00+00,4,2013,7,jiný druh nehody,řidič se plně nevěnoval řízení vozidla,Nezjišťován,řidičem nemotorového vozidla,nehoda s následky na životě nebo zdraví,"povrch suchý, neznečistěný",neztížené,"ve dne, viditelnost nezhoršená vlivem povětrnostních podmínek",dobré,žádné nebo žádné z uvedených,komunikace místní,jízdní kolo,dobrý -žádné nepříznivé okolnosti nebyly zjiště,1,řidič,"s přilbou (pouze u motocyklistů, příp. cyklistů)",muž,bez zraněn,0,0,1,50,1300,13,červenec,čtvrtek,19-24,Brno-jih,16.62253923,49.16962885,{37C65AAB-AACB-486D-B736-3509356C1714}
16.6225392430001,49.1696288530001,342,1,343,60206131525,-597413.653,-1163686.89,2013/07/25 00:00:00+00,4,2013,7,jiný druh nehody,řidič se plně nevěnoval řízení vozidla,Nezjišťován,řidičem nemotorového vozidla,nehoda s následky na životě nebo zdraví,"povrch suchý, neznečistěný",neztížené,"ve dne, viditelnost nezhoršená vlivem povětrnostních podmínek",dobré,žádné nebo žádné z uvedených,komunikace místní,jízdní kolo,dobrý -žádné nepříznivé okolnosti nebyly zjiště,1,řidič,"s přilbou (pouze u motocyklistů, příp. cyklistů)",muž,lehké zranění,0,0,1,50,1300,13,červenec,čtvrtek,33-44,Brno-jih,16.62253923,49.16962885,{7059D93C-F07F-401B-A8F3-6BD357F059D8}
16.5151692060001,49.2276772550001,343,1,344,60206131527,-604495.396,-1156424.651,2013/08/08 00:00:00+00,4,2013,8,srážka s chodcem,nepřizpůsobení rychlosti intenzitě (hustotě) provozu,Ne,řidičem nemotorového vozidla,nehoda s následky na životě nebo zdraví,"povrch suchý, neznečistěný",neztížené,"ve dne, viditelnost nezhoršená vlivem povětrnostních podmínek",dobré,žádné nebo žádné z uvedených,komunikace místní,jízdní kolo,dobrý -žádné nepříznivé okolnosti nebyly zjiště,1,řidič,"bez přilby (pouze u motocyklistů, příp. cyklistů)",muž,lehké zranění,0,0,1,5,1610,16,srpen,čtvrtek,45-60,Brno-Bystrc,16.5151692,49.22767725,{6F99474E-C389-4907-A3E1-787ACEAA322C}
16.6298055450001,49.208430461,344,1,345,60206131535,-596424.461,-1159453.685,2013/08/09 00:00:00+00,5,2013,8,srážka s jedoucím nekolejovým vozidlem,řidič se plně nevěnoval řízení vozidla,Ne,řidičem motorového vozidla,nehoda s následky na životě nebo zdraví,"povrch suchý, neznečistěný",neztížené,"ve dne, viditelnost nezhoršená vlivem povětrnostních podmínek",dobré,žádné nebo žádné z uvedených,komunikace sledovaná (ve vybraných městech),jízdní kolo,dobrý -žádné nepříznivé okolnosti nebyly zjiště,1,řidič,"bez přilby (pouze u motocyklistů, příp. cyklistů)",žena,lehké zranění,0,0,1,90,845,8,srpen,pátek,33-44,Brno-sever,16.62980554,49.20843046,{DFC1C582-A031-4F6A-B19B-599F6095153D}
16.6086070040001,49.198801863,345,1,346,60206131538,-598075.099,-1160352.482,2013/08/09 00:00:00+00,5,2013,8,"srážka s vozidlem zaparkovaným, odstaveným",řidič se plně nevěnoval řízení vozidla,"Ano, obsah alkoholu v krvi 1,5‰ a více",řidičem nemotorového vozidla,nehoda s následky na životě nebo zdraví,"povrch suchý, neznečistěný",neztížené,"ve dne, viditelnost nezhoršená vlivem povětrnostních podmínek",dobré,žádné nebo žádné z uvedených,komunikace sledovaná (ve vybraných městech),jízdní kolo,pod vlivem alkoholu obsah alkoholu v krvi 1 ‰ a víc,1,řidič,"bez přilby (pouze u motocyklistů, příp. cyklistů)",muž,lehké zranění,0,0,1,100,1533,15,srpen,pátek,19-24,Brno-střed,16.608607,49.19880186,{D0D060C1-6101-4E10-BC93-4CFC733F7643}
16.60321736,49.1990248770001,346,1,347,60206131574,-598462.919,-1160285.611,2013/08/12 00:00:00+00,1,2013,8,srážka s jedoucím nekolejovým vozidlem,řidič se plně nevěnoval řízení vozidla,Nezjišťován,řidičem motorového vozidla,nehoda s následky na životě nebo zdraví,"povrch suchý, neznečistěný",neztížené,"ve dne, viditelnost nezhoršená vlivem povětrnostních podmínek",dobré,žádné nebo žádné z uvedených,komunikace sledovaná (ve vybraných městech),jízdní kolo,dobrý -žádné nepříznivé okolnosti nebyly zjiště,1,řidič,"bez přilby (pouze u motocyklistů, příp. cyklistů)",muž,lehké zranění,0,0,1,110,1737,17,srpen,pondělí,24-32,Brno-střed,16.60321735,49.19902487,{E39B6679-03F1-4BDE-B08D-DE1F9AAF0E25}
16.5930604480001,49.218282,347,1,348,60206131582,-598968.258,-1158076.966,2013/08/14 00:00:00+00,3,2013,8,srážka s jedoucím nekolejovým vozidlem,"bezohledná, agresivní, neohleduplná jízda",Nezjišťován,řidičem nemotorového vozidla,nehoda s následky na životě nebo zdraví,"povrch suchý, neznečistěný",neztížené,"ve dne, viditelnost nezhoršená vlivem povětrnostních podmínek",dobré,žádné nebo žádné z uvedených,komunikace sledovaná (ve vybraných městech),jízdní kolo,dobrý -žádné nepříznivé okolnosti nebyly zjiště,1,řidič,"s přilbou (pouze u motocyklistů, příp. cyklistů)",muž,lehké zranění,0,0,1,10,1750,17,srpen,středa,33-44,Brno-Královo Pole,16.59306044,49.218282,{F6CE9AAB-635B-4D53-B50C-CA6F58E536D2}
16.5957141550001,49.26744691,348,1,349,60206131591,-598187.697,-1152662.184,2013/08/15 00:00:00+00,4,2013,8,havárie,řidič se plně nevěnoval řízení vozidla,Nezjišťován,řidičem nemotorového vozidla,nehoda s následky na životě nebo zdraví,"povrch suchý, neznečistěný",neztížené,"ve dne, viditelnost nezhoršená vlivem povětrnostních podmínek",dobré,žádné nebo žádné z uvedených,komunikace sledovaná (ve vybraných městech),jízdní kolo,dobrý -žádné nepříznivé okolnosti nebyly zjiště,1,řidič,"s přilbou (pouze u motocyklistů, příp. cyklistů)",žena,lehké zranění,0,0,1,20,1955,19,srpen,čtvrtek,45-60,Brno-Jehnice,16.59571415,49.26744691,{D6C68128-55DB-457F-B048-816C39A4197F}
16.609787533,49.1953731990001,349,1,350,60206131594,-598030.529,-1160740.797,2013/08/16 00:00:00+00,5,2013,8,srážka s jedoucím nekolejovým vozidlem,vozidlu přijíždějícímu zprava,Ne,řidičem nemotorového vozidla,nehoda s následky na životě nebo zdraví,"povrch suchý, neznečistěný",neztížené,"v noci - s veřejným osvětlením, viditelnost nezhoršená vlivem povětrnostních podmínek",dobré,žádné nebo žádné z uvedených,komunikace místní,jízdní kolo,pod vlivem alkoholu obsah alkoholu v krvi 1 ‰ a víc,0,řidič,"bez přilby (pouze u motocyklistů, příp. cyklistů)",muž,bez zraněn,0,0,1,10,8,8,srpen,pátek,33-44,Brno-střed,16.60978752,49.1953732,{98612658-8CEC-4382-ABF1-8D3C5FE437E5}
16.609787533,49.1953731990001,350,1,351,60206131594,-598030.529,-1160740.797,2013/08/16 00:00:00+00,5,2013,8,srážka s jedoucím nekolejovým vozidlem,vozidlu přijíždějícímu zprava,Ne,řidičem nemotorového vozidla,nehoda s následky na životě nebo zdraví,"povrch suchý, neznečistěný",neztížené,"v noci - s veřejným osvětlením, viditelnost nezhoršená vlivem povětrnostních podmínek",dobré,žádné nebo žádné z uvedených,komunikace místní,jízdní kolo,dobrý -žádné nepříznivé okolnosti nebyly zjiště,1,řidič,"bez přilby (pouze u motocyklistů, příp. cyklistů)",žena,lehké zranění,0,0,1,10,8,8,srpen,pátek,45-60,Brno-střed,16.60978752,49.1953732,{1A3EB4EC-AA39-4231-A0E6-0CCFE312BA1F}
16.6024858270001,49.189472433,351,1,352,60206131606,-598630.141,-1161335.983,2013/08/15 00:00:00+00,4,2013,8,srážka s jedoucím nekolejovým vozidlem,při odbočování vlevo,Nezjišťován,řidičem motorového vozidla,nehoda s následky na životě nebo zdraví,"povrch suchý, neznečistěný",neztížené,"ve dne, viditelnost nezhoršená vlivem povětrnostních podmínek",dobré,žádné nebo žádné z uvedených,komunikace sledovaná (ve vybraných městech),jízdní kolo,dobrý -žádné nepříznivé okolnosti nebyly zjiště,4,řidič,"s přilbou (pouze u motocyklistů, příp. cyklistů)",muž,lehké zranění,0,0,1,30,1200,12,srpen,čtvrtek,33-44,Brno-střed,16.60248582,49.18947243,{4901E928-448E-4144-8DEA-CDE5CA40D78A}
16.550277164,49.218864362,352,1,353,60206131614,-602059.582,-1157676.21,2013/08/17 00:00:00+00,6,2013,8,srážka s jedoucím nekolejovým vozidlem,jiný druh nepřiměřené rychlosti,Nezjišťován,řidičem nemotorového vozidla,nehoda s následky na životě nebo zdraví,"povrch suchý, neznečistěný",neztížené,"v noci - s veřejným osvětlením, viditelnost nezhoršená vlivem povětrnostních podmínek",dobré,žádné nebo žádné z uvedených,komunikace sledovaná (ve vybraných městech),jízdní kolo,dobrý -žádné nepříznivé okolnosti nebyly zjiště,1,řidič,"s přilbou (pouze u motocyklistů, příp. cyklistů)",žena,těžké zranění,0,1,0,60,2210,22,srpen,sobota,45-60,Brno-Komín,16.55027716,49.21886436,{C910C005-F12E-49A4-BCC1-106EB7DC789C}
16.550277164,49.218864362,353,1,354,60206131614,-602059.582,-1157676.21,2013/08/17 00:00:00+00,6,2013,8,srážka s jedoucím nekolejovým vozidlem,jiný druh nepřiměřené rychlosti,Nezjišťován,řidičem nemotorového vozidla,nehoda s následky na životě nebo zdraví,"povrch suchý, neznečistěný",neztížené,"v noci - s veřejným osvětlením, viditelnost nezhoršená vlivem povětrnostních podmínek",dobré,žádné nebo žádné z uvedených,komunikace sledovaná (ve vybraných městech),jízdní kolo,,,,,,,0,1,0,60,2210,22,srpen,sobota,,Brno-Komín,16.55027716,49.21886436,{3A2085D8-66CE-40D3-8BE3-DBF57CFF8AFC}
16.5082785930001,49.219249136,354,1,355,60206131616,-605096.211,-1157301.768,2013/08/18 00:00:00+00,7,2013,8,srážka s jedoucím nekolejovým vozidlem,při odbočování vlevo,Ne,řidičem motorového vozidla,nehoda s následky na životě nebo zdraví,"povrch suchý, neznečistěný",neztížené,"ve dne, viditelnost nezhoršená vlivem povětrnostních podmínek",dobré,žádné nebo žádné z uvedených,uzel (křižovatka sledovaná ve vybraných městech),jízdní kolo,dobrý -žádné nepříznivé okolnosti nebyly zjiště,1,řidič,"s přilbou (pouze u motocyklistů, příp. cyklistů)",muž,lehké zranění,0,0,1,550,1755,17,srpen,neděle,33-44,Brno-Bystrc,16.50827858,49.21924913,{2416F9E0-26E8-458F-91DA-C2FC04E86DB6}
16.6318708490001,49.2456882320001,355,1,356,60206131621,-595830.944,-1155350.452,2013/08/18 00:00:00+00,7,2013,8,srážka s jedoucím nekolejovým vozidlem,"jízda po nesprávné straně vozovky, vjetí do protisměru",Nezjišťován,řidičem motorového vozidla,nehoda s následky na životě nebo zdraví,"povrch suchý, neznečistěný",neztížené,"ve dne, viditelnost nezhoršená vlivem povětrnostních podmínek",dobré,žádné nebo žádné z uvedených,komunikace místní,jízdní kolo,dobrý -žádné nepříznivé okolnosti nebyly zjiště,1,řidič,"s přilbou (pouze u motocyklistů, příp. cyklistů)",muž,lehké zranění,0,0,1,260,1715,17,srpen,neděle,45-60,Brno-Maloměřice a Obřany,16.63187084,49.24568823,{AA95DBCF-F82B-4B63-BD97-413C5A988589}