X,Y,objectid,join_count,target_fid,id,d,e,datum,den,rok,mesic,srazka,pricina,alkohol,zavineni,nasledky,stav_vozovky,povetrnostni_podm,viditelnost,rozhled,misto_nehody,druh_komun,druh_vozidla,stav_ridic,ovlivneni_ridice,osoba,ozn_osoba,pohlavi,nasledek,usmrceno_os,tezce_zran_os,lehce_zran_os,hmotna_skoda,cas,hodina,mesic_t,den_v_tydnu,vek_skupina,nazev,point_x,point_y,globalid
16.5309735050001,49.2294234,356,1,357,60206131623,-603330.096,-1156356.589,2013/08/19 00:00:00+00,1,2013,8,havárie,řidič se plně nevěnoval řízení vozidla,Nezjišťován,řidičem nemotorového vozidla,nehoda s následky na životě nebo zdraví,"povrch suchý, neznečistěný",neztížené,"ve dne, viditelnost nezhoršená vlivem povětrnostních podmínek",dobré,žádné nebo žádné z uvedených,komunikace místní,jízdní kolo,dobrý -žádné nepříznivé okolnosti nebyly zjiště,1,řidič,"bez přilby (pouze u motocyklistů, příp. cyklistů)",chlapec (do 15 let),lehké zranění,0,0,1,10,1345,13,srpen,pondělí,12-15,Brno-Bystrc,16.5309735,49.2294234,{271E496D-9C9D-4526-A5E3-CF2B7564AADE}
16.624807864,49.191284997,357,1,358,60206131633,-596990.945,-1161310.289,2013/08/20 00:00:00+00,2,2013,8,srážka s chodcem,nezaviněná řidičem,Ne,chodcem,nehoda s následky na životě nebo zdraví,"povrch suchý, neznečistěný",neztížené,"ve dne, viditelnost nezhoršená vlivem povětrnostních podmínek",dobré,"zastávka autobusu, trolejbusu, tramvaje s nástup. ostrůvkem",komunikace sledovaná (ve vybraných městech),jízdní kolo,dobrý -žádné nepříznivé okolnosti nebyly zjiště,1,řidič,"s přilbou (pouze u motocyklistů, příp. cyklistů)",muž,bez zraněn,0,0,1,0,1613,16,srpen,úterý,24-32,Brno-střed,16.62480786,49.19128499,{199DA3B2-9C82-44F8-8D2E-049780DE6416}
16.5713231710001,49.260991028,358,1,359,60206131634,-600029.84,-1153184.61,2013/08/20 00:00:00+00,2,2013,8,srážka s jedoucím nekolejovým vozidlem,proti příkazu dopravní značky DEJ PŘEDNOST,Ne,řidičem motorového vozidla,nehoda s následky na životě nebo zdraví,"povrch suchý, neznečistěný",neztížené,"ve dne, viditelnost nezhoršená vlivem povětrnostních podmínek",dobré,v blízkosti přechodu pro chodce (do vzdálenosti 20 m),uzel (křižovatka sledovaná ve vybraných městech),jízdní kolo,dobrý -žádné nepříznivé okolnosti nebyly zjiště,1,řidič,"s přilbou (pouze u motocyklistů, příp. cyklistů)",muž,lehké zranění,0,0,1,150,1810,18,srpen,úterý,24-32,Brno-Ivanovice,16.57132316,49.26099102,{A2600B13-C15C-4CBF-BB4D-2411399F2795}
16.5652342970001,49.193011449,359,1,360,60206131644,-601286.974,-1160652.118,2013/08/21 00:00:00+00,3,2013,8,srážka s jedoucím nekolejovým vozidlem,řidič se plně nevěnoval řízení vozidla,Ne,řidičem nemotorového vozidla,nehoda pouze s hmotnou škodou,"povrch suchý, neznečistěný",neztížené,"ve dne, viditelnost nezhoršená vlivem povětrnostních podmínek",dobré,žádné nebo žádné z uvedených,komunikace sledovaná (ve vybraných městech),jízdní kolo,,,,,,,0,0,0,400,1815,18,srpen,středa,,Brno-střed,16.56523429,49.19301145,{BBD9B19C-F7F1-4119-85D8-4C0C34825380}
16.6035682880001,49.216026652,360,1,361,60206131680,-598234.224,-1158408.663,2013/08/27 00:00:00+00,2,2013,8,srážka s jedoucím nekolejovým vozidlem,vozidlu přijíždějícímu zprava,Ne,řidičem nemotorového vozidla,nehoda s následky na životě nebo zdraví,povrch mokrý,"na počátku deště, slabý déšť, mrholení apod.","ve dne, zhoršená viditelnost vlivem povětrnostních podmínek (mlha, sněžení, déšť apod.)",dobré,žádné nebo žádné z uvedených,komunikace místní,jízdní kolo,dobrý -žádné nepříznivé okolnosti nebyly zjiště,1,řidič,"bez přilby (pouze u motocyklistů, příp. cyklistů)",žena,lehké zranění,0,0,1,20,1550,15,srpen,úterý,33-44,Brno-Královo Pole,16.60356828,49.21602665,{0E305A3E-5A84-47CA-AC08-567223511E74}
16.60694212,49.203698516,361,1,362,60206131690,-598137.203,-1159798.074,2013/08/29 00:00:00+00,4,2013,8,srážka s jedoucím nekolejovým vozidlem,řidič se plně nevěnoval řízení vozidla,Ne,řidičem motorového vozidla,nehoda s následky na životě nebo zdraví,"povrch suchý, neznečistěný",neztížené,"ve dne, viditelnost nezhoršená vlivem povětrnostních podmínek",dobré,parkoviště přiléhající ke komunikaci,komunikace sledovaná (ve vybraných městech),jízdní kolo,dobrý -žádné nepříznivé okolnosti nebyly zjiště,1,řidič,"s přilbou (pouze u motocyklistů, příp. cyklistů)",muž,lehké zranění,0,0,1,60,800,8,srpen,čtvrtek,33-44,Brno-střed,16.60694211,49.20369851,{28B00779-135E-41CA-BE31-93C0896C55E3}
16.57660924,49.23173597,362,1,363,60206131714,-599998.28,-1156460.426,2013/09/03 00:00:00+00,2,2013,9,havárie,"nepřizpůsobení rychlosti dopravně technickému stavu vozovky (zatáčka, klesání, stoupání, šířka vozovky apod.)","Ano, obsah alkoholu v krvi 1,5‰ a více",řidičem nemotorového vozidla,nehoda s následky na životě nebo zdraví,"povrch suchý, neznečistěný",neztížené,"v noci - s veřejným osvětlením, viditelnost nezhoršená vlivem povětrnostních podmínek",dobré,žádné nebo žádné z uvedených,komunikace místní,jízdní kolo,pod vlivem alkoholu obsah alkoholu v krvi 1 ‰ a víc,1,řidič,"bez přilby (pouze u motocyklistů, příp. cyklistů)",muž,těžké zranění,0,1,0,50,325,3,září,úterý,24-32,Brno-Medlánky,16.57660923,49.23173597,{91ED1C85-3206-4754-A76B-2E9FDFDA1A46}
16.585643551,49.237965022,363,1,364,60206131715,-599269.554,-1155842.693,2013/09/03 00:00:00+00,2,2013,9,jiný druh nehody,řidič se plně nevěnoval řízení vozidla,Ne,řidičem nemotorového vozidla,nehoda s následky na životě nebo zdraví,"povrch suchý, neznečistěný",neztížené,"ve dne, viditelnost nezhoršená vlivem povětrnostních podmínek",dobré,přechod pro chodce,komunikace sledovaná (ve vybraných městech),jízdní kolo,dobrý -žádné nepříznivé okolnosti nebyly zjiště,1,řidič,"bez přilby (pouze u motocyklistů, příp. cyklistů)",muž,lehké zranění,0,0,1,250,940,9,září,úterý,33-44,Brno-Řečkovice a Mokrá Hora,16.58564354,49.23796502,{C8C3F6A0-A8F9-4D78-A97B-4D34C32F3829}
16.607732721,49.2240969100001,364,1,365,60206131734,-597836.173,-1157549.025,2013/09/05 00:00:00+00,4,2013,9,havárie,řidič se plně nevěnoval řízení vozidla,Ne,řidičem nemotorového vozidla,nehoda s následky na životě nebo zdraví,"povrch suchý, neznečistěný",neztížené,"ve dne, viditelnost nezhoršená vlivem povětrnostních podmínek",dobré,žádné nebo žádné z uvedených,komunikace sledovaná (ve vybraných městech),jízdní kolo,dobrý -žádné nepříznivé okolnosti nebyly zjiště,1,řidič,"s přilbou (pouze u motocyklistů, příp. cyklistů)",muž,lehké zranění,0,0,1,20,1500,15,září,čtvrtek,61-70,Brno-Královo Pole,16.60773271,49.22409691,{427C2D22-F917-4FFB-A238-B85769B9841E}
16.655078229,49.1963135500001,365,1,366,60206131782,-594737.639,-1160990.442,2013/09/11 00:00:00+00,3,2013,9,srážka s jedoucím nekolejovým vozidlem,při odbočování vlevo,Ne,řidičem motorového vozidla,nehoda s následky na životě nebo zdraví,"povrch suchý, neznečistěný",neztížené,"ve dne, viditelnost nezhoršená vlivem povětrnostních podmínek",dobré,přechod pro chodce,komunikace sledovaná (ve vybraných městech),jízdní kolo,dobrý -žádné nepříznivé okolnosti nebyly zjiště,1,řidič,"bez přilby (pouze u motocyklistů, příp. cyklistů)",muž,lehké zranění,0,0,1,520,1555,15,září,středa,24-32,Brno-Židenice,16.65507822,49.19631355,{FB5AADF9-7074-444C-8376-DA673BE0E211}
16.580155873,49.2121097420001,366,1,367,60206131787,-599976.823,-1158658.067,2013/09/12 00:00:00+00,4,2013,9,srážka s jedoucím nekolejovým vozidlem,při otáčení nebo couvání,Ne,řidičem motorového vozidla,nehoda s následky na životě nebo zdraví,"povrch suchý, neznečistěný",neztížené,"ve dne, viditelnost nezhoršená vlivem povětrnostních podmínek",dobré,žádné nebo žádné z uvedených,komunikace sledovaná (ve vybraných městech),jízdní kolo,dobrý -žádné nepříznivé okolnosti nebyly zjiště,1,řidič,"s přilbou (pouze u motocyklistů, příp. cyklistů)",žena,lehké zranění,0,0,1,210,735,7,září,čtvrtek,19-24,Brno-Žabovřesky,16.58015586,49.21210974,{41FDB66F-1607-4A0A-81FE-8B32DFA8F1AF}
16.596838597,49.1847803360001,367,1,368,60206131821,-599095.507,-1161810.455,2013/09/16 00:00:00+00,1,2013,9,srážka s pevnou překážkou,řidič se plně nevěnoval řízení vozidla,Ne,řidičem nemotorového vozidla,nehoda s následky na životě nebo zdraví,povrch mokrý,déšť,"ve dne, viditelnost nezhoršená vlivem povětrnostních podmínek",dobré,v blízkosti přechodu pro chodce (do vzdálenosti 20 m),komunikace sledovaná (ve vybraných městech),jízdní kolo,dobrý -žádné nepříznivé okolnosti nebyly zjiště,1,řidič,"bez přilby (pouze u motocyklistů, příp. cyklistů)",muž,těžké zranění,0,1,0,0,610,6,září,pondělí,45-60,Brno-střed,16.59683859,49.18478033,{46D1DE63-3405-4491-9749-6A783C7FEECB}
16.583804984,49.1732054840001,368,1,369,60206131860,-600178.775,-1162987.806,2013/09/19 00:00:00+00,4,2013,9,srážka s jedoucím nekolejovým vozidlem,při odbočování vlevo,Ne,řidičem motorového vozidla,nehoda s následky na životě nebo zdraví,"povrch suchý, neznečistěný",neztížené,"ve dne, viditelnost nezhoršená vlivem povětrnostních podmínek",dobré,přechod pro chodce,uzel (křižovatka sledovaná ve vybraných městech),jízdní kolo,dobrý -žádné nepříznivé okolnosti nebyly zjiště,1,řidič,"s přilbou (pouze u motocyklistů, příp. cyklistů)",muž,lehké zranění,0,0,1,480,1800,18,září,čtvrtek,61-70,Brno-Bohunice,16.58380498,49.17320548,{6F15A5A7-9E6B-4EB1-98C2-97320EADEBB6}
16.6349077670001,49.1901407,369,1,370,60206131861,-596272.687,-1161515.695,2013/09/19 00:00:00+00,4,2013,9,havárie,řidič se plně nevěnoval řízení vozidla,Ne,řidičem nemotorového vozidla,nehoda s následky na životě nebo zdraví,"povrch suchý, neznečistěný",neztížené,"ve dne, viditelnost nezhoršená vlivem povětrnostních podmínek",dobré,žádné nebo žádné z uvedených,komunikace sledovaná (ve vybraných městech),jízdní kolo,pod vlivem alkoholu obsah alkoholu v krvi 1 ‰ a víc,1,řidič,"bez přilby (pouze u motocyklistů, příp. cyklistů)",muž,lehké zranění,0,0,1,10,2030,20,září,čtvrtek,33-44,Brno-Černovice,16.63490776,49.1901407,{AF056B3A-8A0E-4511-AB75-7D42798FB57A}
16.519812819,49.2210758590001,370,1,371,60206131880,-604238.933,-1157191.152,2013/09/23 00:00:00+00,1,2013,9,srážka s pevnou překážkou,řidič se plně nevěnoval řízení vozidla,Ne,řidičem motorového vozidla,nehoda s následky na životě nebo zdraví,"povrch suchý, neznečistěný",neztížené,"ve dne, zhoršená viditelnost (svítání, soumrak)",dobré,v blízkosti přechodu pro chodce (do vzdálenosti 20 m),komunikace sledovaná (ve vybraných městech),jízdní kolo,dobrý -žádné nepříznivé okolnosti nebyly zjiště,1,řidič,"bez přilby (pouze u motocyklistů, příp. cyklistů)",muž,lehké zranění,0,0,1,210,545,5,září,pondělí,45-60,Brno-Bystrc,16.51981281,49.22107586,{7E46AEB6-BC1F-4A92-A638-C845378A44AF}
16.571311499,49.2609756620001,371,1,372,60206131937,-600030.869,-1153186.217,2013/10/01 00:00:00+00,2,2013,10,srážka s jedoucím nekolejovým vozidlem,proti příkazu dopravní značky DEJ PŘEDNOST,Ne,řidičem motorového vozidla,nehoda s následky na životě nebo zdraví,"povrch suchý, neznečistěný",neztížené,"ve dne, viditelnost nezhoršená vlivem povětrnostních podmínek",dobré,žádné nebo žádné z uvedených,uzel (křižovatka sledovaná ve vybraných městech),jízdní kolo,dobrý -žádné nepříznivé okolnosti nebyly zjiště,1,řidič,"bez přilby (pouze u motocyklistů, příp. cyklistů)",muž,těžké zranění,0,1,0,450,953,9,říjen,úterý,33-44,Brno-Ivanovice,16.57131149,49.26097566,{EEC1DE01-5331-4D62-A7E9-B5A0D7AFF569}
16.605033813,49.1893453640001,372,1,373,60206131990,-598447.021,-1161369.998,2013/10/07 00:00:00+00,1,2013,10,"srážka s vozidlem zaparkovaným, odstaveným",řidič se plně nevěnoval řízení vozidla,Ne,řidičem nemotorového vozidla,nehoda s následky na životě nebo zdraví,"povrch suchý, neznečistěný",neztížené,"ve dne, viditelnost nezhoršená vlivem povětrnostních podmínek",dobré,žádné nebo žádné z uvedených,komunikace sledovaná (ve vybraných městech),jízdní kolo,dobrý -žádné nepříznivé okolnosti nebyly zjiště,1,řidič,"s přilbou (pouze u motocyklistů, příp. cyklistů)",muž,lehké zranění,0,0,1,200,1600,16,říjen,pondělí,12-15,Brno-střed,16.6050338,49.18934536,{3ADC8351-3DCE-4327-A69E-2ABB2A1E94FB}
16.6182425870001,49.1858258820001,373,1,374,60206132036,-597531.841,-1161862.521,2013/10/10 00:00:00+00,4,2013,10,srážka s jedoucím nekolejovým vozidlem,nepřizpůsobení rychlosti intenzitě (hustotě) provozu,Nezjišťován,řidičem nemotorového vozidla,nehoda pouze s hmotnou škodou,"povrch suchý, neznečistěný",neztížené,"ve dne, viditelnost nezhoršená vlivem povětrnostních podmínek",dobré,parkoviště přiléhající ke komunikaci,komunikace sledovaná (ve vybraných městech),jízdní kolo,,,,,,,0,0,0,100,1520,15,říjen,čtvrtek,,Brno-střed,16.61824258,49.18582588,{59E8A3D2-14DB-45AB-A830-3946F6EA1414}
16.6505311120001,49.1954728750001,374,1,375,60206132072,-595077.115,-1161047.979,2013/10/16 00:00:00+00,3,2013,10,srážka s jedoucím nekolejovým vozidlem,proti příkazu dopravní značky DEJ PŘEDNOST,"Ano, obsah alkoholu v krvi od 0,5‰ do 0,8‰",řidičem motorového vozidla,nehoda s následky na životě nebo zdraví,povrch mokrý,déšť,"v noci - s veřejným osvětlením, zhoršená viditelnost vlivem povětrnostních podmínek (mlha, déšť, sněžení apod.)",dobré,v blízkosti přechodu pro chodce (do vzdálenosti 20 m),uzel (křižovatka sledovaná ve vybraných městech),jízdní kolo,dobrý -žádné nepříznivé okolnosti nebyly zjiště,1,řidič,"s přilbou (pouze u motocyklistů, příp. cyklistů)",muž,lehké zranění,0,0,1,110,1,1,říjen,středa,33-44,Brno-Židenice,16.6505311,49.19547287,{DDFEDE53-F227-4639-A76D-504884815A28}
16.536247562,49.1952817660001,375,1,376,60206132075,-603359.812,-1160172.539,2013/10/16 00:00:00+00,3,2013,10,srážka s jedoucím nekolejovým vozidlem,při vjíždění na silnici,Ne,řidičem motorového vozidla,nehoda s následky na životě nebo zdraví,povrch mokrý,neztížené,"ve dne, viditelnost nezhoršená vlivem povětrnostních podmínek",dobré,žádné nebo žádné z uvedených,komunikace sledovaná (ve vybraných městech),jízdní kolo,dobrý -žádné nepříznivé okolnosti nebyly zjiště,1,řidič,"bez přilby (pouze u motocyklistů, příp. cyklistů)",muž,lehké zranění,0,0,1,50,645,6,říjen,středa,33-44,Brno-Kohoutovice,16.53624755,49.19528176,{F8F21D03-34C8-4C01-AD80-C34813EF9EDD}
16.6210295810001,49.222088506,376,1,377,60206132082,-596897.24,-1157875.066,2013/10/17 00:00:00+00,4,2013,10,srážka s jedoucím nekolejovým vozidlem,proti příkazu dopravní značky DEJ PŘEDNOST,Ne,řidičem motorového vozidla,nehoda s následky na životě nebo zdraví,"povrch suchý, neznečistěný",neztížené,"v noci - bez veřejného osvětlení, viditelnost nezhoršená vlivem povětrnostních podmínek",dobré,v blízkosti přechodu pro chodce (do vzdálenosti 20 m),komunikace sledovaná (ve vybraných městech),jízdní kolo,dobrý -žádné nepříznivé okolnosti nebyly zjiště,1,řidič,"s přilbou (pouze u motocyklistů, příp. cyklistů)",muž,lehké zranění,0,0,1,180,550,5,říjen,čtvrtek,33-44,Brno-Královo Pole,16.62102957,49.2220885,{54CAAEA3-E4F3-4763-9D9B-0EA7494EB2C5}
16.5651995210001,49.1930287370001,377,1,378,60206132128,-601289.286,-1160649.933,2013/10/22 00:00:00+00,2,2013,10,srážka s jedoucím nekolejovým vozidlem,jiné nedání přednosti,Ne,řidičem motorového vozidla,nehoda s následky na životě nebo zdraví,"povrch suchý, neznečistěný",neztížené,"ve dne, viditelnost nezhoršená vlivem povětrnostních podmínek",dobré,přechod pro chodce,uzel (křižovatka sledovaná ve vybraných městech),jízdní kolo,dobrý -žádné nepříznivé okolnosti nebyly zjiště,1,řidič,"bez přilby (pouze u motocyklistů, příp. cyklistů)",muž,lehké zranění,0,0,1,220,1250,12,říjen,úterý,24-32,Brno-střed,16.56519951,49.19302873,{278E72D1-077C-46C4-9B4D-C0C3A62FA965}
16.5950459320001,49.2084639010001,378,1,379,60206132135,-598941.972,-1159178,2013/10/23 00:00:00+00,3,2013,10,srážka s jedoucím nekolejovým vozidlem,při odbočování vlevo,Ne,řidičem motorového vozidla,nehoda s následky na životě nebo zdraví,"povrch suchý, neznečistěný",neztížené,"ve dne, zhoršená viditelnost (svítání, soumrak)",dobré,v blízkosti přechodu pro chodce (do vzdálenosti 20 m),uzel (křižovatka sledovaná ve vybraných městech),jízdní kolo,dobrý -žádné nepříznivé okolnosti nebyly zjiště,1,řidič,"s přilbou (pouze u motocyklistů, příp. cyklistů)",žena,lehké zranění,0,0,1,260,713,7,říjen,středa,24-32,Brno-střed,16.59504592,49.2084639,{ADDADD83-5CF3-4040-8451-1CE412531F8A}
16.6105305830001,49.1919680120001,379,1,380,60206132236,-598017.367,-1161123.091,2013/11/06 00:00:00+00,3,2013,11,havárie,řidič se plně nevěnoval řízení vozidla,Ne,řidičem nemotorového vozidla,nehoda s následky na životě nebo zdraví,povrch mokrý,neztížené,"ve dne, viditelnost nezhoršená vlivem povětrnostních podmínek",dobré,žádné nebo žádné z uvedených,komunikace sledovaná (ve vybraných městech),jízdní kolo,dobrý -žádné nepříznivé okolnosti nebyly zjiště,1,řidič,"s přilbou (pouze u motocyklistů, příp. cyklistů)",muž,lehké zranění,0,0,1,20,720,7,listopad,středa,45-60,Brno-střed,16.61053057,49.19196801,{69AFC7B5-F81E-4EC6-8116-C15FFC18C5C3}
16.560511374,49.217627754,380,1,381,60206132244,-601333.317,-1157893.543,2013/11/07 00:00:00+00,4,2013,11,srážka s jedoucím nekolejovým vozidlem,proti příkazu dopravní značky DEJ PŘEDNOST,Ne,řidičem motorového vozidla,nehoda s následky na životě nebo zdraví,povrch mokrý,neztížené,"ve dne, viditelnost nezhoršená vlivem povětrnostních podmínek",dobré,v blízkosti přechodu pro chodce (do vzdálenosti 20 m),uzel (křižovatka sledovaná ve vybraných městech),jízdní kolo,dobrý -žádné nepříznivé okolnosti nebyly zjiště,1,řidič,"s přilbou (pouze u motocyklistů, příp. cyklistů)",muž,lehké zranění,0,0,1,10,915,9,listopad,čtvrtek,24-32,Brno-Komín,16.56051137,49.21762775,{ED6B5CDF-7DD4-4572-AA5C-ACEF339D1C80}
16.628437983,49.1936120190001,381,1,382,60206132252,-596700.154,-1161081.373,2013/11/07 00:00:00+00,4,2013,11,havárie,řidič se plně nevěnoval řízení vozidla,Ne,řidičem nemotorového vozidla,nehoda s následky na životě nebo zdraví,"povrch suchý, neznečistěný",neztížené,"ve dne, zhoršená viditelnost (svítání, soumrak)",dobré,žádné nebo žádné z uvedených,komunikace místní,jízdní kolo,dobrý -žádné nepříznivé okolnosti nebyly zjiště,1,řidič,"s přilbou (pouze u motocyklistů, příp. cyklistů)",muž,těžké zranění,0,1,0,0,1735,17,listopad,čtvrtek,61-70,Brno-střed,16.62843797,49.19361202,{22BF24B4-B40D-43A9-A3F8-F7ED39B52DBF}
16.588565945,49.1847907900001,382,1,383,60206132280,-599694.904,-1161744.38,2013/11/10 00:00:00+00,7,2013,11,jiný druh nehody,jiný druh nesprávného způsobu jízdy,Ne,řidičem motorového vozidla,nehoda s následky na životě nebo zdraví,"povrch suchý, neznečistěný",neztížené,"v noci - s veřejným osvětlením, viditelnost nezhoršená vlivem povětrnostních podmínek",dobré,žádné nebo žádné z uvedených,komunikace místní,jízdní kolo,dobrý -žádné nepříznivé okolnosti nebyly zjiště,1,řidič,"s přilbou (pouze u motocyklistů, příp. cyklistů)",muž,lehké zranění,0,0,1,300,1630,16,listopad,neděle,24-32,Brno-střed,16.58856594,49.18479079,{98EC517C-DD2B-4883-A3DB-DBCDF0E127A1}
16.5669786830001,49.1935378320001,383,1,384,60206132332,-601154.262,-1160607.656,2013/11/17 00:00:00+00,7,2013,11,srážka s jedoucím nekolejovým vozidlem,řidič se plně nevěnoval řízení vozidla,Ne,řidičem motorového vozidla,nehoda s následky na životě nebo zdraví,"povrch suchý, neznečistěný",neztížené,"ve dne, viditelnost nezhoršená vlivem povětrnostních podmínek",dobré,žádné nebo žádné z uvedených,komunikace sledovaná (ve vybraných městech),jízdní kolo,dobrý -žádné nepříznivé okolnosti nebyly zjiště,1,řidič,"s přilbou (pouze u motocyklistů, příp. cyklistů)",žena,lehké zranění,0,0,1,150,1530,15,listopad,neděle,45-60,Brno-střed,16.56697867,49.19353783,{A869F626-3FF4-4383-9835-090772A99B94}
16.5852458570001,49.2385269850001,384,1,385,60206132450,-599291.61,-1155777.444,2013/12/02 00:00:00+00,1,2013,12,srážka s jedoucím nekolejovým vozidlem,řidič se plně nevěnoval řízení vozidla,Ne,řidičem nemotorového vozidla,nehoda s následky na životě nebo zdraví,"povrch suchý, neznečistěný",neztížené,"ve dne, viditelnost nezhoršená vlivem povětrnostních podmínek",dobré,přechod pro chodce,uzel (křižovatka sledovaná ve vybraných městech),jízdní kolo,dobrý -žádné nepříznivé okolnosti nebyly zjiště,1,řidič,"s přilbou (pouze u motocyklistů, příp. cyklistů)",muž,lehké zranění,0,0,1,150,1500,15,prosinec,pondělí,61-70,Brno-Řečkovice a Mokrá Hora,16.58524585,49.23852698,{EF3B2FA8-7BD0-4B1C-AFF0-3C01833DB7DB}
16.633956778,49.190265724,385,1,386,60206132481,-596340.113,-1161494.448,2013/12/06 00:00:00+00,5,2013,12,srážka s jedoucím nekolejovým vozidlem,proti příkazu dopravní značky DEJ PŘEDNOST,Ne,řidičem motorového vozidla,nehoda s následky na životě nebo zdraví,"povrch suchý, neznečistěný",neztížené,"v noci - s veřejným osvětlením, viditelnost nezhoršená vlivem povětrnostních podmínek",dobré,žádné nebo žádné z uvedených,uzel (křižovatka sledovaná ve vybraných městech),jízdní kolo,dobrý -žádné nepříznivé okolnosti nebyly zjiště,1,řidič,"s přilbou (pouze u motocyklistů, příp. cyklistů)",muž,lehké zranění,0,0,1,20,1600,16,prosinec,pátek,45-60,Brno-Černovice,16.63395677,49.19026572,{D29EB50C-32BF-4944-8CFA-71A8567B92DA}
16.6066823030001,49.1981537560001,386,1,387,60206132546,-598222.292,-1160409.064,2013/12/13 00:00:00+00,5,2013,12,srážka s jedoucím nekolejovým vozidlem,jiné nedání přednosti,Ne,řidičem motorového vozidla,nehoda s následky na životě nebo zdraví,"povrch suchý, neznečistěný",neztížené,"ve dne, viditelnost nezhoršená vlivem povětrnostních podmínek",dobré,parkoviště přiléhající ke komunikaci,komunikace místní,jízdní kolo,dobrý -žádné nepříznivé okolnosti nebyly zjiště,1,řidič,"bez přilby (pouze u motocyklistů, příp. cyklistů)",muž,lehké zranění,0,0,1,220,1310,13,prosinec,pátek,33-44,Brno-střed,16.60668229,49.19815375,{967990A2-732A-417C-AD11-6C1836072F97}
16.612462646,49.2048809360001,387,1,388,60206132561,-597723.15,-1159710.561,2013/12/15 00:00:00+00,7,2013,12,srážka s jedoucím nekolejovým vozidlem,proti příkazu dopravní značky DEJ PŘEDNOST,Ne,řidičem motorového vozidla,nehoda s následky na životě nebo zdraví,"povrch suchý, neznečistěný",neztížené,"v noci - s veřejným osvětlením, viditelnost nezhoršená vlivem povětrnostních podmínek",dobré,parkoviště přiléhající ke komunikaci,komunikace sledovaná (ve vybraných městech),jízdní kolo,dobrý -žádné nepříznivé okolnosti nebyly zjiště,1,řidič,"s přilbou (pouze u motocyklistů, příp. cyklistů)",muž,lehké zranění,0,0,1,150,1840,18,prosinec,neděle,45-60,Brno-střed,16.61246264,49.20488093,{CDF00E3C-ADFD-4872-850D-BCE3E139CBEA}
16.6184016780001,49.1876239640001,388,1,389,60206132608,-597498.853,-1161664.968,2013/12/20 00:00:00+00,5,2013,12,srážka s jedoucím nekolejovým vozidlem,řidič se plně nevěnoval řízení vozidla,Ne,řidičem motorového vozidla,nehoda s následky na životě nebo zdraví,"povrch suchý, neznečistěný",neztížené,"ve dne, viditelnost nezhoršená vlivem povětrnostních podmínek",dobré,parkoviště přiléhající ke komunikaci,komunikace sledovaná (ve vybraných městech),jízdní kolo,dobrý -žádné nepříznivé okolnosti nebyly zjiště,1,řidič,"s přilbou (pouze u motocyklistů, příp. cyklistů)",muž,těžké zranění,0,1,0,70,1635,16,prosinec,pátek,33-44,Brno-střed,16.61840167,49.18762396,{70A3FA5C-51C9-4310-B724-3F394FCD69A1}
16.613055509,49.223703824,389,1,390,60206140102,-597455.419,-1157634.132,2014/01/20 00:00:00+00,1,2014,1,srážka s jedoucím nekolejovým vozidlem,při odbočování vlevo,Ne,řidičem motorového vozidla,nehoda s následky na životě nebo zdraví,povrch mokrý,déšť,"ve dne, viditelnost nezhoršená vlivem povětrnostních podmínek",dobré,žádné nebo žádné z uvedených,komunikace sledovaná (ve vybraných městech),jízdní kolo,dobrý -žádné nepříznivé okolnosti nebyly zjiště,1,řidič,"s přilbou (pouze u motocyklistů, příp. cyklistů)",žena,těžké zranění,0,1,0,100,700,7,leden,pondělí,33-44,Brno-Královo Pole,16.6130555,49.22370382,{AC9029A3-E4C1-4FB4-AB8D-9AC55EF5F8C1}
16.595772654,49.191041528,390,1,391,60206140118,-599097.828,-1161109.873,2014/01/22 00:00:00+00,3,2014,1,srážka s jedoucím nekolejovým vozidlem,při odbočování vlevo,Ne,řidičem motorového vozidla,nehoda s následky na životě nebo zdraví,povrch mokrý,neztížené,"ve dne, zhoršená viditelnost (svítání, soumrak)",dobré,přechod pro chodce,uzel (křižovatka sledovaná ve vybraných městech),jízdní kolo,dobrý -žádné nepříznivé okolnosti nebyly zjiště,1,řidič,"bez přilby (pouze u motocyklistů, příp. cyklistů)",muž,lehké zranění,0,0,1,0,650,6,leden,středa,24-32,Brno-střed,16.59577265,49.19104152,{90BCC803-A8DB-4DF1-8B4A-C642E66D31BC}
16.599964212,49.1895319880001,391,1,392,60206140228,-598812.156,-1161309.633,2014/02/04 00:00:00+00,2,2014,2,srážka s jedoucím nekolejovým vozidlem,při vjíždění na silnici,Ne,řidičem motorového vozidla,nehoda s následky na životě nebo zdraví,"povrch suchý, neznečistěný",neztížené,"v noci - s veřejným osvětlením, viditelnost nezhoršená vlivem povětrnostních podmínek",dobré,žádné nebo žádné z uvedených,komunikace sledovaná (ve vybraných městech),jízdní kolo,dobrý -žádné nepříznivé okolnosti nebyly zjiště,1,řidič,"s přilbou (pouze u motocyklistů, příp. cyklistů)",muž,lehké zranění,0,0,1,230,1740,17,únor,úterý,33-44,Brno-střed,16.5999642,49.18953198,{1444A984-879D-4A8B-A3F8-29598B3E59E8}