X,Y,objectid,join_count,target_fid,id,d,e,datum,den,rok,mesic,srazka,pricina,alkohol,zavineni,nasledky,stav_vozovky,povetrnostni_podm,viditelnost,rozhled,misto_nehody,druh_komun,druh_vozidla,stav_ridic,ovlivneni_ridice,osoba,ozn_osoba,pohlavi,nasledek,usmrceno_os,tezce_zran_os,lehce_zran_os,hmotna_skoda,cas,hodina,mesic_t,den_v_tydnu,vek_skupina,nazev,point_x,point_y,globalid
16.6491076,49.133324294,463,1,464,60206141567,-595919.155,-1167908.367,2014/08/11 00:00:00+00,1,2014,8,srážka s jedoucím nekolejovým vozidlem,řidič se plně nevěnoval řízení vozidla,Ne,řidičem nemotorového vozidla,nehoda s následky na životě nebo zdraví,povrch mokrý,neztížené,"ve dne, zhoršená viditelnost (svítání, soumrak)",dobré,"výjezd z parkoviště, lesní cesty apod. (pol.36=7,8)",komunikace sledovaná (ve vybraných městech),jízdní kolo,dobrý -žádné nepříznivé okolnosti nebyly zjiště,1,řidič,"bez přilby (pouze u motocyklistů, příp. cyklistů)",žena,lehké zranění,0,0,1,55,1940,19,srpen,pondělí,71 a více,Brno-Chrlice,16.64910759,49.13332429,{D4D7F5DE-634A-4857-A69F-7702CC4C3C91}
16.602969306,49.1981688380001,464,1,465,60206141577,-598491.126,-1160378.31,2014/08/13 00:00:00+00,3,2014,8,havárie,jiný druh nepřiměřené rychlosti,"Ano, obsah alkoholu v krvi 1,5‰ a více",řidičem nemotorového vozidla,nehoda s následky na životě nebo zdraví,"povrch suchý, neznečistěný",neztížené,"v noci - s veřejným osvětlením, viditelnost nezhoršená vlivem povětrnostních podmínek",dobré,v blízkosti přechodu pro chodce (do vzdálenosti 20 m),komunikace sledovaná (ve vybraných městech),jízdní kolo,pod vlivem alkoholu obsah alkoholu v krvi 1 ‰ a víc,1,řidič,"bez přilby (pouze u motocyklistů, příp. cyklistů)",muž,lehké zranění,0,0,1,10,125,1,srpen,středa,24-32,Brno-střed,16.6029693,49.19816883,{769ED086-46C4-4FF9-8A41-535FE43601ED}
16.609755374,49.1997207520001,465,1,466,60206141579,-597980.92,-1160259.881,2014/08/13 00:00:00+00,3,2014,8,srážka s jedoucím nekolejovým vozidlem,"jízda na ""červenou"" 3-barevného semaforu",Ne,řidičem nemotorového vozidla,nehoda s následky na životě nebo zdraví,"povrch suchý, neznečistěný",neztížené,"ve dne, viditelnost nezhoršená vlivem povětrnostních podmínek",dobré,v blízkosti přechodu pro chodce (do vzdálenosti 20 m),uzel (křižovatka sledovaná ve vybraných městech),jízdní kolo,dobrý -žádné nepříznivé okolnosti nebyly zjiště,1,řidič,"s přilbou (pouze u motocyklistů, příp. cyklistů)",muž,těžké zranění,0,1,0,420,1425,14,srpen,středa,33-44,Brno-střed,16.60975537,49.19972075,{CCB73590-3232-4308-A56B-C0E87E4FC3DA}
16.63337112,49.2104928260001,466,1,467,60206141636,-596141.604,-1159253.497,2014/08/22 00:00:00+00,5,2014,8,jiný druh nehody,řidič se plně nevěnoval řízení vozidla,Ne,řidičem nemotorového vozidla,nehoda s následky na životě nebo zdraví,"povrch suchý, neznečistěný",neztížené,"ve dne, viditelnost nezhoršená vlivem povětrnostních podmínek",dobré,"zastávka tramvaje, autobusu, trolejbusu bez nástup. ostrůvku",komunikace sledovaná (ve vybraných městech),jízdní kolo,dobrý -žádné nepříznivé okolnosti nebyly zjiště,1,řidič,"s přilbou (pouze u motocyklistů, příp. cyklistů)",dívka (do 15 let),bez zraněn,0,0,1,10,1211,12,srpen,pátek,12-15,Brno-sever,16.63337111,49.21049282,{5D77F402-EFD2-4C87-A7A0-DE459F221634}
16.5944502,49.1956959280001,467,1,468,60206141649,-599137.946,-1160584.922,2014/08/25 00:00:00+00,1,2014,8,srážka s jedoucím nekolejovým vozidlem,při odbočování vlevo,Ne,řidičem motorového vozidla,nehoda s následky na životě nebo zdraví,"povrch suchý, neznečistěný",neztížené,"ve dne, viditelnost nezhoršená vlivem povětrnostních podmínek",dobré,žádné nebo žádné z uvedených,komunikace sledovaná (ve vybraných městech),jízdní kolo,dobrý -žádné nepříznivé okolnosti nebyly zjiště,1,řidič,"bez přilby (pouze u motocyklistů, příp. cyklistů)",žena,lehké zranění,0,0,1,210,745,7,srpen,pondělí,24-32,Brno-střed,16.59445019,49.19569592,{F0E05046-F08D-4706-B91C-5BF5F136077F}
16.647497779,49.190909129,468,1,469,60206141653,-595351.182,-1161528.937,2014/08/25 00:00:00+00,1,2014,8,jiný druh nehody,řidič se plně nevěnoval řízení vozidla,Ne,řidičem motorového vozidla,nehoda s následky na životě nebo zdraví,"povrch suchý, neznečistěný",neztížené,"ve dne, viditelnost nezhoršená vlivem povětrnostních podmínek",dobré,žádné nebo žádné z uvedených,komunikace místní,jízdní kolo,dobrý -žádné nepříznivé okolnosti nebyly zjiště,1,řidič,"s přilbou (pouze u motocyklistů, příp. cyklistů)",chlapec (do 15 let),lehké zranění,0,0,1,0,1840,18,srpen,pondělí,12-15,Brno-Židenice,16.64749777,49.19090913,{EBC53294-70C3-4996-AC04-EC52267D6411}
16.5853070520001,49.2106808440001,469,1,470,60206141654,-599620.848,-1158856.491,2014/08/25 00:00:00+00,1,2014,8,srážka s jedoucím nekolejovým vozidlem,nezvládnutí řízení vozidla,"Ano, obsah alkoholu v krvi 1,5‰ a více",řidičem nemotorového vozidla,nehoda pouze s hmotnou škodou,"povrch suchý, neznečistěný",neztížené,"v noci - s veřejným osvětlením, viditelnost nezhoršená vlivem povětrnostních podmínek",dobré,žádné nebo žádné z uvedených,komunikace sledovaná (ve vybraných městech),jízdní kolo,pod vlivem alkoholu obsah alkoholu v krvi 1 ‰ a víc,1,řidič,"bez přilby (pouze u motocyklistů, příp. cyklistů)",muž,bez zraněn,0,0,0,10,2210,22,srpen,pondělí,16-18,Brno-Žabovřesky,16.58530704,49.21068084,{8AA59BFD-508E-4048-997E-5399BF0FE93F}
16.6081202680001,49.1975676920001,470,1,471,60206141677,-598125.111,-1160485.12,2014/08/29 00:00:00+00,5,2014,8,havárie,jiný druh nepřiměřené rychlosti,"Ano, obsah alkoholu v krvi 1,5‰ a více",řidičem nemotorového vozidla,nehoda s následky na životě nebo zdraví,"povrch suchý, neznečistěný",neztížené,"v noci - s veřejným osvětlením, viditelnost nezhoršená vlivem povětrnostních podmínek",dobré,žádné nebo žádné z uvedených,komunikace místní,jízdní kolo,pod vlivem alkoholu obsah alkoholu v krvi 1 ‰ a víc,1,řidič,"bez přilby (pouze u motocyklistů, příp. cyklistů)",muž,lehké zranění,0,0,1,0,115,1,srpen,pátek,19-24,Brno-střed,16.60812026,49.19756769,{782B10CF-7B49-4416-9B57-F86CFB3FEC22}
16.5819562410001,49.251094247,471,1,472,60206141682,-599379.098,-1154362.24,2014/08/29 00:00:00+00,5,2014,8,srážka s jedoucím nekolejovým vozidlem,řidič se plně nevěnoval řízení vozidla,Ne,řidičem motorového vozidla,nehoda s následky na životě nebo zdraví,"povrch suchý, neznečistěný",neztížené,"ve dne, viditelnost nezhoršená vlivem povětrnostních podmínek",dobré,žádné nebo žádné z uvedených,komunikace sledovaná (ve vybraných městech),jízdní kolo,dobrý -žádné nepříznivé okolnosti nebyly zjiště,1,řidič,"s přilbou (pouze u motocyklistů, příp. cyklistů)",muž,lehké zranění,0,0,1,250,1058,10,srpen,pátek,24-32,Brno-Řečkovice a Mokrá Hora,16.58195623,49.25109424,{15FDA86D-4111-4B49-A22B-11CF5E9B07D5}
16.655518327,49.1963841360001,472,1,473,60206141723,-594704.911,-1160986.064,2014/09/04 00:00:00+00,4,2014,9,srážka s chodcem,nepřizpůsobení rychlosti vlastnostem vozidla a nákladu,Ne,řidičem nemotorového vozidla,nehoda s následky na životě nebo zdraví,"povrch suchý, neznečistěný",neztížené,"ve dne, viditelnost nezhoršená vlivem povětrnostních podmínek",dobré,žádné nebo žádné z uvedených,komunikace sledovaná (ve vybraných městech),jízdní kolo,dobrý -žádné nepříznivé okolnosti nebyly zjiště,1,řidič,"bez přilby (pouze u motocyklistů, příp. cyklistů)",muž,bez zraněn,1,0,0,20,1345,13,září,čtvrtek,33-44,Brno-Židenice,16.65551832,49.19638413,{12B024BE-D8C5-43EA-96FA-A57724C84C52}
16.6140060340001,49.1983417930001,473,1,474,60206141728,-597689.423,-1160445.608,2014/09/04 00:00:00+00,4,2014,9,havárie,řidič se plně nevěnoval řízení vozidla,Nezjišťován,řidičem nemotorového vozidla,nehoda s následky na životě nebo zdraví,"povrch suchý, neznečistěný",neztížené,"v noci - s veřejným osvětlením, viditelnost nezhoršená vlivem povětrnostních podmínek",dobré,žádné nebo žádné z uvedených,uzel (křižovatka sledovaná ve vybraných městech),jízdní kolo,pod vlivem alkoholu obsah alkoholu v krvi 1 ‰ a víc,1,řidič,"bez přilby (pouze u motocyklistů, příp. cyklistů)",muž,lehké zranění,0,0,1,0,2155,21,září,čtvrtek,45-60,Brno-střed,16.61400603,49.19834179,{732F2455-CBCF-47BA-82BD-1B561A2E403A}
16.5946309120001,49.226726339,474,1,475,60206141755,-598753.453,-1157155.693,2014/09/08 00:00:00+00,1,2014,9,srážka s jedoucím nekolejovým vozidlem,při vjíždění na silnici,Ne,řidičem motorového vozidla,nehoda s následky na životě nebo zdraví,"povrch suchý, neznečistěný",neztížené,"ve dne, viditelnost nezhoršená vlivem povětrnostních podmínek",dobré,"výjezd z parkoviště, lesní cesty apod. (pol.36=7,8)",komunikace místní,jízdní kolo,dobrý -žádné nepříznivé okolnosti nebyly zjiště,1,řidič,"s přilbou (pouze u motocyklistů, příp. cyklistů)",muž,lehké zranění,0,0,1,300,1105,11,září,pondělí,19-24,Brno-Královo Pole,16.5946309,49.22672634,{C1DD7765-226B-4E04-AC96-BC3BEF82AE11}
16.587825347,49.2345671680001,475,1,476,60206141760,-599152.312,-1156235.465,2014/09/09 00:00:00+00,2,2014,9,srážka s jedoucím nekolejovým vozidlem,při odbočování vlevo,Nezjišťován,řidičem motorového vozidla,nehoda s následky na životě nebo zdraví,"povrch suchý, neznečistěný",neztížené,"ve dne, viditelnost nezhoršená vlivem povětrnostních podmínek",dobré,přechod pro chodce,uzel (křižovatka sledovaná ve vybraných městech),jízdní kolo,dobrý -žádné nepříznivé okolnosti nebyly zjiště,1,řidič,"bez přilby (pouze u motocyklistů, příp. cyklistů)",muž,lehké zranění,0,0,1,55,900,9,září,úterý,24-32,Brno-Řečkovice a Mokrá Hora,16.58782534,49.23456716,{F04FB426-DC67-47DF-8F93-177C293A202D}
16.509141077,49.2185063200001,476,1,477,60206141827,-605042.741,-1157390.715,2014/09/16 00:00:00+00,2,2014,9,srážka s jedoucím nekolejovým vozidlem,řidič se plně nevěnoval řízení vozidla,"Ano, obsah alkoholu v krvi od 1,0‰ do 1,5‰",řidičem nemotorového vozidla,nehoda s následky na životě nebo zdraví,povrch mokrý,neztížené,"ve dne, viditelnost nezhoršená vlivem povětrnostních podmínek",dobré,přechod pro chodce,komunikace sledovaná (ve vybraných městech),jízdní kolo,pod vlivem alkoholu obsah alkoholu v krvi 1 ‰ a víc,1,řidič,"bez přilby (pouze u motocyklistů, příp. cyklistů)",muž,lehké zranění,0,0,1,180,1835,18,září,úterý,24-32,Brno-Bystrc,16.50914107,49.21850632,{BEDE58DF-4A94-48D8-994E-E655ED76EAAD}
16.4614430190001,49.2546320870001,477,1,478,60206141857,-608057.128,-1153018.526,2014/09/20 00:00:00+00,6,2014,9,srážka s chodcem,řidič se plně nevěnoval řízení vozidla,Ne,řidičem motorového vozidla,nehoda s následky na životě nebo zdraví,"povrch suchý, neznečistěný",neztížené,"v noci - bez veřejného osvětlení, viditelnost nezhoršená vlivem povětrnostních podmínek",dobré,žádné nebo žádné z uvedených,komunikace sledovaná (ve vybraných městech),jízdní kolo,,,,,,,0,0,1,350,2030,20,září,sobota,,Brno-Bystrc,16.46144301,49.25463208,{D386A783-CE1A-426F-A7A4-E96B51294E67}
16.662974686,49.2002396830001,478,1,479,60206141860,-594118.86,-1160617.788,2014/09/22 00:00:00+00,1,2014,9,srážka s jedoucím nekolejovým vozidlem,proti příkazu dopravní značky DEJ PŘEDNOST,Ne,řidičem motorového vozidla,nehoda s následky na životě nebo zdraví,povrch mokrý,"na počátku deště, slabý déšť, mrholení apod.","v noci - s veřejným osvětlením, viditelnost nezhoršená vlivem povětrnostních podmínek",dobré,žádné nebo žádné z uvedených,komunikace místní,jízdní kolo,dobrý -žádné nepříznivé okolnosti nebyly zjiště,1,řidič,"s přilbou (pouze u motocyklistů, příp. cyklistů)",muž,lehké zranění,0,0,1,20,430,4,září,pondělí,45-60,Brno-Vinohrady,16.66297468,49.20023968,{92899516-C8BB-43F5-A76B-38E2B620B883}
16.601847203,49.2017085040001,479,1,480,60206141861,-598530.096,-1159978.177,2014/09/22 00:00:00+00,1,2014,9,srážka s jedoucím nekolejovým vozidlem,nesprávné otáčení nebo couvání,Ne,řidičem motorového vozidla,nehoda s následky na životě nebo zdraví,"povrch suchý, neznečistěný",neztížené,"ve dne, viditelnost nezhoršená vlivem povětrnostních podmínek",dobré,v blízkosti přechodu pro chodce (do vzdálenosti 20 m),uzel (křižovatka sledovaná ve vybraných městech),jízdní kolo,dobrý -žádné nepříznivé okolnosti nebyly zjiště,1,řidič,"bez přilby (pouze u motocyklistů, příp. cyklistů)",muž,lehké zranění,0,0,1,50,1125,11,září,pondělí,24-32,Brno-střed,16.60184719,49.2017085,{3C33573D-1498-4E2B-A9DF-95909BB81982}
16.593468607,49.2574606000001,480,1,481,60206141865,-598469.705,-1153748.665,2014/09/22 00:00:00+00,1,2014,9,srážka s jedoucím nekolejovým vozidlem,při odbočování vlevo,Ne,řidičem motorového vozidla,nehoda s následky na životě nebo zdraví,"povrch suchý, neznečistěný",neztížené,"ve dne, viditelnost nezhoršená vlivem povětrnostních podmínek",dobré,"výjezd z parkoviště, lesní cesty apod. (pol.36=7,8)",komunikace sledovaná (ve vybraných městech),jízdní kolo,dobrý -žádné nepříznivé okolnosti nebyly zjiště,1,řidič,"s přilbou (pouze u motocyklistů, příp. cyklistů)",muž,lehké zranění,0,0,1,410,1605,16,září,pondělí,33-44,Brno-Řečkovice a Mokrá Hora,16.5934686,49.2574606,{E47161BB-7E2C-4625-9D84-D83CEF1DA0B0}
16.607235856,49.1901953560001,481,1,482,60206141869,-598277.292,-1161293.274,2014/09/23 00:00:00+00,2,2014,9,havárie,nepřizpůsobení rychlosti vlastnostem vozidla a nákladu,Ne,řidičem nemotorového vozidla,nehoda s následky na životě nebo zdraví,"povrch suchý, neznečistěný",neztížené,"ve dne, viditelnost nezhoršená vlivem povětrnostních podmínek",dobré,žádné nebo žádné z uvedených,komunikace sledovaná (ve vybraných městech),jízdní kolo,dobrý -žádné nepříznivé okolnosti nebyly zjiště,1,řidič,"bez přilby (pouze u motocyklistů, příp. cyklistů)",muž,těžké zranění,0,1,0,20,945,9,září,úterý,19-24,Brno-střed,16.60723585,49.19019535,{42E79FBE-341C-483E-BBB8-96B05ED76BB1}
16.59354604,49.210891632,482,1,483,60206141876,-599021.557,-1158897.834,2014/09/23 00:00:00+00,2,2014,9,srážka s jedoucím nekolejovým vozidlem,při odbočování vlevo,Ne,řidičem motorového vozidla,nehoda s následky na životě nebo zdraví,"povrch suchý, neznečistěný",neztížené,"ve dne, viditelnost nezhoršená vlivem povětrnostních podmínek",dobré,žádné nebo žádné z uvedených,uzel (křižovatka sledovaná ve vybraných městech),jízdní kolo,dobrý -žádné nepříznivé okolnosti nebyly zjiště,1,řidič,"s přilbou (pouze u motocyklistů, příp. cyklistů)",muž,lehké zranění,0,0,1,50,1740,17,září,úterý,33-44,Brno-střed,16.59354603,49.21089163,{B143122A-B26C-4DD4-8DA0-B7EDA539AFB2}
16.622577662,49.205648728,483,1,484,60206141879,-596981.224,-1159704.777,2014/09/24 00:00:00+00,3,2014,9,havárie,řidič se plně nevěnoval řízení vozidla,"Ano, obsah alkoholu v krvi 1,5‰ a více",řidičem nemotorového vozidla,nehoda s následky na životě nebo zdraví,"povrch suchý, neznečistěný",neztížené,"ve dne, viditelnost nezhoršená vlivem povětrnostních podmínek",dobré,přechod pro chodce,komunikace sledovaná (ve vybraných městech),jízdní kolo,pod vlivem alkoholu obsah alkoholu v krvi 1 ‰ a víc,0,řidič,"bez přilby (pouze u motocyklistů, příp. cyklistů)",muž,lehké zranění,0,0,1,10,1405,14,září,středa,45-60,Brno-sever,16.62257765,49.20564872,{11D5F050-34C4-41EB-8387-4A0F2A1F39A7}
16.5955799490001,49.191169684,484,1,485,60206141907,-599110.258,-1161094.193,2014/09/26 00:00:00+00,5,2014,9,havárie,řidič se plně nevěnoval řízení vozidla,Ne,řidičem nemotorového vozidla,nehoda s následky na životě nebo zdraví,"povrch suchý, neznečistěný",neztížené,"v noci - s veřejným osvětlením, viditelnost nezhoršená vlivem povětrnostních podmínek",dobré,žádné nebo žádné z uvedených,uzel (křižovatka sledovaná ve vybraných městech),jízdní kolo,dobrý -žádné nepříznivé okolnosti nebyly zjiště,1,řidič,"bez přilby (pouze u motocyklistů, příp. cyklistů)",žena,lehké zranění,0,0,1,20,1820,18,září,pátek,19-24,Brno-střed,16.59557994,49.19116968,{58F177F3-05AE-4F25-85F8-2FB19E646A8E}
16.6365619860001,49.2012786660001,485,1,486,60206141965,-596020.185,-1160297.15,2014/10/02 00:00:00+00,4,2014,10,srážka s pevnou překážkou,jiný druh nepřiměřené rychlosti,"Ano, obsah alkoholu v krvi 1,5‰ a více",řidičem nemotorového vozidla,nehoda s následky na životě nebo zdraví,"povrch suchý, neznečistěný",neztížené,"v noci - s veřejným osvětlením, viditelnost nezhoršená vlivem povětrnostních podmínek",dobré,žádné nebo žádné z uvedených,komunikace sledovaná (ve vybraných městech),jízdní kolo,pod vlivem alkoholu obsah alkoholu v krvi 1 ‰ a víc,1,řidič,"bez přilby (pouze u motocyklistů, příp. cyklistů)",muž,lehké zranění,0,0,1,60,2215,22,říjen,čtvrtek,33-44,Brno-Židenice,16.63656198,49.20127866,{907977C9-FF45-414C-80AE-71F7806C90DD}
16.6656717280001,49.1430133580001,486,1,487,60206142000,-594602.431,-1166966.164,2014/10/07 00:00:00+00,2,2014,10,srážka s jedoucím nekolejovým vozidlem,proti příkazu dopravní značky DEJ PŘEDNOST,Ne,řidičem nemotorového vozidla,nehoda s následky na životě nebo zdraví,"povrch suchý, neznečistěný",neztížené,"ve dne, viditelnost nezhoršená vlivem povětrnostních podmínek",dobré,žádné nebo žádné z uvedených,komunikace sledovaná (ve vybraných městech),jízdní kolo,dobrý -žádné nepříznivé okolnosti nebyly zjiště,1,řidič,"bez přilby (pouze u motocyklistů, příp. cyklistů)",muž,lehké zranění,0,0,1,110,1655,16,říjen,úterý,16-18,Brno-Tuřany,16.66567172,49.14301335,{3AD3835A-85CF-45FA-9D73-020A04A89EB2}
16.5778816370001,49.191143099,487,1,488,60206142014,-600393.004,-1160958.162,2014/10/09 00:00:00+00,4,2014,10,srážka s jedoucím nekolejovým vozidlem,řidič se plně nevěnoval řízení vozidla,Ne,řidičem motorového vozidla,nehoda s následky na životě nebo zdraví,"povrch suchý, neznečistěný",neztížené,"ve dne, viditelnost nezhoršená vlivem povětrnostních podmínek",dobré,žádné nebo žádné z uvedených,komunikace sledovaná (ve vybraných městech),jízdní kolo,dobrý -žádné nepříznivé okolnosti nebyly zjiště,1,řidič,"s přilbou (pouze u motocyklistů, příp. cyklistů)",muž,lehké zranění,0,0,1,330,1530,15,říjen,čtvrtek,16-18,Brno-střed,16.57788163,49.1911431,{E5D74C01-090C-4D0F-8AD1-2129DAF6C3AF}
16.624015623,49.2103725380001,488,1,489,60206142030,-596820.718,-1159193.74,2014/10/11 00:00:00+00,6,2014,10,srážka s jedoucím nekolejovým vozidlem,předjíždění vlevo vozidla odbočujícího vlevo,Ne,řidičem motorového vozidla,nehoda s následky na životě nebo zdraví,"povrch suchý, neznečistěný",neztížené,"ve dne, viditelnost nezhoršená vlivem povětrnostních podmínek",dobré,přechod pro chodce,komunikace sledovaná (ve vybraných městech),jízdní kolo,dobrý -žádné nepříznivé okolnosti nebyly zjiště,1,řidič,"s přilbou (pouze u motocyklistů, příp. cyklistů)",žena,těžké zranění,0,1,0,110,1700,17,říjen,sobota,71 a více,Brno-sever,16.62401561,49.21037253,{EDCA61D7-8177-42E6-A2F5-F7D3F42C45FA}
16.5272979690001,49.2242338190001,489,1,490,60206142094,-603658.824,-1156901.241,2014/10/19 00:00:00+00,7,2014,10,"srážka s vozidlem zaparkovaným, odstaveným","nepřizpůsobení rychlosti dopravně technickému stavu vozovky (zatáčka, klesání, stoupání, šířka vozovky apod.)",Nezjišťován,řidičem nemotorového vozidla,nehoda s následky na životě nebo zdraví,"povrch suchý, neznečistěný",neztížené,"ve dne, viditelnost nezhoršená vlivem povětrnostních podmínek",dobré,parkoviště přiléhající ke komunikaci,komunikace místní,jízdní kolo,dobrý -žádné nepříznivé okolnosti nebyly zjiště,1,řidič,"s přilbou (pouze u motocyklistů, příp. cyklistů)",chlapec (do 15 let),lehké zranění,0,0,1,200,1535,15,říjen,neděle,12-15,Brno-Bystrc,16.52729796,49.22423382,{1E51F77B-FDE0-4540-9676-6F5F0E899D6F}
16.464705592,49.2597372220001,490,1,491,60206142100,-607758.992,-1152480.188,2014/10/19 00:00:00+00,7,2014,10,jiný druh nehody,řidič se plně nevěnoval řízení vozidla,"Ano, obsah alkoholu v krvi 1,5‰ a více",řidičem nemotorového vozidla,nehoda s následky na životě nebo zdraví,"povrch suchý, neznečistěný",neztížené,"ve dne, viditelnost nezhoršená vlivem povětrnostních podmínek",dobré,"výjezd z parkoviště, lesní cesty apod. (pol.36=7,8)",komunikace sledovaná (ve vybraných městech),jízdní kolo,pod vlivem alkoholu obsah alkoholu v krvi 1 ‰ a víc,1,řidič,"s přilbou (pouze u motocyklistů, příp. cyklistů)",muž,usmrcení,1,0,0,10,2042,20,říjen,neděle,61-70,Brno-Bystrc,16.46470558,49.25973722,{D879DDCE-633E-4566-BABE-A2EAF9227F6B}
16.6054547300001,49.2059751470001,491,1,492,60206142135,-598217.743,-1159534.723,2014/10/23 00:00:00+00,4,2014,10,srážka s jedoucím nekolejovým vozidlem,při odbočování vlevo,Ne,řidičem motorového vozidla,nehoda s následky na životě nebo zdraví,"povrch suchý, neznečistěný",neztížené,"v noci - s veřejným osvětlením, viditelnost nezhoršená vlivem povětrnostních podmínek",dobré,přechod pro chodce,komunikace sledovaná (ve vybraných městech),jízdní kolo,dobrý -žádné nepříznivé okolnosti nebyly zjiště,1,řidič,"bez přilby (pouze u motocyklistů, příp. cyklistů)",muž,lehké zranění,0,0,1,210,1830,18,říjen,čtvrtek,33-44,Brno-střed,16.60545472,49.20597514,{3B78E9D8-27B7-47CB-BD06-3BC419F3D6ED}
16.590920382,49.242915322,492,1,493,60206142146,-598828.276,-1155336.788,2014/10/25 00:00:00+00,6,2014,10,havárie,řidič se plně nevěnoval řízení vozidla,Nezjišťován,řidičem nemotorového vozidla,nehoda s následky na životě nebo zdraví,"povrch suchý, neznečistěný",neztížené,"ve dne, viditelnost nezhoršená vlivem povětrnostních podmínek",dobré,žádné nebo žádné z uvedených,komunikace místní,jízdní kolo,dobrý -žádné nepříznivé okolnosti nebyly zjiště,1,řidič,"bez přilby (pouze u motocyklistů, příp. cyklistů)",žena,lehké zranění,0,0,1,0,1625,16,říjen,sobota,61-70,Brno-Řečkovice a Mokrá Hora,16.59092037,49.24291532,{2E3C8175-B779-472B-89C1-97D951A74AAC}
16.601676178,49.2268678290001,493,1,494,60206142414,-598241.616,-1157195.254,2014/12/01 00:00:00+00,1,2014,12,srážka s jedoucím nekolejovým vozidlem,vozidlu přijíždějícímu zprava,Ne,řidičem motorového vozidla,nehoda s následky na životě nebo zdraví,povrch mokrý,neztížené,"v noci - s veřejným osvětlením, viditelnost nezhoršená vlivem povětrnostních podmínek",dobré,žádné nebo žádné z uvedených,komunikace místní,jízdní kolo,dobrý -žádné nepříznivé okolnosti nebyly zjiště,1,řidič,"s přilbou (pouze u motocyklistů, příp. cyklistů)",žena,lehké zranění,0,0,1,210,525,5,prosinec,pondělí,33-44,Brno-Královo Pole,16.60167617,49.22686783,{377C90B0-89CA-41F4-ACEC-B7E13BC1BD8E}
16.6635224290001,49.1492588720001,494,1,495,60206142460,-594684.217,-1166258.882,2014/12/08 00:00:00+00,1,2014,12,"srážka s vozidlem zaparkovaným, odstaveným",řidič se plně nevěnoval řízení vozidla,"Ano, obsah alkoholu v krvi 1,5‰ a více",řidičem nemotorového vozidla,nehoda pouze s hmotnou škodou,"povrch suchý, neznečistěný",neztížené,"v noci - s veřejným osvětlením, viditelnost nezhoršená vlivem povětrnostních podmínek",dobré,parkoviště přiléhající ke komunikaci,komunikace sledovaná (ve vybraných městech),jízdní kolo,pod vlivem alkoholu obsah alkoholu v krvi 1 ‰ a víc,1,řidič,"bez přilby (pouze u motocyklistů, příp. cyklistů)",muž,bez zraněn,0,0,0,10,1910,19,prosinec,pondělí,45-60,Brno-Tuřany,16.66352242,49.14925887,{39EB3C86-4D27-4590-99DE-E4ABA92F8EF4}
16.5951743580001,49.185955097,495,1,496,60206142489,-599202.056,-1161667.522,2014/12/10 00:00:00+00,3,2014,12,srážka s jedoucím nekolejovým vozidlem,při odbočování vlevo,Nezjišťován,řidičem motorového vozidla,nehoda s následky na životě nebo zdraví,"povrch suchý, neznečistěný",neztížené,"ve dne, viditelnost nezhoršená vlivem povětrnostních podmínek",dobré,"výjezd z parkoviště, lesní cesty apod. (pol.36=7,8)",komunikace sledovaná (ve vybraných městech),jízdní kolo,dobrý -žádné nepříznivé okolnosti nebyly zjiště,1,řidič,"bez přilby (pouze u motocyklistů, příp. cyklistů)",muž,lehké zranění,0,0,1,210,850,8,prosinec,středa,24-32,Brno-střed,16.59517435,49.18595509,{6F44D461-CDDA-4F74-BDD3-4342A4F792A0}
16.572577236,49.2495357920001,496,1,497,60206142549,-600076.577,-1154460.893,2014/12/17 00:00:00+00,3,2014,12,srážka s jedoucím nekolejovým vozidlem,proti příkazu dopravní značky DEJ PŘEDNOST,Ne,řidičem motorového vozidla,nehoda s následky na životě nebo zdraví,povrch mokrý,déšť,"v noci - s veřejným osvětlením, zhoršená viditelnost vlivem povětrnostních podmínek (mlha, déšť, sněžení apod.)",dobré,v blízkosti přechodu pro chodce (do vzdálenosti 20 m),uzel (křižovatka sledovaná ve vybraných městech),jízdní kolo,dobrý -žádné nepříznivé okolnosti nebyly zjiště,1,řidič,"s přilbou (pouze u motocyklistů, příp. cyklistů)",žena,lehké zranění,0,0,1,110,510,5,prosinec,středa,33-44,Brno-Řečkovice a Mokrá Hora,16.57257723,49.24953579,{42C2CF49-274E-4EA7-94B7-EE7C94602720}
16.5731499190001,49.218091798,497,1,498,60206150064,-600412.469,-1157941.669,2015/01/10 00:00:00+00,6,2015,1,srážka s jedoucím nekolejovým vozidlem,řidič se plně nevěnoval řízení vozidla,"Ano, obsah alkoholu v krvi 1,5‰ a více",řidičem nemotorového vozidla,nehoda s následky na životě nebo zdraví,povrch mokrý,"na počátku deště, slabý déšť, mrholení apod.","v noci - s veřejným osvětlením, zhoršená viditelnost vlivem povětrnostních podmínek (mlha, déšť, sněžení apod.)",dobré,žádné nebo žádné z uvedených,uzel (křižovatka sledovaná ve vybraných městech),jízdní kolo,pod vlivem alkoholu obsah alkoholu v krvi 1 ‰ a víc,1,řidič,"bez přilby (pouze u motocyklistů, příp. cyklistů)",muž,lehké zranění,0,0,1,420,2335,23,leden,sobota,33-44,Brno-Žabovřesky,16.57314991,49.21809179,{EB36EC25-3398-4404-A604-E13A9E9A058E}