X,Y,objectid,join_count,target_fid,id,d,e,datum,den,rok,mesic,srazka,pricina,alkohol,zavineni,nasledky,stav_vozovky,povetrnostni_podm,viditelnost,rozhled,misto_nehody,druh_komun,druh_vozidla,stav_ridic,ovlivneni_ridice,osoba,ozn_osoba,pohlavi,nasledek,usmrceno_os,tezce_zran_os,lehce_zran_os,hmotna_skoda,cas,hodina,mesic_t,den_v_tydnu,vek_skupina,nazev,point_x,point_y,globalid
16.5971230540001,49.1932747440001,498,1,499,60206150193,-598973.255,-1160873.565,2015/02/02 00:00:00+00,1,2015,2,"srážka s vozidlem zaparkovaným, odstaveným",nezvládnutí řízení vozidla,"Ano, obsah alkoholu v krvi 1,5‰ a více",řidičem nemotorového vozidla,nehoda s následky na životě nebo zdraví,"povrch suchý, neznečistěný",neztížené,"v noci - s veřejným osvětlením, viditelnost nezhoršená vlivem povětrnostních podmínek",dobré,žádné nebo žádné z uvedených,komunikace místní,jízdní kolo,pod vlivem alkoholu obsah alkoholu v krvi 1 ‰ a víc,1,řidič,"bez přilby (pouze u motocyklistů, příp. cyklistů)",muž,lehké zranění,0,0,1,110,100,1,únor,pondělí,24-32,Brno-střed,16.59712305,49.19327474,{D4BBBCEF-A536-4A70-90A3-E1C4CE8BA6F9}
16.5554550040001,49.2081514320001,499,1,500,60206150198,-601813.457,-1158901.342,2015/02/02 00:00:00+00,1,2015,2,srážka s jedoucím nekolejovým vozidlem,při otáčení nebo couvání,Ne,řidičem motorového vozidla,nehoda s následky na životě nebo zdraví,povrch mokrý,sněžení,"ve dne, viditelnost nezhoršená vlivem povětrnostních podmínek",dobré,parkoviště přiléhající ke komunikaci,komunikace sledovaná (ve vybraných městech),jízdní kolo,dobrý -žádné nepříznivé okolnosti nebyly zjiště,1,řidič,"s přilbou (pouze u motocyklistů, příp. cyklistů)",muž,lehké zranění,0,0,1,110,1530,15,únor,pondělí,45-60,Brno-Jundrov,16.555455,49.20815143,{CF1F71AA-3B1C-4F23-9B74-C81DB51149B3}
16.56670489,49.1934354650001,500,1,501,60206150310,-601175.329,-1160616.818,2015/02/17 00:00:00+00,2,2015,2,srážka s jedoucím nekolejovým vozidlem,jiné nedání přednosti,Nezjišťován,řidičem motorového vozidla,nehoda s následky na životě nebo zdraví,"povrch suchý, neznečistěný",neztížené,"ve dne, viditelnost nezhoršená vlivem povětrnostních podmínek",dobré,přechod pro chodce,komunikace sledovaná (ve vybraných městech),jízdní kolo,dobrý -žádné nepříznivé okolnosti nebyly zjiště,1,řidič,"s přilbou (pouze u motocyklistů, příp. cyklistů)",žena,lehké zranění,0,0,1,20,1700,17,únor,úterý,19-24,Brno-střed,16.56670488,49.19343546,{B8C85EF2-AA77-4CB8-B440-A3A3C0F2621B}
16.6377953690001,49.219368994,501,1,502,60206150371,-595715.446,-1158306.628,2015/03/01 00:00:00+00,7,2015,3,havárie,řidič se plně nevěnoval řízení vozidla,Nezjišťován,řidičem nemotorového vozidla,nehoda s následky na životě nebo zdraví,"povrch suchý, neznečistěný",neztížené,"ve dne, viditelnost nezhoršená vlivem povětrnostních podmínek",dobré,žádné nebo žádné z uvedených,komunikace místní,jízdní kolo,dobrý -žádné nepříznivé okolnosti nebyly zjiště,1,řidič,"bez přilby (pouze u motocyklistů, příp. cyklistů)",muž,těžké zranění,0,1,0,50,955,9,březen,neděle,61-70,Brno-sever,16.63779536,49.21936899,{478E0134-2A79-481D-9AB8-8FCDCDBAB904}
16.6356166840001,49.1928354070001,502,1,503,60206150377,-596189.223,-1161223.292,2015/03/02 00:00:00+00,1,2015,3,srážka s jedoucím nekolejovým vozidlem,řidič se plně nevěnoval řízení vozidla,Ne,řidičem motorového vozidla,nehoda s následky na životě nebo zdraví,"povrch suchý, neznečistěný",neztížené,"ve dne, viditelnost nezhoršená vlivem povětrnostních podmínek",dobré,žádné nebo žádné z uvedených,komunikace sledovaná (ve vybraných městech),jízdní kolo,dobrý -žádné nepříznivé okolnosti nebyly zjiště,1,řidič,"bez přilby (pouze u motocyklistů, příp. cyklistů)",muž,těžké zranění,0,1,0,0,1310,13,březen,pondělí,45-60,Brno-Židenice,16.63561667,49.1928354,{F48317EA-585C-4880-804F-F962FC2577C6}
16.5483346610001,49.196655423,503,1,504,60206150458,-602467.57,-1160116.098,2015/03/17 00:00:00+00,2,2015,3,srážka s jedoucím nekolejovým vozidlem,řidič se plně nevěnoval řízení vozidla,Ne,řidičem nemotorového vozidla,nehoda s následky na životě nebo zdraví,"povrch suchý, neznečistěný",neztížené,"ve dne, zhoršená viditelnost (svítání, soumrak)",dobré,přechod pro chodce,komunikace sledovaná (ve vybraných městech),jízdní kolo,dobrý -žádné nepříznivé okolnosti nebyly zjiště,1,řidič,"bez přilby (pouze u motocyklistů, příp. cyklistů)",dívka (do 15 let),lehké zranění,0,0,1,120,1805,18,březen,úterý,7-11,Brno-Kohoutovice,16.54833465,49.19665542,{5E0D73BA-501A-4D30-9FD2-F3F821C20B9E}
16.6234830660001,49.1664663330001,504,1,505,60206150528,-597382.948,-1164043.924,2015/03/29 00:00:00+00,7,2015,3,srážka s chodcem,chodci na vyznačeném přechodu,Nezjišťován,řidičem motorového vozidla,nehoda pouze s hmotnou škodou,"povrch suchý, neznečistěný",neztížené,"ve dne, viditelnost nezhoršená vlivem povětrnostních podmínek",dobré,přechod pro chodce,komunikace sledovaná (ve vybraných městech),jízdní kolo,,,,,,,0,0,0,20,1426,14,březen,neděle,,Brno-jih,16.62348306,49.16646633,{3B09539D-F8F6-4A23-8076-EB66525195B1}
16.6237516910001,49.204529339,505,1,506,60206150601,-596909.524,-1159837.714,2015/04/08 00:00:00+00,3,2015,4,havárie,"nepřizpůsobení rychlosti dopravně technickému stavu vozovky (zatáčka, klesání, stoupání, šířka vozovky apod.)","Ano, obsah alkoholu v krvi 1,5‰ a více",řidičem nemotorového vozidla,nehoda s následky na životě nebo zdraví,"povrch suchý, neznečistěný",neztížené,"v noci - s veřejným osvětlením, viditelnost nezhoršená vlivem povětrnostních podmínek",dobré,v blízkosti přechodu pro chodce (do vzdálenosti 20 m),uzel (křižovatka sledovaná ve vybraných městech),jízdní kolo,pod vlivem alkoholu obsah alkoholu v krvi 1 ‰ a víc,1,řidič,"bez přilby (pouze u motocyklistů, příp. cyklistů)",muž,lehké zranění,0,0,1,0,2138,21,duben,středa,33-44,Brno-sever,16.62375168,49.20452934,{7B389780-7087-4DA3-B912-6599F627E05D}
16.6368221490001,49.1616260910001,506,1,507,60206150607,-596473.484,-1164683.315,2015/04/10 00:00:00+00,5,2015,4,srážka s jedoucím nekolejovým vozidlem,proti příkazu dopravní značky DEJ PŘEDNOST,Ne,řidičem motorového vozidla,nehoda s následky na životě nebo zdraví,"povrch suchý, neznečistěný",neztížené,"ve dne, viditelnost nezhoršená vlivem povětrnostních podmínek",dobré,"výjezd z parkoviště, lesní cesty apod. (pol.36=7,8)",komunikace sledovaná (ve vybraných městech),jízdní kolo,dobrý -žádné nepříznivé okolnosti nebyly zjiště,1,řidič,"bez přilby (pouze u motocyklistů, příp. cyklistů)",žena,lehké zranění,0,0,1,160,1003,10,duben,pátek,33-44,Brno-Tuřany,16.63682214,49.16162609,{E160C33D-524E-4AAB-8AC1-FC83B39C3560}
16.601192724,49.2237920490001,507,1,508,60206150615,-598313.407,-1157531.522,2015/04/10 00:00:00+00,5,2015,4,srážka s jedoucím nekolejovým vozidlem,při otáčení nebo couvání,Ne,řidičem motorového vozidla,nehoda s následky na životě nebo zdraví,"povrch suchý, neznečistěný",neztížené,"v noci - s veřejným osvětlením, viditelnost nezhoršená vlivem povětrnostních podmínek",dobré,parkoviště přiléhající ke komunikaci,komunikace sledovaná (ve vybraných městech),jízdní kolo,dobrý -žádné nepříznivé okolnosti nebyly zjiště,1,řidič,"s přilbou (pouze u motocyklistů, příp. cyklistů)",muž,lehké zranění,0,0,1,410,2210,22,duben,pátek,33-44,Brno-Královo Pole,16.60119272,49.22379205,{F19C7C34-AD3E-4946-A17C-03DDFFC026CD}
16.5981161400001,49.1948797970001,508,1,509,60206150635,-598882.095,-1160703.901,2015/04/14 00:00:00+00,2,2015,4,havárie,"nepřizpůsobení rychlosti dopravně technickému stavu vozovky (zatáčka, klesání, stoupání, šířka vozovky apod.)","Ano, obsah alkoholu v krvi 1,5‰ a více",řidičem nemotorového vozidla,nehoda s následky na životě nebo zdraví,"povrch suchý, neznečistěný",neztížené,"ve dne, viditelnost nezhoršená vlivem povětrnostních podmínek",dobré,žádné nebo žádné z uvedených,komunikace místní,jízdní kolo,pod vlivem alkoholu obsah alkoholu v krvi 1 ‰ a víc,1,řidič,"s přilbou (pouze u motocyklistů, příp. cyklistů)",muž,lehké zranění,0,0,1,60,1930,19,duben,úterý,45-60,Brno-střed,16.59811613,49.19487979,{FE50D3B9-5B35-4CEF-9DA1-A47AF0E92D4F}
16.595682158,49.194877854,509,1,510,60206150636,-599058.475,-1160685.029,2015/04/15 00:00:00+00,3,2015,4,havárie,"jízda (vjetí) jednosměrnou ulicí, silnicí (v protisměru)","Ano, obsah alkoholu v krvi 1,5‰ a více",řidičem nemotorového vozidla,nehoda s následky na životě nebo zdraví,"povrch suchý, neznečistěný",neztížené,"v noci - s veřejným osvětlením, viditelnost nezhoršená vlivem povětrnostních podmínek",dobré,žádné nebo žádné z uvedených,komunikace místní,jízdní kolo,pod vlivem alkoholu obsah alkoholu v krvi 1 ‰ a víc,0,ostatní spolucestující (i v postranním vozíku motocyklu),"bez přilby (pouze u motocyklistů, příp. cyklistů)",muž,bez zraněn,0,0,1,20,100,1,duben,středa,33-44,Brno-střed,16.59568215,49.19487785,{6D154001-0CF1-4597-9258-80D7E844C0A7}
16.595682158,49.194877854,510,1,511,60206150636,-599058.475,-1160685.029,2015/04/15 00:00:00+00,3,2015,4,havárie,"jízda (vjetí) jednosměrnou ulicí, silnicí (v protisměru)","Ano, obsah alkoholu v krvi 1,5‰ a více",řidičem nemotorového vozidla,nehoda s následky na životě nebo zdraví,"povrch suchý, neznečistěný",neztížené,"v noci - s veřejným osvětlením, viditelnost nezhoršená vlivem povětrnostních podmínek",dobré,žádné nebo žádné z uvedených,komunikace místní,jízdní kolo,pod vlivem alkoholu obsah alkoholu v krvi 1 ‰ a víc,0,řidič,"bez přilby (pouze u motocyklistů, příp. cyklistů)",žena,lehké zranění,0,0,1,20,100,1,duben,středa,33-44,Brno-střed,16.59568215,49.19487785,{72011D85-4301-45F9-80B3-9618676D2461}
16.640015008,49.212440271,511,1,512,60206150644,-595637.159,-1159090.009,2015/04/16 00:00:00+00,4,2015,4,srážka s jedoucím nekolejovým vozidlem,nedodržení bezpečné vzdálenosti za vozidlem,Ne,řidičem nemotorového vozidla,nehoda s následky na životě nebo zdraví,"povrch suchý, neznečistěný",neztížené,"ve dne, viditelnost nezhoršená vlivem povětrnostních podmínek",dobré,"most, nadjezd, podjezd, tunel",komunikace místní,jízdní kolo,dobrý -žádné nepříznivé okolnosti nebyly zjiště,1,řidič,"bez přilby (pouze u motocyklistů, příp. cyklistů)",muž,lehké zranění,0,0,1,60,940,9,duben,čtvrtek,33-44,Brno-Maloměřice a Obřany,16.640015,49.21244027,{3D2120AA-5098-4562-9090-29293016F932}
16.5323475650001,49.1989095480001,512,1,513,60206150655,-603598.612,-1159740.68,2015/04/17 00:00:00+00,5,2015,4,havárie,řidič se plně nevěnoval řízení vozidla,"Ano, obsah alkoholu v krvi 1,5‰ a více",řidičem nemotorového vozidla,nehoda s následky na životě nebo zdraví,"povrch suchý, neznečistěný",neztížené,"ve dne, zhoršená viditelnost (svítání, soumrak)",dobré,parkoviště přiléhající ke komunikaci,komunikace místní,jízdní kolo,pod vlivem alkoholu obsah alkoholu v krvi 1 ‰ a víc,1,řidič,"bez přilby (pouze u motocyklistů, příp. cyklistů)",muž,lehké zranění,0,0,1,5,2008,20,duben,pátek,19-24,Brno-Kohoutovice,16.53234756,49.19890954,{C67002B5-4C4D-4F5C-926F-11B5BC1C55F4}
16.603521818,49.1891813920001,513,1,514,60206150731,-598558.548,-1161376.279,2015/04/27 00:00:00+00,1,2015,4,havárie,řidič se plně nevěnoval řízení vozidla,Ne,řidičem nemotorového vozidla,nehoda s následky na životě nebo zdraví,"povrch suchý, neznečistěný",neztížené,"ve dne, zhoršená viditelnost (svítání, soumrak)",dobré,žádné nebo žádné z uvedených,komunikace sledovaná (ve vybraných městech),jízdní kolo,dobrý -žádné nepříznivé okolnosti nebyly zjiště,1,řidič,"s přilbou (pouze u motocyklistů, příp. cyklistů)",muž,lehké zranění,0,0,1,20,2025,20,duben,pondělí,33-44,Brno-střed,16.60352181,49.18918139,{1B4FF050-0270-4392-8CC5-0FF637A8F834}
16.6286263050001,49.218829709,514,1,515,60206150775,-596385.934,-1158294.705,2015/05/06 00:00:00+00,3,2015,5,havárie,řidič se plně nevěnoval řízení vozidla,Ne,řidičem nemotorového vozidla,nehoda s následky na životě nebo zdraví,"povrch suchý, neznečistěný",neztížené,"ve dne, viditelnost nezhoršená vlivem povětrnostních podmínek",dobré,žádné nebo žádné z uvedených,komunikace sledovaná (ve vybraných městech),jízdní kolo,dobrý -žádné nepříznivé okolnosti nebyly zjiště,1,řidič,"s přilbou (pouze u motocyklistů, příp. cyklistů)",žena,lehké zranění,0,0,1,10,1625,16,květen,středa,61-70,Brno-sever,16.6286263,49.21882971,{80E29350-AB2B-4A91-8B59-601EF9E14046}
16.594305245,49.1965399700001,515,1,516,60206150795,-599138.346,-1160490.47,2015/05/11 00:00:00+00,1,2015,5,srážka s jedoucím nekolejovým vozidlem,řidič se plně nevěnoval řízení vozidla,Ne,řidičem motorového vozidla,nehoda s následky na životě nebo zdraví,"povrch suchý, neznečistěný",neztížené,"ve dne, viditelnost nezhoršená vlivem povětrnostních podmínek",dobré,parkoviště přiléhající ke komunikaci,komunikace sledovaná (ve vybraných městech),jízdní kolo,dobrý -žádné nepříznivé okolnosti nebyly zjiště,1,řidič,"s přilbou (pouze u motocyklistů, příp. cyklistů)",muž,lehké zranění,0,0,1,300,1945,19,květen,pondělí,19-24,Brno-střed,16.59430524,49.19653997,{67763B0A-AFD4-4EAA-B5A1-F84FE36C78C8}
16.687740908,49.1774118060001,516,1,517,60206150817,-592594.507,-1163334.237,2015/05/13 00:00:00+00,3,2015,5,havárie,nezvládnutí řízení vozidla,Nezjišťován,řidičem nemotorového vozidla,nehoda s následky na životě nebo zdraví,"povrch suchý, neznečistěný",neztížené,"ve dne, viditelnost nezhoršená vlivem povětrnostních podmínek",dobré,žádné nebo žádné z uvedených,komunikace místní,jízdní kolo,jiný nepříznivý sta,1,řidič,"bez přilby (pouze u motocyklistů, příp. cyklistů)",muž,lehké zranění,0,0,1,10,1642,16,květen,středa,33-44,Brno-Slatina,16.6877409,49.1774118,{22DE9938-975F-47D0-B96A-E03347F76C08}
16.5666685640001,49.2008878350001,517,1,518,60206150833,-601088.46,-1159792.651,2015/05/15 00:00:00+00,5,2015,5,srážka s jedoucím nekolejovým vozidlem,řidič se plně nevěnoval řízení vozidla,Ne,řidičem nemotorového vozidla,nehoda s následky na životě nebo zdraví,"povrch suchý, neznečistěný",neztížené,"ve dne, viditelnost nezhoršená vlivem povětrnostních podmínek",dobré,žádné nebo žádné z uvedených,komunikace sledovaná (ve vybraných městech),jízdní kolo,dobrý -žádné nepříznivé okolnosti nebyly zjiště,1,řidič,"bez přilby (pouze u motocyklistů, příp. cyklistů)",žena,lehké zranění,0,0,1,40,1644,16,květen,pátek,24-32,Brno-Jundrov,16.56666856,49.20088783,{E096BB10-E81F-4797-BF36-2D75A3BA23FC}
16.5666685640001,49.2008878350001,518,1,519,60206150833,-601088.46,-1159792.651,2015/05/15 00:00:00+00,5,2015,5,srážka s jedoucím nekolejovým vozidlem,řidič se plně nevěnoval řízení vozidla,Ne,řidičem nemotorového vozidla,nehoda s následky na životě nebo zdraví,"povrch suchý, neznečistěný",neztížené,"ve dne, viditelnost nezhoršená vlivem povětrnostních podmínek",dobré,žádné nebo žádné z uvedených,komunikace sledovaná (ve vybraných městech),jízdní kolo,dobrý -žádné nepříznivé okolnosti nebyly zjiště,1,řidič,"s přilbou (pouze u motocyklistů, příp. cyklistů)",muž,bez zraněn,0,0,1,40,1644,16,květen,pátek,24-32,Brno-Jundrov,16.56666856,49.20088783,{480F7B5B-9174-4B83-878C-CFF933FE7C1C}
16.6400796400001,49.2243341510001,519,1,520,60206150836,-595490.911,-1157775.468,2015/05/16 00:00:00+00,6,2015,5,srážka s pevnou překážkou,řidič se plně nevěnoval řízení vozidla,Ne,řidičem nemotorového vozidla,nehoda s následky na životě nebo zdraví,"povrch suchý, neznečistěný",neztížené,"ve dne, viditelnost nezhoršená vlivem povětrnostních podmínek",dobré,žádné nebo žádné z uvedených,komunikace účelová - polní a lesní cesty atd.,jízdní kolo,dobrý -žádné nepříznivé okolnosti nebyly zjiště,1,řidič,"s přilbou (pouze u motocyklistů, příp. cyklistů)",žena,lehké zranění,0,0,1,30,1004,10,květen,sobota,19-24,Brno-Maloměřice a Obřany,16.64007963,49.22433415,{C2B2C26A-A9FD-4318-ABB5-E814EDD3DF4B}
16.604920744,49.192995964,520,1,521,60206150872,-598411.576,-1160965.506,2015/05/20 00:00:00+00,3,2015,5,havárie,nezvládnutí řízení vozidla,Ne,řidičem nemotorového vozidla,nehoda s následky na životě nebo zdraví,"povrch suchý, neznečistěný",neztížené,"ve dne, viditelnost nezhoršená vlivem povětrnostních podmínek",dobré,žádné nebo žádné z uvedených,komunikace sledovaná (ve vybraných městech),jízdní kolo,dobrý -žádné nepříznivé okolnosti nebyly zjiště,1,řidič,"bez přilby (pouze u motocyklistů, příp. cyklistů)",muž,lehké zranění,0,0,1,0,900,9,květen,středa,33-44,Brno-střed,16.60492074,49.19299596,{9103F383-1649-45EB-8327-109F85C39AE2}
16.620288897,49.1916371140001,521,1,522,60206150891,-597314.206,-1161236.03,2015/05/25 00:00:00+00,1,2015,5,srážka s jedoucím nekolejovým vozidlem,proti příkazu dopravní značky DEJ PŘEDNOST,Ne,řidičem motorového vozidla,nehoda s následky na životě nebo zdraví,"povrch suchý, neznečistěný",neztížené,"ve dne, viditelnost nezhoršená vlivem povětrnostních podmínek",dobré,žádné nebo žádné z uvedených,uzel (křižovatka sledovaná ve vybraných městech),jízdní kolo,dobrý -žádné nepříznivé okolnosti nebyly zjiště,1,řidič,"s přilbou (pouze u motocyklistů, příp. cyklistů)",muž,lehké zranění,0,0,1,150,600,6,květen,pondělí,24-32,Brno-střed,16.62028889,49.19163711,{611FBE3D-A929-40DF-AE21-EC61B0EFBAAE}
16.585983636,49.2212833020001,522,1,523,60206150903,-599444.808,-1157689.634,2015/05/27 00:00:00+00,3,2015,5,srážka s jedoucím nekolejovým vozidlem,při odbočování vlevo,Ne,řidičem motorového vozidla,nehoda s následky na životě nebo zdraví,"povrch suchý, neznečistěný",neztížené,"ve dne, viditelnost nezhoršená vlivem povětrnostních podmínek",dobré,v blízkosti přechodu pro chodce (do vzdálenosti 20 m),uzel (křižovatka sledovaná ve vybraných městech),jízdní kolo,dobrý -žádné nepříznivé okolnosti nebyly zjiště,4,řidič,"bez přilby (pouze u motocyklistů, příp. cyklistů)",muž,lehké zranění,0,0,1,160,855,8,květen,středa,19-24,Brno-Královo Pole,16.58598363,49.2212833,{7F2AA4E9-2BB9-42EF-A8C4-D697EE016ADB}
16.517889709,49.23694758,523,1,524,60206150926,-604186.436,-1155421.385,2015/05/31 00:00:00+00,7,2015,5,srážka s jedoucím nekolejovým vozidlem,řidič se plně nevěnoval řízení vozidla,Ne,řidičem motorového vozidla,nehoda s následky na životě nebo zdraví,"povrch suchý, neznečistěný",neztížené,"ve dne, viditelnost nezhoršená vlivem povětrnostních podmínek",dobré,žádné nebo žádné z uvedených,komunikace místní,jízdní kolo,dobrý -žádné nepříznivé okolnosti nebyly zjiště,1,řidič,"bez přilby (pouze u motocyklistů, příp. cyklistů)",muž,lehké zranění,0,0,1,10,1355,13,květen,neděle,71 a více,Brno-Kníničky,16.5178897,49.23694758,{D10486D1-1A0F-4542-BD5D-3A6696154AAA}
16.595738822,49.191573104,524,1,525,60206150928,-599093.918,-1161050.838,2015/06/01 00:00:00+00,1,2015,6,srážka s jedoucím nekolejovým vozidlem,při odbočování vlevo,Ne,řidičem motorového vozidla,nehoda s následky na životě nebo zdraví,"povrch suchý, neznečistěný",neztížené,"ve dne, viditelnost nezhoršená vlivem povětrnostních podmínek",dobré,žádné nebo žádné z uvedených,uzel (křižovatka sledovaná ve vybraných městech),jízdní kolo,dobrý -žádné nepříznivé okolnosti nebyly zjiště,1,řidič,"s přilbou (pouze u motocyklistů, příp. cyklistů)",muž,těžké zranění,0,1,0,160,730,7,červen,pondělí,33-44,Brno-střed,16.59573881,49.1915731,{9DE1C255-76F6-4AF4-92DB-3E1B5A62400B}
16.594383706,49.1868324910001,525,1,526,60206150935,-599248.852,-1161564.317,2015/06/01 00:00:00+00,1,2015,6,jiný druh nehody,proti příkazu dopravní značky DEJ PŘEDNOST,Ne,řidičem motorového vozidla,nehoda s následky na životě nebo zdraví,"povrch suchý, neznečistěný",neztížené,"ve dne, viditelnost nezhoršená vlivem povětrnostních podmínek",dobré,v blízkosti přechodu pro chodce (do vzdálenosti 20 m),komunikace sledovaná (ve vybraných městech),jízdní kolo,dobrý -žádné nepříznivé okolnosti nebyly zjiště,1,řidič,"s přilbou (pouze u motocyklistů, příp. cyklistů)",muž,lehké zranění,0,0,1,440,1350,13,červen,pondělí,33-44,Brno-střed,16.5943837,49.18683249,{84EDFD12-DD52-4C60-97FA-DA5F1108D201}
16.6058498410001,49.1898193660001,526,1,527,60206150939,-598382.222,-1161323.986,2015/06/01 00:00:00+00,1,2015,6,"srážka s vozidlem zaparkovaným, odstaveným",řidič se plně nevěnoval řízení vozidla,Ne,řidičem nemotorového vozidla,nehoda pouze s hmotnou škodou,"povrch suchý, neznečistěný",neztížené,"ve dne, viditelnost nezhoršená vlivem povětrnostních podmínek",dobré,parkoviště přiléhající ke komunikaci,komunikace místní,jízdní kolo,"pod vlivem alkoholu, obsah alkoholu v krvi do 0,99 ‰",1,řidič,"bez přilby (pouze u motocyklistů, příp. cyklistů)",muž,bez zraněn,0,0,0,150,2050,20,červen,pondělí,33-44,Brno-střed,16.60584983,49.18981936,{99E27766-255C-4092-ABE1-743324501C59}
16.6058498410001,49.1898193660001,527,1,528,60206150939,-598382.222,-1161323.986,2015/06/01 00:00:00+00,1,2015,6,"srážka s vozidlem zaparkovaným, odstaveným",řidič se plně nevěnoval řízení vozidla,Ne,řidičem nemotorového vozidla,nehoda pouze s hmotnou škodou,"povrch suchý, neznečistěný",neztížené,"ve dne, viditelnost nezhoršená vlivem povětrnostních podmínek",dobré,parkoviště přiléhající ke komunikaci,komunikace místní,jízdní kolo,dobrý -žádné nepříznivé okolnosti nebyly zjiště,1,řidič,"bez přilby (pouze u motocyklistů, příp. cyklistů)",muž,bez zraněn,0,0,0,150,2050,20,červen,pondělí,24-32,Brno-střed,16.60584983,49.18981936,{0C19A9B0-C430-4497-97E5-39B581097A2D}
16.521022277,49.2293871950001,528,1,529,60206150955,-604050.984,-1156281.934,2015/06/03 00:00:00+00,3,2015,6,srážka s chodcem,nezaviněná řidičem,Ne,chodcem,nehoda s následky na životě nebo zdraví,"povrch suchý, neznečistěný",neztížené,"ve dne, viditelnost nezhoršená vlivem povětrnostních podmínek",dobré,žádné nebo žádné z uvedených,komunikace místní,jízdní kolo,dobrý -žádné nepříznivé okolnosti nebyly zjiště,1,řidič,"s přilbou (pouze u motocyklistů, příp. cyklistů)",žena,lehké zranění,0,0,1,10,1630,16,červen,středa,24-32,Brno-Bystrc,16.52102227,49.22938719,{5F6B4E51-5354-4DE8-8729-31F8EA8FB3FD}
16.6551276020001,49.19632268,529,1,530,60206150962,-594733.953,-1160989.817,2015/06/04 00:00:00+00,4,2015,6,srážka s jedoucím nekolejovým vozidlem,při odbočování vlevo,Ne,řidičem motorového vozidla,nehoda s následky na životě nebo zdraví,"povrch suchý, neznečistěný",neztížené,"ve dne, viditelnost nezhoršená vlivem povětrnostních podmínek",dobré,žádné nebo žádné z uvedených,komunikace sledovaná (ve vybraných městech),jízdní kolo,dobrý -žádné nepříznivé okolnosti nebyly zjiště,1,řidič,"s přilbou (pouze u motocyklistů, příp. cyklistů)",muž,lehké zranění,0,0,1,330,640,6,červen,čtvrtek,24-32,Brno-Židenice,16.65512759,49.19632268,{908F0579-6B29-4367-8481-0693C120B054}
16.529930064,49.2258598290001,530,1,531,60206150967,-603448.629,-1156742.29,2015/05/16 00:00:00+00,6,2015,5,jiný druh nehody,jiný druh nesprávného způsobu jízdy,Ne,řidičem motorového vozidla,nehoda s následky na životě nebo zdraví,"povrch suchý, neznečistěný",neztížené,"ve dne, viditelnost nezhoršená vlivem povětrnostních podmínek",dobré,parkoviště přiléhající ke komunikaci,komunikace místní,jízdní kolo,dobrý -žádné nepříznivé okolnosti nebyly zjiště,1,řidič,"s přilbou (pouze u motocyklistů, příp. cyklistů)",muž,lehké zranění,0,0,1,10,930,9,květen,sobota,61-70,Brno-Bystrc,16.52993006,49.22585983,{11092B2F-2577-4614-86A3-5D6750269A79}
16.6225856610001,49.169379932,531,1,532,60206150972,-597413.257,-1163714.774,2015/06/05 00:00:00+00,5,2015,6,srážka s chodcem,nezaviněná řidičem,Ne,chodcem,nehoda s následky na životě nebo zdraví,"povrch suchý, neznečistěný",neztížené,"ve dne, viditelnost nezhoršená vlivem povětrnostních podmínek",dobré,žádné nebo žádné z uvedených,komunikace místní,jízdní kolo,dobrý -žádné nepříznivé okolnosti nebyly zjiště,1,řidič,"bez přilby (pouze u motocyklistů, příp. cyklistů)",muž,bez zraněn,0,0,1,0,1615,16,červen,pátek,33-44,Brno-jih,16.62258565,49.16937993,{9E1237A3-B41F-4557-A158-72FEF3245C6A}
16.602700154,49.2133845600001,532,1,533,60206151009,-598328.691,-1158693.97,2015/06/10 00:00:00+00,3,2015,6,havárie,řidič se plně nevěnoval řízení vozidla,"Ano, obsah alkoholu v krvi od 0,8‰ do 1,0‰",řidičem nemotorového vozidla,nehoda s následky na životě nebo zdraví,"povrch suchý, neznečistěný",neztížené,"v noci - s veřejným osvětlením, viditelnost nezhoršená vlivem povětrnostních podmínek",dobré,žádné nebo žádné z uvedených,komunikace sledovaná (ve vybraných městech),jízdní kolo,"pod vlivem alkoholu, obsah alkoholu v krvi do 0,99 ‰",1,řidič,"bez přilby (pouze u motocyklistů, příp. cyklistů)",muž,lehké zranění,0,0,1,20,2210,22,červen,středa,33-44,Brno-Královo Pole,16.60270015,49.21338456,{6906C351-A01A-4ABA-8FF5-2880F576F374}
16.5932299,49.2263483510001,533,1,534,60206151014,-598859.424,-1157186.499,2015/06/11 00:00:00+00,4,2015,6,srážka s jedoucím nekolejovým vozidlem,při odbočování vlevo,Ne,řidičem motorového vozidla,nehoda s následky na životě nebo zdraví,"povrch suchý, neznečistěný",neztížené,"ve dne, viditelnost nezhoršená vlivem povětrnostních podmínek",dobré,žádné nebo žádné z uvedených,komunikace sledovaná (ve vybraných městech),jízdní kolo,dobrý -žádné nepříznivé okolnosti nebyly zjiště,1,řidič,"bez přilby (pouze u motocyklistů, příp. cyklistů)",muž,lehké zranění,0,0,1,400,1340,13,červen,čtvrtek,33-44,Brno-Královo Pole,16.59322989,49.22634835,{4679AE19-0DA9-4E90-B450-52B6B7DB23B0}