X,Y,objectid,join_count,target_fid,id,d,e,datum,den,rok,mesic,srazka,pricina,alkohol,zavineni,nasledky,stav_vozovky,povetrnostni_podm,viditelnost,rozhled,misto_nehody,druh_komun,druh_vozidla,stav_ridic,ovlivneni_ridice,osoba,ozn_osoba,pohlavi,nasledek,usmrceno_os,tezce_zran_os,lehce_zran_os,hmotna_skoda,cas,hodina,mesic_t,den_v_tydnu,vek_skupina,nazev,point_x,point_y,globalid
16.563885424,49.2161785980001,569,1,570,60206151542,-601106.381,-1158080.31,2015/08/20 00:00:00+00,4,2015,8,"srážka s vozidlem zaparkovaným, odstaveným",řidič se plně nevěnoval řízení vozidla,"Ano, obsah alkoholu v krvi od 0,8‰ do 1,0‰",řidičem nemotorového vozidla,nehoda pouze s hmotnou škodou,"povrch suchý, neznečistěný",neztížené,"v noci - s veřejným osvětlením, viditelnost nezhoršená vlivem povětrnostních podmínek",dobré,parkoviště přiléhající ke komunikaci,komunikace sledovaná (ve vybraných městech),jízdní kolo,"pod vlivem alkoholu, obsah alkoholu v krvi do 0,99 ‰",1,řidič,"bez přilby (pouze u motocyklistů, příp. cyklistů)",muž,bez zraněn,0,0,0,100,2140,21,srpen,čtvrtek,61-70,Brno-Komín,16.56388542,49.21617859,{1EB5B5D2-C694-44D3-BD74-65C5CC948598}
16.6539656460001,49.1524602700001,570,1,571,60206151549,-595339.323,-1165830.472,2015/08/22 00:00:00+00,6,2015,8,havárie,"nepřizpůsobení rychlosti dopravně technickému stavu vozovky (zatáčka, klesání, stoupání, šířka vozovky apod.)",Ne,řidičem nemotorového vozidla,nehoda s následky na životě nebo zdraví,"povrch suchý, neznečistěný",neztížené,"ve dne, viditelnost nezhoršená vlivem povětrnostních podmínek",dobré,žádné nebo žádné z uvedených,komunikace sledovaná (ve vybraných městech),jízdní kolo,dobrý -žádné nepříznivé okolnosti nebyly zjiště,1,řidič,"bez přilby (pouze u motocyklistů, příp. cyklistů)",žena,lehké zranění,0,0,1,10,1235,12,srpen,sobota,45-60,Brno-Tuřany,16.65396564,49.15246027,{4E17F6FA-173D-4051-888A-1EA0A8B6AD0F}
16.6123711230001,49.1953564820001,571,1,572,60206151553,-597843.53,-1160762.87,2015/08/24 00:00:00+00,1,2015,8,havárie,řidič se plně nevěnoval řízení vozidla,Nezjišťován,řidičem nemotorového vozidla,nehoda s následky na životě nebo zdraví,"povrch suchý, neznečistěný",neztížené,"ve dne, viditelnost nezhoršená vlivem povětrnostních podmínek",dobré,žádné nebo žádné z uvedených,komunikace místní,jízdní kolo,dobrý -žádné nepříznivé okolnosti nebyly zjiště,1,řidič,"bez přilby (pouze u motocyklistů, příp. cyklistů)",chlapec (do 15 let),lehké zranění,0,0,1,10,1235,12,srpen,pondělí,12-15,Brno-střed,16.61237111,49.19535648,{C6CBBF22-2178-4A3B-90F8-F3546B2E3797}
16.5996216250001,49.2037891900001,572,1,573,60206151557,-598666.443,-1159730.698,2015/08/24 00:00:00+00,1,2015,8,srážka s chodcem,chodci na vyznačeném přechodu,Ne,řidičem nemotorového vozidla,nehoda pouze s hmotnou škodou,"povrch suchý, neznečistěný",neztížené,"ve dne, viditelnost nezhoršená vlivem povětrnostních podmínek",dobré,přechod pro chodce,uzel (křižovatka sledovaná ve vybraných městech),jízdní kolo,dobrý -žádné nepříznivé okolnosti nebyly zjiště,1,řidič,"s přilbou (pouze u motocyklistů, příp. cyklistů)",žena,bez zraněn,0,0,0,20,1655,16,srpen,pondělí,19-24,Brno-střed,16.59962162,49.20378919,{8106B186-99FC-4A04-A161-175F5939C779}
16.7005438530001,49.2133252360001,573,1,574,60206151558,-591242.12,-1159462.39,2015/08/24 00:00:00+00,1,2015,8,havárie,"jízda po nesprávné straně vozovky, vjetí do protisměru",Ne,řidičem nemotorového vozidla,nehoda s následky na životě nebo zdraví,"povrch suchý, neznečistěný",neztížené,"v noci - s veřejným osvětlením, viditelnost nezhoršená vlivem povětrnostních podmínek",dobré,žádné nebo žádné z uvedených,komunikace místní,jízdní kolo,dobrý -žádné nepříznivé okolnosti nebyly zjiště,1,řidič,"bez přilby (pouze u motocyklistů, příp. cyklistů)",muž,bez zraněn,0,0,1,100,2025,20,srpen,pondělí,61-70,Brno-Líšeň,16.70054384,49.21332523,{98152063-30DB-4614-83A0-A7D7283585A1}
16.536523823,49.222044511,574,1,575,60206151566,-603017.203,-1157216.145,2015/08/25 00:00:00+00,2,2015,8,srážka s jedoucím nekolejovým vozidlem,řidič se plně nevěnoval řízení vozidla,Ne,řidičem nemotorového vozidla,nehoda s následky na životě nebo zdraví,"povrch suchý, neznečistěný",neztížené,"ve dne, viditelnost nezhoršená vlivem povětrnostních podmínek",dobré,přechod pro chodce,komunikace sledovaná (ve vybraných městech),jízdní kolo,dobrý -žádné nepříznivé okolnosti nebyly zjiště,1,řidič,"s přilbou (pouze u motocyklistů, příp. cyklistů)",muž,lehké zranění,0,0,1,550,1820,18,srpen,úterý,33-44,Brno-Komín,16.53652381,49.22204451,{413364B5-478F-415A-B382-502A51FE87E1}
16.6074678030001,49.189197301,575,1,576,60206151578,-598272.411,-1161405.435,2015/08/27 00:00:00+00,4,2015,8,srážka s jedoucím nekolejovým vozidlem,při odbočování vlevo,Ne,řidičem motorového vozidla,nehoda s následky na životě nebo zdraví,"povrch suchý, neznečistěný",neztížené,"ve dne, viditelnost nezhoršená vlivem povětrnostních podmínek",dobré,v blízkosti přechodu pro chodce (do vzdálenosti 20 m),uzel (křižovatka sledovaná ve vybraných městech),jízdní kolo,dobrý -žádné nepříznivé okolnosti nebyly zjiště,1,řidič,"s přilbou (pouze u motocyklistů, příp. cyklistů)",žena,lehké zranění,0,0,1,220,1515,15,srpen,čtvrtek,45-60,Brno-střed,16.60746779,49.1891973,{5D10FCC4-81CC-46F4-BA83-6C1DC13195BC}
16.666667268,49.2008564600001,576,1,577,60206151586,-593843.996,-1160578.305,2015/08/28 00:00:00+00,5,2015,8,srážka s jedoucím nekolejovým vozidlem,při odbočování vlevo,Ne,řidičem motorového vozidla,nehoda s následky na životě nebo zdraví,"povrch suchý, neznečistěný",neztížené,"v noci - s veřejným osvětlením, viditelnost nezhoršená vlivem povětrnostních podmínek",dobré,žádné nebo žádné z uvedených,uzel (křižovatka sledovaná ve vybraných městech),jízdní kolo,dobrý -žádné nepříznivé okolnosti nebyly zjiště,1,řidič,"s přilbou (pouze u motocyklistů, příp. cyklistů)",muž,lehké zranění,0,0,1,170,2035,20,srpen,pátek,45-60,Brno-Líšeň,16.66666726,49.20085646,{C44C7073-8F6A-4A2C-9990-D2FC2CA378AC}
16.5933392800001,49.2263870960001,577,1,578,60206151606,-598851.04,-1157183.073,2015/09/01 00:00:00+00,2,2015,9,havárie,"nepřizpůsobení rychlosti dopravně technickému stavu vozovky (zatáčka, klesání, stoupání, šířka vozovky apod.)",Ne,řidičem nemotorového vozidla,nehoda s následky na životě nebo zdraví,"povrch suchý, neznečistěný",neztížené,"ve dne, viditelnost nezhoršená vlivem povětrnostních podmínek",dobré,žádné nebo žádné z uvedených,komunikace sledovaná (ve vybraných městech),jízdní kolo,dobrý -žádné nepříznivé okolnosti nebyly zjiště,1,řidič,"s přilbou (pouze u motocyklistů, příp. cyklistů)",muž,těžké zranění,0,1,0,0,630,6,září,úterý,45-60,Brno-Královo Pole,16.59333927,49.22638709,{B34AFB31-A539-4DA9-B353-BEBC372F36D6}
16.5733055100001,49.2183254760001,578,1,579,60206151629,-600398.397,-1157917.058,2015/09/03 00:00:00+00,4,2015,9,srážka s jedoucím nekolejovým vozidlem,nepřizpůsobení rychlosti intenzitě (hustotě) provozu,Ne,řidičem nemotorového vozidla,nehoda s následky na životě nebo zdraví,"povrch suchý, neznečistěný",neztížené,"ve dne, viditelnost nezhoršená vlivem povětrnostních podmínek",dobré,přechod pro chodce,uzel (křižovatka sledovaná ve vybraných městech),jízdní kolo,dobrý -žádné nepříznivé okolnosti nebyly zjiště,1,řidič,"s přilbou (pouze u motocyklistů, příp. cyklistů)",muž,lehké zranění,0,0,1,300,1600,16,září,čtvrtek,24-32,Brno-Žabovřesky,16.5733055,49.21832547,{468DA6B7-5902-4C8D-ABE5-EF6920E0BA47}
16.595632069,49.193466787,579,1,580,60206151649,-599078.991,-1160840.64,2015/09/07 00:00:00+00,1,2015,9,srážka s chodcem,řidič se plně nevěnoval řízení vozidla,Ne,řidičem nemotorového vozidla,nehoda s následky na životě nebo zdraví,"povrch suchý, neznečistěný",neztížené,"v noci - s veřejným osvětlením, viditelnost nezhoršená vlivem povětrnostních podmínek",dobré,žádné nebo žádné z uvedených,komunikace sledovaná (ve vybraných městech),jízdní kolo,dobrý -žádné nepříznivé okolnosti nebyly zjiště,1,řidič,"bez přilby (pouze u motocyklistů, příp. cyklistů)",muž,bez zraněn,0,1,0,10,510,5,září,pondělí,19-24,Brno-střed,16.59563206,49.19346678,{570987E6-58D3-4B17-BEEF-E990A1102629}
16.5953439300001,49.190974678,580,1,581,60206151684,-599129.694,-1161113.901,2015/09/10 00:00:00+00,4,2015,9,srážka s jedoucím nekolejovým vozidlem,při odbočování vlevo,Ne,řidičem motorového vozidla,nehoda s následky na životě nebo zdraví,"povrch suchý, neznečistěný",neztížené,"ve dne, zhoršená viditelnost (svítání, soumrak)",dobré,"zastávka tramvaje, autobusu, trolejbusu bez nástup. ostrůvku",uzel (křižovatka sledovaná ve vybraných městech),jízdní kolo,dobrý -žádné nepříznivé okolnosti nebyly zjiště,1,řidič,"s přilbou (pouze u motocyklistů, příp. cyklistů)",muž,lehké zranění,0,0,1,300,1940,19,září,čtvrtek,33-44,Brno-střed,16.59534392,49.19097467,{2D6BF6A5-41A1-41E1-9CC1-ABE7E6185E66}
16.6659648510001,49.17712256,581,1,582,60206151704,-594176.481,-1163197.063,2015/09/14 00:00:00+00,1,2015,9,"srážka s vozidlem zaparkovaným, odstaveným",řidič se plně nevěnoval řízení vozidla,Nezjišťován,řidičem nemotorového vozidla,nehoda s následky na životě nebo zdraví,"povrch suchý, neznečistěný",neztížené,"v noci - bez veřejného osvětlení, viditelnost nezhoršená vlivem povětrnostních podmínek",dobré,žádné nebo žádné z uvedených,komunikace místní,jízdní kolo,dobrý -žádné nepříznivé okolnosti nebyly zjiště,1,řidič,"s přilbou (pouze u motocyklistů, příp. cyklistů)",žena,lehké zranění,0,0,1,130,455,4,září,pondělí,24-32,Brno-Černovice,16.66596484,49.17712256,{4EBA4465-D22B-4897-AF74-5197DFF0AC21}
16.621698689,49.1515019820001,582,1,583,60206151731,-597690.828,-1165684.44,2015/09/17 00:00:00+00,4,2015,9,havárie,řidič se plně nevěnoval řízení vozidla,Ne,řidičem nemotorového vozidla,nehoda s následky na životě nebo zdraví,"povrch suchý, neznečistěný",neztížené,"v noci - s veřejným osvětlením, viditelnost nezhoršená vlivem povětrnostních podmínek",dobré,žádné nebo žádné z uvedených,komunikace sledovaná (ve vybraných městech),jízdní kolo,dobrý -žádné nepříznivé okolnosti nebyly zjiště,1,řidič,"bez přilby (pouze u motocyklistů, příp. cyklistů)",muž,těžké zranění,0,1,0,10,215,2,září,čtvrtek,45-60,Brno-jih,16.62169868,49.15150198,{AC128864-E318-47BC-A88D-4F92689D7280}
16.6004287270001,49.1874243770001,583,1,584,60206151736,-598803.703,-1161546.288,2015/09/17 00:00:00+00,4,2015,9,srážka s jedoucím nekolejovým vozidlem,nepřizpůsobení rychlosti intenzitě (hustotě) provozu,Ne,řidičem nemotorového vozidla,nehoda s následky na životě nebo zdraví,"povrch suchý, neznečistěný",neztížené,"ve dne, viditelnost nezhoršená vlivem povětrnostních podmínek",dobré,žádné nebo žádné z uvedených,komunikace místní,jízdní kolo,dobrý -žádné nepříznivé okolnosti nebyly zjiště,1,řidič,"bez přilby (pouze u motocyklistů, příp. cyklistů)",muž,lehké zranění,0,0,1,330,1355,13,září,čtvrtek,33-44,Brno-střed,16.60042872,49.18742437,{78053531-341D-482D-9E44-B82D662BB6D3}
16.6634146230001,49.1891339690001,584,1,585,60206151791,-594218.79,-1161849.147,2015/09/24 00:00:00+00,4,2015,9,srážka s jedoucím nekolejovým vozidlem,"jízda na ""červenou"" 3-barevného semaforu","Ano, obsah alkoholu v krvi od 1,0‰ do 1,5‰",řidičem nemotorového vozidla,nehoda pouze s hmotnou škodou,"povrch suchý, neznečistěný",neztížené,"ve dne, viditelnost nezhoršená vlivem povětrnostních podmínek",dobré,žádné nebo žádné z uvedených,uzel (křižovatka sledovaná ve vybraných městech),jízdní kolo,pod vlivem alkoholu obsah alkoholu v krvi 1 ‰ a víc,1,řidič,"bez přilby (pouze u motocyklistů, příp. cyklistů)",muž,bez zraněn,0,0,0,50,1830,18,září,čtvrtek,19-24,Brno-Židenice,16.66341461,49.18913397,{A96107C4-291D-40FF-8B2C-CCDD68A22E6C}
16.6313628930001,49.228415533,585,1,586,60206151794,-596073.521,-1157256.225,2015/09/25 00:00:00+00,5,2015,9,srážka s jedoucím nekolejovým vozidlem,řidič se plně nevěnoval řízení vozidla,Ne,řidičem nemotorového vozidla,nehoda s následky na životě nebo zdraví,"povrch suchý, neznečistěný",neztížené,"ve dne, viditelnost nezhoršená vlivem povětrnostních podmínek",dobré,žádné nebo žádné z uvedených,komunikace místní,jízdní kolo,dobrý -žádné nepříznivé okolnosti nebyly zjiště,1,řidič,"s přilbou (pouze u motocyklistů, příp. cyklistů)",muž,lehké zranění,0,0,1,150,700,7,září,pátek,24-32,Brno-sever,16.63136288,49.22841553,{D5C26922-9E13-469C-8FD7-756988D88F1E}
16.621255289,49.1986964330001,586,1,587,60206151858,-597159.961,-1160463.098,2015/10/05 00:00:00+00,1,2015,10,jiný druh nehody,řidič se plně nevěnoval řízení vozidla,Nezjišťován,řidičem motorového vozidla,nehoda s následky na životě nebo zdraví,"povrch suchý, neznečistěný",neztížené,"ve dne, viditelnost nezhoršená vlivem povětrnostních podmínek",dobré,žádné nebo žádné z uvedených,komunikace sledovaná (ve vybraných městech),jízdní kolo,dobrý -žádné nepříznivé okolnosti nebyly zjiště,1,řidič,"bez přilby (pouze u motocyklistů, příp. cyklistů)",muž,lehké zranění,0,0,1,0,900,9,říjen,pondělí,61-70,Brno-střed,16.62125528,49.19869643,{DCAB97CF-31D3-49FF-B88E-787ECDF667D8}
16.5561532780001,49.194938795,587,1,588,60206151876,-601921.763,-1160367.518,2015/10/07 00:00:00+00,3,2015,10,srážka s jedoucím nekolejovým vozidlem,při odbočování vlevo,Ne,řidičem motorového vozidla,nehoda s následky na životě nebo zdraví,"povrch suchý, neznečistěný",neztížené,"v noci - s veřejným osvětlením, viditelnost nezhoršená vlivem povětrnostních podmínek",dobré,žádné nebo žádné z uvedených,komunikace sledovaná (ve vybraných městech),jízdní kolo,dobrý -žádné nepříznivé okolnosti nebyly zjiště,1,řidič,"s přilbou (pouze u motocyklistů, příp. cyklistů)",muž,lehké zranění,0,0,1,310,2110,21,říjen,středa,24-32,Brno-Kohoutovice,16.55615327,49.19493879,{F17B8CDB-1052-4219-A6DE-F865E2592BAF}
16.622483775,49.207634822,588,1,589,60206151887,-596964.335,-1159484.457,2015/10/09 00:00:00+00,5,2015,10,srážka s jedoucím nekolejovým vozidlem,proti příkazu dopravní značky DEJ PŘEDNOST,Ne,řidičem motorového vozidla,nehoda s následky na životě nebo zdraví,povrch mokrý,"na počátku deště, slabý déšť, mrholení apod.","v noci - s veřejným osvětlením, viditelnost nezhoršená vlivem povětrnostních podmínek",dobré,v blízkosti přechodu pro chodce (do vzdálenosti 20 m),komunikace sledovaná (ve vybraných městech),jízdní kolo,dobrý -žádné nepříznivé okolnosti nebyly zjiště,4,řidič,"bez přilby (pouze u motocyklistů, příp. cyklistů)",žena,lehké zranění,0,0,1,110,625,6,říjen,pátek,45-60,Brno-sever,16.62248377,49.20763482,{21884BC1-CA4F-4DB8-95C0-CBF390D08412}
16.5919895530001,49.219991103,589,1,590,60206151929,-599025.351,-1157879.614,2015/10/14 00:00:00+00,3,2015,10,srážka s jedoucím nekolejovým vozidlem,proti příkazu dopravní značky DEJ PŘEDNOST,Ne,řidičem motorového vozidla,nehoda s následky na životě nebo zdraví,povrch mokrý,déšť,"ve dne, viditelnost nezhoršená vlivem povětrnostních podmínek",dobré,v blízkosti přechodu pro chodce (do vzdálenosti 20 m),komunikace sledovaná (ve vybraných městech),jízdní kolo,dobrý -žádné nepříznivé okolnosti nebyly zjiště,1,řidič,"s přilbou (pouze u motocyklistů, příp. cyklistů)",muž,lehké zranění,0,0,1,520,810,8,říjen,středa,45-60,Brno-Královo Pole,16.59198954,49.2199911,{5BC0A849-59D8-4794-9826-67209F618156}
16.6012589480001,49.1524581620001,590,1,591,60206152069,-599161.703,-1165418.588,2015/11/02 00:00:00+00,1,2015,11,srážka s jedoucím nekolejovým vozidlem,při odbočování vlevo,Ne,řidičem nemotorového vozidla,nehoda s následky na životě nebo zdraví,"povrch suchý, neznečistěný",neztížené,"v noci - bez veřejného osvětlení, viditelnost nezhoršená vlivem povětrnostních podmínek",dobré,žádné nebo žádné z uvedených,komunikace místní,jízdní kolo,dobrý -žádné nepříznivé okolnosti nebyly zjiště,1,řidič,"s přilbou (pouze u motocyklistů, příp. cyklistů)",muž,lehké zranění,0,0,1,260,540,5,listopad,pondělí,45-60,Brno-jih,16.60125894,49.15245816,{21E4DCE8-5A29-462E-927E-4A1648432EE5}
16.5957239680001,49.1916078150001,591,1,592,60206152072,-599094.579,-1161046.884,2015/11/02 00:00:00+00,1,2015,11,srážka s jedoucím nekolejovým vozidlem,řidič se plně nevěnoval řízení vozidla,Ne,řidičem motorového vozidla,nehoda s následky na životě nebo zdraví,"povrch suchý, neznečistěný",neztížené,"ve dne, viditelnost nezhoršená vlivem povětrnostních podmínek",dobré,žádné nebo žádné z uvedených,uzel (křižovatka sledovaná ve vybraných městech),jízdní kolo,dobrý -žádné nepříznivé okolnosti nebyly zjiště,1,řidič,"s přilbou (pouze u motocyklistů, příp. cyklistů)",muž,lehké zranění,0,0,1,50,740,7,listopad,pondělí,33-44,Brno-střed,16.59572396,49.19160781,{1045497B-374D-4881-9AB3-F884850BC7C2}
16.6149347370001,49.1701571510001,592,1,593,60206152076,-597958.636,-1163568.977,2015/11/03 00:00:00+00,2,2015,11,srážka s jedoucím nekolejovým vozidlem,vozidlu přijíždějícímu zprava,Ne,řidičem nemotorového vozidla,nehoda s následky na životě nebo zdraví,"povrch suchý, neznečistěný",neztížené,"v noci - bez veřejného osvětlení, viditelnost nezhoršená vlivem povětrnostních podmínek",dobré,žádné nebo žádné z uvedených,komunikace místní,jízdní kolo,dobrý -žádné nepříznivé okolnosti nebyly zjiště,1,řidič,"bez přilby (pouze u motocyklistů, příp. cyklistů)",muž,lehké zranění,0,0,1,280,605,6,listopad,úterý,24-32,Brno-jih,16.61493473,49.17015715,{DBE6583B-C991-4423-89BC-9EE6327175DF}
16.5981656910001,49.2048182670001,593,1,594,60206152173,-598759.604,-1159605.513,2015/11/16 00:00:00+00,1,2015,11,srážka s jedoucím nekolejovým vozidlem,řidič se plně nevěnoval řízení vozidla,Ne,řidičem motorového vozidla,nehoda s následky na životě nebo zdraví,"povrch suchý, neznečistěný",neztížené,"v noci - s veřejným osvětlením, viditelnost nezhoršená vlivem povětrnostních podmínek",dobré,žádné nebo žádné z uvedených,komunikace sledovaná (ve vybraných městech),jízdní kolo,dobrý -žádné nepříznivé okolnosti nebyly zjiště,1,řidič,"bez přilby (pouze u motocyklistů, příp. cyklistů)",žena,lehké zranění,0,0,1,70,1645,16,listopad,pondělí,24-32,Brno-střed,16.59816568,49.20481826,{F0BE4136-58EF-4F06-AD14-3E1BE513EEE5}
16.585070477,49.2002193600001,594,1,595,60206152342,-599763.342,-1160011.213,2015/12/09 00:00:00+00,3,2015,12,havárie,"nepřizpůsobení rychlosti stavu vozovky (náledí, výtluky, bláto, mokrý povrch apod.)",Ne,řidičem nemotorového vozidla,nehoda s následky na životě nebo zdraví,povrch mokrý,"na počátku deště, slabý déšť, mrholení apod.","v noci - s veřejným osvětlením, zhoršená viditelnost vlivem povětrnostních podmínek (mlha, déšť, sněžení apod.)",dobré,žádné nebo žádné z uvedených,komunikace sledovaná (ve vybraných městech),jízdní kolo,dobrý -žádné nepříznivé okolnosti nebyly zjiště,1,řidič,"s přilbou (pouze u motocyklistů, příp. cyklistů)",muž,lehké zranění,0,0,1,0,1710,17,prosinec,středa,24-32,Brno-střed,16.58507047,49.20021936,{A9EDD3BB-ECD1-4FF5-8E62-55A69E74180C}
16.6182246230001,49.2228666070001,595,1,596,60206160038,-597091.085,-1157767.115,2016/01/08 00:00:00+00,5,2016,1,srážka s jedoucím nekolejovým vozidlem,při odbočování vlevo,Ne,řidičem motorového vozidla,nehoda s následky na životě nebo zdraví,"povrch suchý, neznečistěný",neztížené,"ve dne, viditelnost nezhoršená vlivem povětrnostních podmínek",dobré,v blízkosti přechodu pro chodce (do vzdálenosti 20 m),komunikace sledovaná (ve vybraných městech),jízdní kolo,dobrý -žádné nepříznivé okolnosti nebyly zjiště,1,řidič,"s přilbou (pouze u motocyklistů, příp. cyklistů)",muž,lehké zranění,0,0,1,320,1315,13,leden,pátek,24-32,Brno-Královo Pole,16.61822461,49.2228666,{73A3871D-B29B-4A77-A72D-CDADD480904F}
16.642805154,49.215683707,596,1,597,60206160203,-595396.463,-1158753.151,2016/02/02 00:00:00+00,2,2016,2,srážka s chodcem,nezaviněná řidičem,Ne,chodcem,nehoda s následky na životě nebo zdraví,"povrch suchý, neznečistěný",neztížené,"ve dne, viditelnost nezhoršená vlivem povětrnostních podmínek",dobré,"zastávka autobusu, trolejbusu, tramvaje s nástup. ostrůvkem",komunikace místní,jízdní kolo,dobrý -žádné nepříznivé okolnosti nebyly zjiště,1,řidič,"s přilbou (pouze u motocyklistů, příp. cyklistů)",muž,bez zraněn,0,1,0,0,1408,14,únor,úterý,45-60,Brno-Maloměřice a Obřany,16.64280514,49.2156837,{216AE359-906F-4C33-BFA1-6397C6056F07}
16.5999542660001,49.215407715,597,1,598,60206160205,-598503.375,-1158448.78,2016/02/02 00:00:00+00,2,2016,2,srážka s jedoucím nekolejovým vozidlem,při odbočování vlevo,"Ano, obsah alkoholu v krvi od 1,0‰ do 1,5‰",řidičem motorového vozidla,nehoda s následky na životě nebo zdraví,"povrch suchý, neznečistěný",neztížené,"ve dne, zhoršená viditelnost (svítání, soumrak)",dobré,v blízkosti přechodu pro chodce (do vzdálenosti 20 m),uzel (křižovatka sledovaná ve vybraných městech),jízdní kolo,dobrý -žádné nepříznivé okolnosti nebyly zjiště,1,řidič,"s přilbou (pouze u motocyklistů, příp. cyklistů)",muž,lehké zranění,0,0,1,700,1725,17,únor,úterý,33-44,Brno-Královo Pole,16.59995426,49.21540771,{AB26CD3F-B94C-48B1-8E8D-F81440BD0DF4}
16.593643194,49.213686786,598,1,599,60206160215,-598981.061,-1158589.571,2016/02/03 00:00:00+00,3,2016,2,srážka s jedoucím nekolejovým vozidlem,při vjíždění na silnici,Ne,řidičem motorového vozidla,nehoda s následky na životě nebo zdraví,"povrch suchý, neznečistěný",neztížené,"ve dne, viditelnost nezhoršená vlivem povětrnostních podmínek",dobré,žádné nebo žádné z uvedených,komunikace sledovaná (ve vybraných městech),jízdní kolo,dobrý -žádné nepříznivé okolnosti nebyly zjiště,1,řidič,"s přilbou (pouze u motocyklistů, příp. cyklistů)",muž,lehké zranění,0,0,1,260,1520,15,únor,středa,24-32,Brno-Královo Pole,16.59364319,49.21368678,{76E7A6DC-4D25-49B0-AFAC-834A9279254C}
16.605556623,49.1633100430001,599,1,600,60206160233,-598720.331,-1164252.525,2016/02/08 00:00:00+00,1,2016,2,jiný druh nehody,nepřizpůsobení rychlosti vlastnostem vozidla a nákladu,Ne,řidičem nemotorového vozidla,nehoda s následky na životě nebo zdraví,"povrch suchý, neznečistěný",neztížené,"ve dne, zhoršená viditelnost (svítání, soumrak)",dobré,žádné nebo žádné z uvedených,komunikace sledovaná (ve vybraných městech),jízdní kolo,dobrý -žádné nepříznivé okolnosti nebyly zjiště,1,řidič,"bez přilby (pouze u motocyklistů, příp. cyklistů)",žena,lehké zranění,0,0,1,10,1710,17,únor,pondělí,45-60,Brno-jih,16.60555661,49.16331004,{A996D09D-6774-430F-9797-C71537330D92}
16.687172848,49.1761637550001,600,1,601,60206160240,-592650.455,-1163467.829,2016/02/09 00:00:00+00,2,2016,2,srážka s jedoucím nekolejovým vozidlem,"jízda po nesprávné straně vozovky, vjetí do protisměru",Ne,řidičem nemotorového vozidla,nehoda s následky na životě nebo zdraví,"povrch suchý, neznečistěný",neztížené,"ve dne, viditelnost nezhoršená vlivem povětrnostních podmínek",dobré,"zastávka tramvaje, autobusu, trolejbusu bez nástup. ostrůvku",komunikace sledovaná (ve vybraných městech),jízdní kolo,dobrý -žádné nepříznivé okolnosti nebyly zjiště,1,řidič,"bez přilby (pouze u motocyklistů, příp. cyklistů)",muž,těžké zranění,0,1,0,70,1550,15,únor,úterý,24-32,Brno-Slatina,16.68717284,49.17616375,{7A5A46B1-03B8-4A47-9B63-E976A93106C0}
16.5784111940001,49.214797515,601,1,602,60206160241,-600070.955,-1158347.214,2016/02/09 00:00:00+00,2,2016,2,havárie,jiný druh nepřiměřené rychlosti,Ne,řidičem nemotorového vozidla,nehoda s následky na životě nebo zdraví,"povrch suchý, neznečistěný",neztížené,"v noci - s veřejným osvětlením, viditelnost nezhoršená vlivem povětrnostních podmínek",dobré,žádné nebo žádné z uvedených,komunikace místní,jízdní kolo,dobrý -žádné nepříznivé okolnosti nebyly zjiště,1,řidič,"bez přilby (pouze u motocyklistů, příp. cyklistů)",muž,lehké zranění,0,0,1,0,1935,19,únor,úterý,19-24,Brno-Žabovřesky,16.57841119,49.21479751,{204338C9-C1D8-4D04-87C3-F99046F9D580}
16.606548638,49.204314046,602,1,603,60206160270,-598158.352,-1159726.94,2016/02/12 00:00:00+00,5,2016,2,srážka s jedoucím nekolejovým vozidlem,řidič se plně nevěnoval řízení vozidla,Ne,řidičem nemotorového vozidla,nehoda s následky na životě nebo zdraví,"povrch suchý, neznečistěný",neztížené,"ve dne, viditelnost nezhoršená vlivem povětrnostních podmínek",dobré,žádné nebo žádné z uvedených,komunikace sledovaná (ve vybraných městech),jízdní kolo,dobrý -žádné nepříznivé okolnosti nebyly zjiště,1,řidič,"s přilbou (pouze u motocyklistů, příp. cyklistů)",muž,lehké zranění,0,0,1,115,1305,13,únor,pátek,71 a více,Brno-střed,16.60654863,49.20431404,{E53ADAAE-C5A5-4A8C-A8D1-869CE04D4E16}
16.6666873880001,49.2031135670001,603,1,604,60206160280,-593815.761,-1160328.896,2016/02/14 00:00:00+00,7,2016,2,srážka s jedoucím nekolejovým vozidlem,řidič se plně nevěnoval řízení vozidla,Ne,řidičem nemotorového vozidla,nehoda s následky na životě nebo zdraví,"povrch suchý, neznečistěný",neztížené,"ve dne, viditelnost nezhoršená vlivem povětrnostních podmínek",dobré,v blízkosti přechodu pro chodce (do vzdálenosti 20 m),komunikace sledovaná (ve vybraných městech),jízdní kolo,dobrý -žádné nepříznivé okolnosti nebyly zjiště,1,řidič,"s přilbou (pouze u motocyklistů, příp. cyklistů)",žena,těžké zranění,0,1,0,230,900,9,únor,neděle,33-44,Brno-Líšeň,16.66668738,49.20311356,{74A43777-CC89-48C1-B65B-5B9C8E7F4D3C}