X,Y,objectid,join_count,target_fid,id,d,e,datum,den,rok,mesic,srazka,pricina,alkohol,zavineni,nasledky,stav_vozovky,povetrnostni_podm,viditelnost,rozhled,misto_nehody,druh_komun,druh_vozidla,stav_ridic,ovlivneni_ridice,osoba,ozn_osoba,pohlavi,nasledek,usmrceno_os,tezce_zran_os,lehce_zran_os,hmotna_skoda,cas,hodina,mesic_t,den_v_tydnu,vek_skupina,nazev,point_x,point_y,globalid
16.6059563420001,49.1988058060001,604,1,605,60206160381,-598267.096,-1160331.288,2016/03/05 00:00:00+00,6,2016,3,"srážka s vozidlem zaparkovaným, odstaveným",řidič se plně nevěnoval řízení vozidla,"Ano, obsah alkoholu v krvi od 1,0‰ do 1,5‰",řidičem nemotorového vozidla,nehoda pouze s hmotnou škodou,"povrch suchý, neznečistěný",neztížené,"ve dne, viditelnost nezhoršená vlivem povětrnostních podmínek",dobré,v blízkosti přechodu pro chodce (do vzdálenosti 20 m),komunikace sledovaná (ve vybraných městech),jízdní kolo,pod vlivem alkoholu obsah alkoholu v krvi 1 ‰ a víc,1,řidič,"bez přilby (pouze u motocyklistů, příp. cyklistů)",muž,bez zraněn,0,0,0,10,1600,16,březen,sobota,24-32,Brno-střed,16.60595633,49.1988058,{61596F30-4748-477D-93FC-6F3C1C3BA0F4}
16.6058523840001,49.1633340060001,605,1,606,60206160383,-598698.601,-1164252.194,2016/03/06 00:00:00+00,7,2016,3,srážka s jedoucím nekolejovým vozidlem,řidič se plně nevěnoval řízení vozidla,Ne,řidičem nemotorového vozidla,nehoda s následky na životě nebo zdraví,"povrch suchý, neznečistěný",neztížené,"ve dne, viditelnost nezhoršená vlivem povětrnostních podmínek",dobré,žádné nebo žádné z uvedených,komunikace sledovaná (ve vybraných městech),jízdní kolo,dobrý -žádné nepříznivé okolnosti nebyly zjiště,1,řidič,"s přilbou (pouze u motocyklistů, příp. cyklistů)",muž,bez zraněn,0,0,1,70,1312,13,březen,neděle,45-60,Brno-jih,16.60585238,49.163334,{71D3FA52-D10E-43BA-9F9E-DF0DF7784F28}
16.6058523840001,49.1633340060001,606,1,607,60206160383,-598698.601,-1164252.194,2016/03/06 00:00:00+00,7,2016,3,srážka s jedoucím nekolejovým vozidlem,řidič se plně nevěnoval řízení vozidla,Ne,řidičem nemotorového vozidla,nehoda s následky na životě nebo zdraví,"povrch suchý, neznečistěný",neztížené,"ve dne, viditelnost nezhoršená vlivem povětrnostních podmínek",dobré,žádné nebo žádné z uvedených,komunikace sledovaná (ve vybraných městech),jízdní kolo,dobrý -žádné nepříznivé okolnosti nebyly zjiště,1,řidič,"bez přilby (pouze u motocyklistů, příp. cyklistů)",muž,lehké zranění,0,0,1,70,1312,13,březen,neděle,71 a více,Brno-jih,16.60585238,49.163334,{84F59EF1-F770-4212-A4E8-81F6F1AB771D}
16.589001969,49.1729979140001,607,1,608,60206160533,-599804.549,-1163051.578,2016/04/01 00:00:00+00,5,2016,4,srážka s jedoucím nekolejovým vozidlem,řidič se plně nevěnoval řízení vozidla,Ne,řidičem motorového vozidla,nehoda s následky na životě nebo zdraví,"povrch suchý, neznečistěný",neztížené,"ve dne, viditelnost nezhoršená vlivem povětrnostních podmínek",dobré,žádné nebo žádné z uvedených,komunikace sledovaná (ve vybraných městech),jízdní kolo,dobrý -žádné nepříznivé okolnosti nebyly zjiště,1,řidič,"bez přilby (pouze u motocyklistů, příp. cyklistů)",muž,lehké zranění,0,0,1,0,1900,19,duben,pátek,45-60,Brno-střed,16.58900196,49.17299791,{D3024C23-FA59-444A-AC06-F649367AF84F}
16.595243899,49.1852151590001,608,1,609,60206160546,-599205.872,-1161749.873,2016/04/04 00:00:00+00,1,2016,4,havárie,řidič se plně nevěnoval řízení vozidla,Ne,řidičem nemotorového vozidla,nehoda s následky na životě nebo zdraví,"povrch suchý, neznečistěný",neztížené,"ve dne, viditelnost nezhoršená vlivem povětrnostních podmínek",dobré,žádné nebo žádné z uvedených,komunikace sledovaná (ve vybraných městech),jízdní kolo,dobrý -žádné nepříznivé okolnosti nebyly zjiště,1,řidič,"bez přilby (pouze u motocyklistů, příp. cyklistů)",muž,lehké zranění,0,0,1,10,1330,13,duben,pondělí,45-60,Brno-střed,16.59524389,49.18521516,{DD4F17BC-F167-4A1A-9176-E3A0A8D4B46A}
16.5193932870001,49.2186565420001,609,1,610,60206160550,-604298.534,-1157455.278,2016/04/04 00:00:00+00,1,2016,4,srážka s jedoucím nekolejovým vozidlem,proti příkazu dopravní značky DEJ PŘEDNOST,Ne,řidičem motorového vozidla,nehoda s následky na životě nebo zdraví,"povrch suchý, neznečistěný",neztížené,"ve dne, viditelnost nezhoršená vlivem povětrnostních podmínek",dobré,žádné nebo žádné z uvedených,uzel (křižovatka sledovaná ve vybraných městech),jízdní kolo,dobrý -žádné nepříznivé okolnosti nebyly zjiště,1,řidič,"s přilbou (pouze u motocyklistů, příp. cyklistů)",muž,lehké zranění,0,0,1,310,1515,15,duben,pondělí,24-32,Brno-Bystrc,16.51939328,49.21865654,{1465DFEE-6FBA-459E-B201-DEE6B26C07E6}
16.536603783,49.2213114690001,610,1,611,60206160551,-603020.249,-1157297.813,2016/04/04 00:00:00+00,1,2016,4,srážka s jedoucím nekolejovým vozidlem,jiný druh nepřiměřené rychlosti,Ne,řidičem nemotorového vozidla,nehoda s následky na životě nebo zdraví,"povrch suchý, neznečistěný",neztížené,"ve dne, viditelnost nezhoršená vlivem povětrnostních podmínek",dobré,přechod pro chodce,komunikace sledovaná (ve vybraných městech),jízdní kolo,dobrý -žádné nepříznivé okolnosti nebyly zjiště,1,řidič,"s přilbou (pouze u motocyklistů, příp. cyklistů)",muž,lehké zranění,0,0,1,800,1840,18,duben,pondělí,33-44,Brno-Komín,16.53660377,49.22131147,{9FA91093-8761-4C0D-AA19-3AA8B96B784F}
16.643617104,49.1783989,611,1,612,60206160555,-595781.239,-1162881.875,2016/04/05 00:00:00+00,2,2016,4,srážka s domácím zvířetem,nezaviněná řidičem,Nezjišťován,"lesní zvěří, domácím zvířectvem",nehoda s následky na životě nebo zdraví,"povrch suchý, neznečistěný",neztížené,"ve dne, viditelnost nezhoršená vlivem povětrnostních podmínek",dobré,žádné nebo žádné z uvedených,komunikace místní,jízdní kolo,dobrý -žádné nepříznivé okolnosti nebyly zjiště,1,řidič,"s přilbou (pouze u motocyklistů, příp. cyklistů)",žena,těžké zranění,0,1,0,0,835,8,duben,úterý,33-44,Brno-Černovice,16.6436171,49.1783989,{6B85A907-5317-483D-9F2B-1B35E605B14B}
16.6152384640001,49.2015427150001,612,1,613,60206160574,-597561.915,-1160101.355,2016/04/08 00:00:00+00,5,2016,4,havárie,"nepřizpůsobení rychlosti dopravně technickému stavu vozovky (zatáčka, klesání, stoupání, šířka vozovky apod.)",Ne,řidičem nemotorového vozidla,nehoda s následky na životě nebo zdraví,"povrch suchý, neznečistěný",neztížené,"ve dne, viditelnost nezhoršená vlivem povětrnostních podmínek",dobré,žádné nebo žádné z uvedených,komunikace sledovaná (ve vybraných městech),jízdní kolo,dobrý -žádné nepříznivé okolnosti nebyly zjiště,1,řidič,"s přilbou (pouze u motocyklistů, příp. cyklistů)",muž,lehké zranění,0,0,1,60,940,9,duben,pátek,24-32,Brno-střed,16.61523846,49.20154271,{AD74CA2D-561A-46C9-A0FA-F28126F3FCCC}
16.585412574,49.2381490340001,613,1,614,60206160580,-599284.07,-1155820.537,2016/04/08 00:00:00+00,5,2016,4,srážka s jedoucím nekolejovým vozidlem,při otáčení nebo couvání,Ne,řidičem motorového vozidla,nehoda s následky na životě nebo zdraví,povrch mokrý,déšť,"ve dne, viditelnost nezhoršená vlivem povětrnostních podmínek",dobré,parkoviště přiléhající ke komunikaci,komunikace sledovaná (ve vybraných městech),jízdní kolo,dobrý -žádné nepříznivé okolnosti nebyly zjiště,1,řidič,"bez přilby (pouze u motocyklistů, příp. cyklistů)",muž,lehké zranění,0,0,1,100,1650,16,duben,pátek,19-24,Brno-Řečkovice a Mokrá Hora,16.58541257,49.23814903,{838E9A79-CF08-4ABA-9358-6002F9B37C53}
16.612490182,49.1962505280001,614,1,615,60206160658,-597824.226,-1160664.956,2016/04/20 00:00:00+00,3,2016,4,srážka s chodcem,nezaviněná řidičem,Nezjišťován,chodcem,nehoda s následky na životě nebo zdraví,"povrch suchý, neznečistěný",neztížené,"ve dne, viditelnost nezhoršená vlivem povětrnostních podmínek",dobré,žádné nebo žádné z uvedených,komunikace místní,jízdní kolo,dobrý -žádné nepříznivé okolnosti nebyly zjiště,1,řidič,"bez přilby (pouze u motocyklistů, příp. cyklistů)",muž,lehké zranění,0,0,1,10,1755,17,duben,středa,19-24,Brno-střed,16.61249017,49.19625052,{729E13A5-02F2-4797-9638-75AA6240ABEA}
16.5720110610001,49.1738443610001,615,1,616,60206160666,-601025.999,-1162824.435,2016/04/21 00:00:00+00,4,2016,4,srážka s jedoucím nekolejovým vozidlem,"jízda na ""červenou"" 3-barevného semaforu",Ne,řidičem motorového vozidla,nehoda s následky na životě nebo zdraví,"povrch suchý, neznečistěný",neztížené,"ve dne, viditelnost nezhoršená vlivem povětrnostních podmínek",dobré,přechod pro chodce,uzel (křižovatka sledovaná ve vybraných městech),jízdní kolo,dobrý -žádné nepříznivé okolnosti nebyly zjiště,1,řidič,"bez přilby (pouze u motocyklistů, příp. cyklistů)",žena,lehké zranění,0,0,1,110,1700,17,duben,čtvrtek,24-32,Brno-Bohunice,16.57201105,49.17384436,{3F4E0153-297B-41D6-A7EA-5F08155B82A7}
16.5981249760001,49.191689641,616,1,617,60206160686,-598919.621,-1161056.667,2016/04/23 00:00:00+00,6,2016,4,"srážka s vozidlem zaparkovaným, odstaveným",řidič se plně nevěnoval řízení vozidla,Ne,řidičem motorového vozidla,nehoda s následky na životě nebo zdraví,"povrch suchý, neznečistěný",neztížené,"ve dne, zhoršená viditelnost (svítání, soumrak)",dobré,žádné nebo žádné z uvedených,komunikace sledovaná (ve vybraných městech),jízdní kolo,dobrý -žádné nepříznivé okolnosti nebyly zjiště,4,řidič,"bez přilby (pouze u motocyklistů, příp. cyklistů)",muž,těžké zranění,0,1,0,70,2017,20,duben,sobota,45-60,Brno-střed,16.59812497,49.19168964,{FAD77BB0-F78E-4946-B8C3-3B075AAA9823}
16.622778281,49.2530097380001,617,1,618,60206160695,-596401.779,-1154470.002,2016/04/26 00:00:00+00,2,2016,4,srážka s jedoucím nekolejovým vozidlem,proti příkazu dopravní značky DEJ PŘEDNOST,Ne,řidičem motorového vozidla,nehoda s následky na životě nebo zdraví,"povrch suchý, neznečistěný",neztížené,"ve dne, viditelnost nezhoršená vlivem povětrnostních podmínek",dobré,žádné nebo žádné z uvedených,komunikace sledovaná (ve vybraných městech),jízdní kolo,dobrý -žádné nepříznivé okolnosti nebyly zjiště,1,řidič,"s přilbou (pouze u motocyklistů, příp. cyklistů)",žena,lehké zranění,0,0,1,100,830,8,duben,úterý,33-44,Brno-sever,16.62277827,49.25300973,{AE7D8399-95E6-4108-A211-384ABE5DA6FA}
16.64649604,49.195645692,618,1,619,60206160701,-595367.443,-1160997.429,2016/04/26 00:00:00+00,2,2016,4,srážka s jedoucím nekolejovým vozidlem,při odbočování vlevo,Ne,řidičem motorového vozidla,nehoda s následky na životě nebo zdraví,povrch mokrý,déšť,"v noci - s veřejným osvětlením, viditelnost nezhoršená vlivem povětrnostních podmínek",dobré,žádné nebo žádné z uvedených,uzel (křižovatka sledovaná ve vybraných městech),jízdní kolo,"pod vlivem alkoholu, obsah alkoholu v krvi do 0,99 ‰",1,řidič,"bez přilby (pouze u motocyklistů, příp. cyklistů)",muž,lehké zranění,0,0,1,90,2155,21,duben,úterý,33-44,Brno-Židenice,16.64649603,49.19564569,{C67B0C75-D677-4DF3-B681-4D3AE7665254}
16.6088675400001,49.195035531,619,1,620,60206160719,-598101.223,-1160770.926,2016/04/29 00:00:00+00,5,2016,4,jiný druh nehody,řidič se plně nevěnoval řízení vozidla,Ne,řidičem nemotorového vozidla,nehoda s následky na životě nebo zdraví,"povrch suchý, neznečistěný",neztížené,"ve dne, viditelnost nezhoršená vlivem povětrnostních podmínek",dobré,žádné nebo žádné z uvedených,uzel (křižovatka sledovaná ve vybraných městech),jízdní kolo,dobrý -žádné nepříznivé okolnosti nebyly zjiště,1,řidič,"s přilbou (pouze u motocyklistů, příp. cyklistů)",muž,lehké zranění,0,0,2,20,1035,10,duben,pátek,19-24,Brno-střed,16.60886753,49.19503553,{79F9E101-3C55-4719-B9F1-0409C679D298}
16.597321965,49.191587659,620,1,621,60206160758,-598979.028,-1161061.645,2016/05/05 00:00:00+00,4,2016,5,jiný druh nehody,nezaviněná řidičem,Nezjišťován,jiné zaviněn,nehoda s následky na životě nebo zdraví,"povrch suchý, neznečistěný",neztížené,"ve dne, viditelnost nezhoršená vlivem povětrnostních podmínek",dobré,žádné nebo žádné z uvedených,komunikace sledovaná (ve vybraných městech),jízdní kolo,dobrý -žádné nepříznivé okolnosti nebyly zjiště,1,řidič,"s přilbou (pouze u motocyklistů, příp. cyklistů)",muž,lehké zranění,0,0,1,100,1420,14,květen,čtvrtek,33-44,Brno-střed,16.59732196,49.19158766,{62A46B45-539A-4EB9-9501-E9E3EEA6E58E}
16.5891196220001,49.184907518,621,1,622,60206160769,-599653.381,-1161735.822,2016/05/07 00:00:00+00,6,2016,5,srážka s jedoucím nekolejovým vozidlem,"při předjíždění došlo k ohrožení předjížděného řidiče vozidla (vynucované zařazení, předjížděný řidič musel prudce brzdit, měnit směr jízdy apod.)",Nezjišťován,řidičem motorového vozidla,nehoda s následky na životě nebo zdraví,"povrch suchý, neznečistěný",neztížené,"ve dne, viditelnost nezhoršená vlivem povětrnostních podmínek",dobré,žádné nebo žádné z uvedených,komunikace místní,jízdní kolo,dobrý -žádné nepříznivé okolnosti nebyly zjiště,1,řidič,"bez přilby (pouze u motocyklistů, příp. cyklistů)",žena,lehké zranění,0,0,1,30,930,9,květen,sobota,24-32,Brno-střed,16.58911961,49.18490751,{3B97F58C-1FA3-459D-BE82-6F4E7944BF66}
16.5281376070001,49.2356232830001,622,1,623,60206160789,-603460.602,-1155648.802,2016/05/09 00:00:00+00,1,2016,5,srážka s jedoucím nekolejovým vozidlem,vyhýbání bez dostatečného bočního odstupu (vůle),Nezjišťován,řidičem motorového vozidla,nehoda s následky na životě nebo zdraví,"povrch suchý, neznečistěný",neztížené,"ve dne, viditelnost nezhoršená vlivem povětrnostních podmínek",dobré,přechod pro chodce,komunikace sledovaná (ve vybraných městech),jízdní kolo,dobrý -žádné nepříznivé okolnosti nebyly zjiště,1,řidič,"s přilbou (pouze u motocyklistů, příp. cyklistů)",žena,lehké zranění,0,0,1,10,1620,16,květen,pondělí,19-24,Brno-Kníničky,16.5281376,49.23562328,{0C05149D-DA48-49A5-BF42-BC3E58F760A7}
16.597342381,49.1992140300001,623,1,624,60206160812,-598886.3,-1160218.651,2016/05/11 00:00:00+00,3,2016,5,"srážka s vozidlem zaparkovaným, odstaveným",řidič se plně nevěnoval řízení vozidla,"Ano, obsah alkoholu v krvi 1,5‰ a více",řidičem nemotorového vozidla,nehoda s následky na životě nebo zdraví,"povrch suchý, neznečistěný",neztížené,"v noci - s veřejným osvětlením, viditelnost nezhoršená vlivem povětrnostních podmínek",dobré,žádné nebo žádné z uvedených,komunikace místní,jízdní kolo,pod vlivem alkoholu obsah alkoholu v krvi 1 ‰ a víc,1,řidič,"bez přilby (pouze u motocyklistů, příp. cyklistů)",muž,těžké zranění,0,1,0,210,2250,22,květen,středa,33-44,Brno-střed,16.59734237,49.19921403,{D5C6C467-E17B-4B58-BB9C-687D4123F505}
16.594677206,49.1957799260001,624,1,625,60206160823,-599120.493,-1160577.416,2016/05/12 00:00:00+00,4,2016,5,jiný druh nehody,při odbočování vlevo,Ne,řidičem motorového vozidla,nehoda s následky na životě nebo zdraví,povrch mokrý,neztížené,"ve dne, viditelnost nezhoršená vlivem povětrnostních podmínek",dobré,žádné nebo žádné z uvedených,komunikace sledovaná (ve vybraných městech),jízdní kolo,dobrý -žádné nepříznivé okolnosti nebyly zjiště,1,řidič,"bez přilby (pouze u motocyklistů, příp. cyklistů)",muž,lehké zranění,0,0,1,60,1750,17,květen,čtvrtek,33-44,Brno-střed,16.5946772,49.19577992,{E4874A10-C156-40DD-BE11-42E64B33379E}
16.525156559,49.2347893190001,625,1,626,60206160845,-603686.464,-1155717.436,2016/05/14 00:00:00+00,6,2016,5,havárie,jiný druh nepřiměřené rychlosti,"Ano, obsah alkoholu v krvi 1,5‰ a více",řidičem nemotorového vozidla,nehoda s následky na životě nebo zdraví,"povrch suchý, neznečistěný",neztížené,"ve dne, viditelnost nezhoršená vlivem povětrnostních podmínek",dobré,žádné nebo žádné z uvedených,komunikace sledovaná (ve vybraných městech),jízdní kolo,pod vlivem alkoholu obsah alkoholu v krvi 1 ‰ a víc,1,řidič,"bez přilby (pouze u motocyklistů, příp. cyklistů)",muž,těžké zranění,0,1,0,50,1337,13,květen,sobota,45-60,Brno-Kníničky,16.52515655,49.23478932,{7B66C7B6-87AE-4770-BB73-D9AE10D2B984}
16.630086813,49.1906618410001,626,1,627,60206160878,-596615.835,-1161420.432,2016/05/03 00:00:00+00,2,2016,5,srážka s jedoucím nekolejovým vozidlem,proti příkazu dopravní značky DEJ PŘEDNOST,Nezjišťován,řidičem motorového vozidla,nehoda pouze s hmotnou škodou,"povrch suchý, neznečistěný",neztížené,"ve dne, viditelnost nezhoršená vlivem povětrnostních podmínek",dobré,žádné nebo žádné z uvedených,uzel (křižovatka sledovaná ve vybraných městech),jízdní kolo,dobrý -žádné nepříznivé okolnosti nebyly zjiště,1,řidič,"s přilbou (pouze u motocyklistů, příp. cyklistů)",muž,bez zraněn,0,0,0,10,645,6,květen,úterý,33-44,Brno-Černovice,16.6300868,49.19066184,{071A8F16-56BE-42D3-9919-64B4220F5296}
16.6032875070001,49.183486116,627,1,628,60206160887,-598643.621,-1162004.104,2016/05/21 00:00:00+00,6,2016,5,havárie,řidič se plně nevěnoval řízení vozidla,Ne,řidičem nemotorového vozidla,nehoda s následky na životě nebo zdraví,"povrch suchý, neznečistěný",neztížené,"ve dne, viditelnost nezhoršená vlivem povětrnostních podmínek",dobré,žádné nebo žádné z uvedených,komunikace místní,jízdní kolo,dobrý -žádné nepříznivé okolnosti nebyly zjiště,1,řidič,"s přilbou (pouze u motocyklistů, příp. cyklistů)",chlapec (do 15 let),lehké zranění,0,0,1,0,1145,11,květen,sobota,12-15,Brno-střed,16.6032875,49.18348611,{61903882-9ADA-4FC8-B415-DD0C2942A43C}
16.625841999,49.1755191720001,628,1,629,60206160888,-597103.986,-1163061.472,2016/05/21 00:00:00+00,6,2016,5,havárie,nezvládnutí řízení vozidla,Ne,řidičem nemotorového vozidla,nehoda s následky na životě nebo zdraví,"povrch suchý, neznečistěný",neztížené,"ve dne, viditelnost nezhoršená vlivem povětrnostních podmínek",dobré,žádné nebo žádné z uvedených,komunikace místní,jízdní kolo,dobrý -žádné nepříznivé okolnosti nebyly zjiště,1,řidič,"bez přilby (pouze u motocyklistů, příp. cyklistů)",muž,lehké zranění,0,0,1,1,1340,13,květen,sobota,33-44,Brno-jih,16.62584199,49.17551917,{16D735CA-D884-41C0-9589-63788ABA0876}
16.7105346720001,49.210737884,629,1,630,60206160896,-590548.912,-1159825.766,2016/05/22 00:00:00+00,7,2016,5,srážka s chodcem,řidič se plně nevěnoval řízení vozidla,"Ano, obsah alkoholu v krvi od 0,24‰ do 0,5‰",řidičem nemotorového vozidla,nehoda s následky na životě nebo zdraví,"povrch suchý, neznečistěný",neztížené,"ve dne, viditelnost nezhoršená vlivem povětrnostních podmínek",dobré,žádné nebo žádné z uvedených,komunikace místní,jízdní kolo,"pod vlivem alkoholu, obsah alkoholu v krvi do 0,99 ‰",0,řidič,"bez přilby (pouze u motocyklistů, příp. cyklistů)",muž,bez zraněn,0,1,0,0,1700,17,květen,neděle,19-24,Brno-Líšeň,16.71053466,49.21073788,{9A5E2C87-07BC-41AA-907B-FC51293B2644}
16.5955569610001,49.1914566900001,630,1,631,60206160935,-599108.489,-1161062.282,2016/05/27 00:00:00+00,5,2016,5,srážka s jedoucím nekolejovým vozidlem,při odbočování vlevo,Ne,řidičem motorového vozidla,nehoda s následky na životě nebo zdraví,"povrch suchý, neznečistěný",neztížené,"ve dne, viditelnost nezhoršená vlivem povětrnostních podmínek",dobré,žádné nebo žádné z uvedených,uzel (křižovatka sledovaná ve vybraných městech),jízdní kolo,dobrý -žádné nepříznivé okolnosti nebyly zjiště,1,řidič,"bez přilby (pouze u motocyklistů, příp. cyklistů)",muž,lehké zranění,0,0,1,400,1515,15,květen,pátek,24-32,Brno-střed,16.59555695,49.19145669,{6640EB62-0D7E-4E3C-9FD2-02D0F58F106E}
16.5916407770001,49.2547860180001,631,1,632,60206160942,-598633.998,-1154030.038,2016/05/29 00:00:00+00,7,2016,5,jiný druh nehody,nezvládnutí řízení vozidla,Ne,řidičem nemotorového vozidla,nehoda s následky na životě nebo zdraví,"povrch suchý, neznečistěný",neztížené,"ve dne, viditelnost nezhoršená vlivem povětrnostních podmínek",dobré,žádné nebo žádné z uvedených,komunikace místní,jízdní kolo,dobrý -žádné nepříznivé okolnosti nebyly zjiště,1,řidič,"s přilbou (pouze u motocyklistů, příp. cyklistů)",muž,těžké zranění,0,1,0,105,1715,17,květen,neděle,45-60,Brno-Řečkovice a Mokrá Hora,16.59164077,49.25478601,{D462A2BB-A706-4739-981D-3B64FB29DEBA}
16.533100753,49.2205655240001,632,1,633,60206160957,-603282.902,-1157352.612,2016/05/30 00:00:00+00,1,2016,5,srážka s chodcem,nezaviněná řidičem,Nezjišťován,chodcem,nehoda s následky na životě nebo zdraví,"povrch suchý, neznečistěný",neztížené,"ve dne, viditelnost nezhoršená vlivem povětrnostních podmínek",dobré,žádné nebo žádné z uvedených,komunikace místní,jízdní kolo,,,,,,,0,0,1,0,1925,19,květen,pondělí,,Brno-Bystrc,16.53310074,49.22056552,{427807F5-8632-495B-B9F4-CA2C4EBA21BB}
16.6017918110001,49.2253361090001,633,1,634,60206160970,-598251.56,-1157365.505,2016/06/02 00:00:00+00,4,2016,6,jiný druh nehody,jiný druh nepřiměřené rychlosti,"Ano, obsah alkoholu v krvi 1,5‰ a více",řidičem nemotorového vozidla,nehoda s následky na životě nebo zdraví,"povrch suchý, neznečistěný",neztížené,"ve dne, viditelnost nezhoršená vlivem povětrnostních podmínek",dobré,parkoviště přiléhající ke komunikaci,komunikace místní,jízdní kolo,pod vlivem alkoholu obsah alkoholu v krvi 1 ‰ a víc,1,řidič,"bez přilby (pouze u motocyklistů, příp. cyklistů)",žena,lehké zranění,0,0,1,0,950,9,červen,čtvrtek,45-60,Brno-Královo Pole,16.6017918,49.22533611,{D9181389-5B50-489C-AD18-7740FE631C4F}
16.5972529530001,49.191453655,634,1,635,60206160982,-598985.632,-1161075.919,2016/06/05 00:00:00+00,7,2016,6,havárie,nepřizpůsobení rychlosti vlastnostem vozidla a nákladu,"Ano, obsah alkoholu v krvi 1,5‰ a více",řidičem nemotorového vozidla,nehoda s následky na životě nebo zdraví,"povrch suchý, neznečistěný",neztížené,"v noci - s veřejným osvětlením, viditelnost nezhoršená vlivem povětrnostních podmínek",dobré,žádné nebo žádné z uvedených,komunikace sledovaná (ve vybraných městech),jízdní kolo,pod vlivem alkoholu obsah alkoholu v krvi 1 ‰ a víc,1,řidič,"bez přilby (pouze u motocyklistů, příp. cyklistů)",muž,lehké zranění,0,0,1,0,325,3,červen,neděle,33-44,Brno-střed,16.59725294,49.19145365,{7C0EC724-91F1-4A68-A3CB-72F45CBE8062}
16.5866514790001,49.236610935,635,1,636,60206161001,-599212.811,-1156000.304,2016/06/08 00:00:00+00,3,2016,6,havárie,řidič se plně nevěnoval řízení vozidla,"Ano, obsah alkoholu v krvi 1,5‰ a více",řidičem nemotorového vozidla,nehoda s následky na životě nebo zdraví,"povrch suchý, neznečistěný",neztížené,"v noci - s veřejným osvětlením, viditelnost nezhoršená vlivem povětrnostních podmínek",dobré,žádné nebo žádné z uvedených,komunikace sledovaná (ve vybraných městech),jízdní kolo,pod vlivem alkoholu obsah alkoholu v krvi 1 ‰ a víc,1,řidič,"s přilbou (pouze u motocyklistů, příp. cyklistů)",muž,lehké zranění,0,0,1,0,115,1,červen,středa,24-32,Brno-Řečkovice a Mokrá Hora,16.58665147,49.23661093,{1FF1AEDB-AED9-45C3-98C8-8893F7CFB398}
16.5469532650001,49.212306831,636,1,637,60206161004,-602379.229,-1158374.939,2016/06/08 00:00:00+00,3,2016,6,srážka s chodcem,řidič se plně nevěnoval řízení vozidla,Nezjišťován,řidičem nemotorového vozidla,nehoda s následky na životě nebo zdraví,"povrch suchý, neznečistěný",neztížené,"ve dne, viditelnost nezhoršená vlivem povětrnostních podmínek",dobré,žádné nebo žádné z uvedených,komunikace místní,jízdní kolo,,,,,,,0,0,1,0,1710,17,červen,středa,,Brno-Jundrov,16.54695326,49.21230683,{AC4AC701-A624-4C84-96B5-64FAD6CB430A}
16.6291625010001,49.2212252750001,637,1,638,60206161021,-596318.549,-1158034.03,2016/06/12 00:00:00+00,7,2016,6,havárie,"nepřizpůsobení rychlosti dopravně technickému stavu vozovky (zatáčka, klesání, stoupání, šířka vozovky apod.)","Ano, obsah alkoholu v krvi od 1,0‰ do 1,5‰",řidičem nemotorového vozidla,nehoda s následky na životě nebo zdraví,"povrch suchý, neznečistěný",neztížené,"v noci - s veřejným osvětlením, viditelnost nezhoršená vlivem povětrnostních podmínek",dobré,žádné nebo žádné z uvedených,komunikace sledovaná (ve vybraných městech),jízdní kolo,pod vlivem alkoholu obsah alkoholu v krvi 1 ‰ a víc,1,řidič,"bez přilby (pouze u motocyklistů, příp. cyklistů)",muž,lehké zranění,0,0,1,10,1,1,červen,neděle,33-44,Brno-sever,16.62916249,49.22122527,{3A292215-78BC-4E64-89C5-3DEDFE0F6816}
16.6986747720001,49.2118362160001,638,1,639,60206161027,-591395.111,-1159612.569,2016/06/13 00:00:00+00,1,2016,6,srážka s jedoucím nekolejovým vozidlem,při odbočování vlevo,Ne,řidičem motorového vozidla,nehoda s následky na životě nebo zdraví,povrch mokrý,neztížené,"ve dne, viditelnost nezhoršená vlivem povětrnostních podmínek",dobré,žádné nebo žádné z uvedených,komunikace sledovaná (ve vybraných městech),jízdní kolo,dobrý -žádné nepříznivé okolnosti nebyly zjiště,1,řidič,"s přilbou (pouze u motocyklistů, příp. cyklistů)",muž,těžké zranění,0,1,0,1020,1326,13,červen,pondělí,33-44,Brno-Líšeň,16.69867476,49.21183621,{B92BA566-022A-4864-AB71-23789708ACDF}
16.6406400270001,49.1769068940001,639,1,640,60206161038,-596014.789,-1163023.613,2016/06/14 00:00:00+00,2,2016,6,srážka s jedoucím nekolejovým vozidlem,proti příkazu dopravní značky DEJ PŘEDNOST,Ne,řidičem motorového vozidla,nehoda s následky na životě nebo zdraví,"povrch suchý, neznečistěný",neztížené,"ve dne, viditelnost nezhoršená vlivem povětrnostních podmínek",dobré,přechod pro chodce,komunikace místní,jízdní kolo,dobrý -žádné nepříznivé okolnosti nebyly zjiště,1,řidič,"s přilbou (pouze u motocyklistů, příp. cyklistů)",žena,lehké zranění,0,0,1,110,640,6,červen,úterý,33-44,Brno-Černovice,16.64064002,49.17690689,{AAE4EEBC-1E60-422F-B8F2-099EF8389849}