X,Y,objectid,join_count,target_fid,id,d,e,datum,den,rok,mesic,srazka,pricina,alkohol,zavineni,nasledky,stav_vozovky,povetrnostni_podm,viditelnost,rozhled,misto_nehody,druh_komun,druh_vozidla,stav_ridic,ovlivneni_ridice,osoba,ozn_osoba,pohlavi,nasledek,usmrceno_os,tezce_zran_os,lehce_zran_os,hmotna_skoda,cas,hodina,mesic_t,den_v_tydnu,vek_skupina,nazev,point_x,point_y,globalid
16.6516115760001,49.1328732090001,675,1,676,60206161534,-595742.849,-1167977.773,2016/09/04 00:00:00+00,7,2016,9,srážka s jedoucím nekolejovým vozidlem,při odbočování vlevo,Ne,řidičem motorového vozidla,nehoda s následky na životě nebo zdraví,"povrch suchý, neznečistěný",neztížené,"ve dne, viditelnost nezhoršená vlivem povětrnostních podmínek",dobré,žádné nebo žádné z uvedených,komunikace místní,jízdní kolo,dobrý -žádné nepříznivé okolnosti nebyly zjiště,1,řidič,"bez přilby (pouze u motocyklistů, příp. cyklistů)",muž,lehké zranění,0,0,1,20,1820,18,září,neděle,33-44,Brno-Chrlice,16.65161157,49.13287321,{A0167127-A1B1-4E04-AEFE-DD116EAB12E9}
16.576315815,49.260176104,676,1,677,60206161561,-599678.363,-1153313.914,2016/09/08 00:00:00+00,4,2016,9,srážka s jedoucím nekolejovým vozidlem,při odbočování vlevo,Ne,řidičem motorového vozidla,nehoda s následky na životě nebo zdraví,"povrch suchý, neznečistěný",neztížené,"ve dne, viditelnost nezhoršená vlivem povětrnostních podmínek",dobré,žádné nebo žádné z uvedených,uzel (křižovatka sledovaná ve vybraných městech),jízdní kolo,dobrý -žádné nepříznivé okolnosti nebyly zjiště,1,řidič,"s přilbou (pouze u motocyklistů, příp. cyklistů)",muž,lehké zranění,0,0,1,20,1020,10,září,čtvrtek,61-70,Brno-Ivanovice,16.57631581,49.2601761,{366826AA-6F3A-4741-A644-E76134E38295}
16.63286358,49.2014299860001,677,1,678,60206161588,-596286.334,-1160251.555,2016/09/13 00:00:00+00,2,2016,9,srážka s jedoucím nekolejovým vozidlem,při odbočování vlevo,Ne,řidičem motorového vozidla,nehoda s následky na životě nebo zdraví,"povrch suchý, neznečistěný",neztížené,"ve dne, viditelnost nezhoršená vlivem povětrnostních podmínek",dobré,žádné nebo žádné z uvedených,uzel (křižovatka sledovaná ve vybraných městech),jízdní kolo,dobrý -žádné nepříznivé okolnosti nebyly zjiště,1,řidič,"s přilbou (pouze u motocyklistů, příp. cyklistů)",žena,lehké zranění,0,0,1,60,1430,14,září,úterý,45-60,Brno-Židenice,16.63286357,49.20142998,{EA05E83E-15A8-46B9-B141-E558D7B16EAD}
16.618602622,49.2227395990001,678,1,679,60206161601,-597065.227,-1157784.112,2016/09/15 00:00:00+00,4,2016,9,srážka s jedoucím nekolejovým vozidlem,při odbočování vlevo,Ne,řidičem motorového vozidla,nehoda s následky na životě nebo zdraví,"povrch suchý, neznečistěný",neztížené,"ve dne, viditelnost nezhoršená vlivem povětrnostních podmínek",dobré,v blízkosti přechodu pro chodce (do vzdálenosti 20 m),komunikace sledovaná (ve vybraných městech),jízdní kolo,dobrý -žádné nepříznivé okolnosti nebyly zjiště,1,řidič,"s přilbou (pouze u motocyklistů, příp. cyklistů)",muž,lehké zranění,0,0,1,360,1445,14,září,čtvrtek,45-60,Brno-Královo Pole,16.61860261,49.2227396,{45509727-C8D3-4A43-A632-65A7DF2BE988}
16.637850255,49.217246894,679,1,680,60206161623,-595736.736,-1158541.685,2016/09/17 00:00:00+00,6,2016,9,srážka s jedoucím nekolejovým vozidlem,při vjíždění na silnici,Ne,řidičem nemotorového vozidla,nehoda s následky na životě nebo zdraví,"povrch suchý, neznečistěný",neztížené,"ve dne, viditelnost nezhoršená vlivem povětrnostních podmínek",dobré,žádné nebo žádné z uvedených,komunikace místní,jízdní kolo,dobrý -žádné nepříznivé okolnosti nebyly zjiště,1,řidič,"s přilbou (pouze u motocyklistů, příp. cyklistů)",chlapec (do 15 let),bez zraněn,0,0,1,170,1750,17,září,sobota,7-11,Brno-sever,16.63785025,49.21724689,{52C38E40-3003-4BFF-AD33-DE2F82CA07AD}
16.604260836,49.2078562680001,680,1,681,60206161630,-598281.741,-1159317.397,2016/09/19 00:00:00+00,1,2016,9,srážka s jedoucím nekolejovým vozidlem,nedodržení bezpečné vzdálenosti za vozidlem,Ne,řidičem nemotorového vozidla,nehoda s následky na životě nebo zdraví,"povrch suchý, neznečistěný",neztížené,"ve dne, viditelnost nezhoršená vlivem povětrnostních podmínek",dobré,žádné nebo žádné z uvedených,komunikace sledovaná (ve vybraných městech),jízdní kolo,dobrý -žádné nepříznivé okolnosti nebyly zjiště,1,řidič,"bez přilby (pouze u motocyklistů, příp. cyklistů)",muž,těžké zranění,0,1,0,250,845,8,září,pondělí,24-32,Brno-střed,16.60426083,49.20785626,{E4588741-4E94-4852-91AE-7C3641DB3731}
16.63711418,49.1614411680001,681,1,682,60206161643,-596454.511,-1164706.041,2016/09/20 00:00:00+00,2,2016,9,srážka s jedoucím nekolejovým vozidlem,proti příkazu dopravní značky DEJ PŘEDNOST,Nezjišťován,řidičem motorového vozidla,nehoda s následky na životě nebo zdraví,"povrch suchý, neznečistěný",neztížené,"v noci - s veřejným osvětlením, viditelnost nezhoršená vlivem povětrnostních podmínek",dobré,čerpadlo pohonných hmot,komunikace sledovaná (ve vybraných městech),jízdní kolo,dobrý -žádné nepříznivé okolnosti nebyly zjiště,1,řidič,"bez přilby (pouze u motocyklistů, příp. cyklistů)",muž,lehké zranění,0,0,1,30,1930,19,září,úterý,24-32,Brno-Tuřany,16.63711417,49.16144116,{4588BDC4-45B8-42E5-9E4B-082E3EB3A8CF}
16.6000803040001,49.206745132,682,1,683,60206161672,-598597.859,-1159407.489,2016/09/23 00:00:00+00,5,2016,9,srážka s jedoucím nekolejovým vozidlem,řidič se plně nevěnoval řízení vozidla,Ne,řidičem motorového vozidla,nehoda pouze s hmotnou škodou,"povrch suchý, neznečistěný",neztížené,"ve dne, viditelnost nezhoršená vlivem povětrnostních podmínek",dobré,přechod pro chodce,uzel (křižovatka sledovaná ve vybraných městech),jízdní kolo,dobrý -žádné nepříznivé okolnosti nebyly zjiště,1,řidič,"s přilbou (pouze u motocyklistů, příp. cyklistů)",muž,bez zraněn,0,0,0,5,1505,15,září,pátek,24-32,Brno-střed,16.6000803,49.20674513,{03F64D68-9E08-4BC3-B1DF-F3DCA1B98EDA}
16.6000722750001,49.1974428790001,683,1,684,60206161703,-598709.704,-1160435.867,2016/09/28 00:00:00+00,3,2016,9,srážka s jedoucím nekolejovým vozidlem,řidič se plně nevěnoval řízení vozidla,Ne,řidičem motorového vozidla,nehoda s následky na životě nebo zdraví,"povrch suchý, neznečistěný",neztížené,"ve dne, viditelnost nezhoršená vlivem povětrnostních podmínek",dobré,žádné nebo žádné z uvedených,komunikace sledovaná (ve vybraných městech),jízdní kolo,dobrý -žádné nepříznivé okolnosti nebyly zjiště,1,řidič,"s přilbou (pouze u motocyklistů, příp. cyklistů)",žena,lehké zranění,0,0,1,150,1525,15,září,středa,24-32,Brno-střed,16.60007227,49.19744288,{C8124E37-49BF-4799-BE57-7DD3A9B30297}
16.639963585,49.1869114150001,684,1,685,60206161712,-595944.743,-1161912.193,2016/09/29 00:00:00+00,4,2016,9,jiný druh nehody,při vjíždění na silnici,Ne,řidičem nemotorového vozidla,nehoda s následky na životě nebo zdraví,"povrch suchý, neznečistěný",neztížené,"ve dne, viditelnost nezhoršená vlivem povětrnostních podmínek",dobré,žádné nebo žádné z uvedených,komunikace místní,jízdní kolo,dobrý -žádné nepříznivé okolnosti nebyly zjiště,1,řidič,"bez přilby (pouze u motocyklistů, příp. cyklistů)",chlapec (do 15 let),lehké zranění,0,0,1,60,1557,15,září,čtvrtek,7-11,Brno-Černovice,16.63996358,49.18691141,{CFCC67A0-1586-48EA-B5D3-41FB9C0889D9}
16.592810242,49.1963830010001,685,1,686,60206161793,-599248.543,-1160496.096,2016/10/10 00:00:00+00,1,2016,10,srážka s jedoucím nekolejovým vozidlem,při odbočování vlevo,Ne,řidičem motorového vozidla,nehoda s následky na životě nebo zdraví,"povrch suchý, neznečistěný",neztížené,"ve dne, viditelnost nezhoršená vlivem povětrnostních podmínek",dobré,žádné nebo žádné z uvedených,komunikace místní,jízdní kolo,dobrý -žádné nepříznivé okolnosti nebyly zjiště,1,řidič,"bez přilby (pouze u motocyklistů, příp. cyklistů)",muž,lehké zranění,0,0,1,400,900,9,říjen,pondělí,19-24,Brno-střed,16.59281023,49.196383,{46407F6D-363D-4EB0-A322-1166B817925A}
16.671223771,49.1740740270001,686,1,687,60206161800,-593831.411,-1163575.029,2016/10/10 00:00:00+00,1,2016,10,srážka s jedoucím nekolejovým vozidlem,proti příkazu dopravní značky DEJ PŘEDNOST,Ne,řidičem motorového vozidla,nehoda s následky na životě nebo zdraví,"povrch suchý, neznečistěný",neztížené,"ve dne, viditelnost nezhoršená vlivem povětrnostních podmínek",dobré,žádné nebo žádné z uvedených,komunikace místní,jízdní kolo,dobrý -žádné nepříznivé okolnosti nebyly zjiště,1,řidič,"s přilbou (pouze u motocyklistů, příp. cyklistů)",muž,lehké zranění,0,0,1,210,1615,16,říjen,pondělí,33-44,Brno-Slatina,16.67122376,49.17407402,{E87BC25E-947B-4033-9DF7-2E6BF5400ED5}
16.564100137,49.192886511,687,1,688,60206161837,-601370.651,-1160657.001,2016/10/17 00:00:00+00,1,2016,10,srážka s jedoucím nekolejovým vozidlem,proti příkazu dopravní značky DEJ PŘEDNOST,Ne,řidičem motorového vozidla,nehoda s následky na životě nebo zdraví,"povrch suchý, neznečistěný",neztížené,"v noci - s veřejným osvětlením, viditelnost nezhoršená vlivem povětrnostních podmínek",dobré,žádné nebo žádné z uvedených,uzel (křižovatka sledovaná ve vybraných městech),jízdní kolo,dobrý -žádné nepříznivé okolnosti nebyly zjiště,1,řidič,"s přilbou (pouze u motocyklistů, příp. cyklistů)",muž,lehké zranění,0,0,1,400,650,6,říjen,pondělí,24-32,Brno-střed,16.56410013,49.19288651,{EF9CEAB8-9E45-4DFA-8676-40CD5E4044C1}
16.593041452,49.1821112860001,688,1,689,60206161851,-599402.64,-1162075.747,2016/10/18 00:00:00+00,2,2016,10,srážka s jedoucím nekolejovým vozidlem,při odbočování vlevo,Ne,řidičem motorového vozidla,nehoda s následky na životě nebo zdraví,povrch mokrý,neztížené,"v noci - s veřejným osvětlením, viditelnost nezhoršená vlivem povětrnostních podmínek",dobré,žádné nebo žádné z uvedených,komunikace místní,jízdní kolo,dobrý -žádné nepříznivé okolnosti nebyly zjiště,1,řidič,"bez přilby (pouze u motocyklistů, příp. cyklistů)",muž,lehké zranění,0,0,1,240,1928,19,říjen,úterý,24-32,Brno-střed,16.59304144,49.18211128,{656B99BD-5649-4641-8035-3F06103FF78B}
16.6147671410001,49.195736443,689,1,690,60206161852,-597665.385,-1160739.612,2016/10/18 00:00:00+00,2,2016,10,srážka s jedoucím nekolejovým vozidlem,vozidlu přijíždějícímu zprava,Ne,řidičem nemotorového vozidla,nehoda s následky na životě nebo zdraví,"povrch suchý, neznečistěný",neztížené,"v noci - s veřejným osvětlením, viditelnost nezhoršená vlivem povětrnostních podmínek",dobré,v blízkosti přechodu pro chodce (do vzdálenosti 20 m),uzel (křižovatka sledovaná ve vybraných městech),jízdní kolo,dobrý -žádné nepříznivé okolnosti nebyly zjiště,1,řidič,"bez přilby (pouze u motocyklistů, příp. cyklistů)",muž,lehké zranění,0,0,1,210,2050,20,říjen,úterý,24-32,Brno-střed,16.61476713,49.19573644,{12C65D1C-26CA-4099-88AF-881E0A8C5751}
16.6207722460001,49.217342419,690,1,691,60206161996,-596972.5,-1158397.791,2016/11/07 00:00:00+00,1,2016,11,srážka s jedoucím nekolejovým vozidlem,při odbočování vlevo,Ne,řidičem motorového vozidla,nehoda s následky na životě nebo zdraví,"povrch suchý, neznečistěný",neztížené,"ve dne, zhoršená viditelnost (svítání, soumrak)",dobré,v blízkosti přechodu pro chodce (do vzdálenosti 20 m),komunikace místní,jízdní kolo,dobrý -žádné nepříznivé okolnosti nebyly zjiště,1,řidič,"bez přilby (pouze u motocyklistů, příp. cyklistů)",muž,lehké zranění,0,0,1,130,1650,16,listopad,pondělí,45-60,Brno-sever,16.62077224,49.21734242,{EEFDCB83-C7C5-4E10-B80B-60689BF665F8}
16.6257917200001,49.1704309140001,691,1,692,60206162064,-597168.299,-1163623.646,2016/11/15 00:00:00+00,2,2016,11,srážka s jedoucím nekolejovým vozidlem,"jízda na ""červenou"" 3-barevného semaforu",Ne,řidičem motorového vozidla,nehoda s následky na životě nebo zdraví,"souvislá sněhová vrstva, rozbředlý sníh",sněžení,"v noci - s veřejným osvětlením, viditelnost nezhoršená vlivem povětrnostních podmínek",dobré,přechod pro chodce,komunikace sledovaná (ve vybraných městech),jízdní kolo,dobrý -žádné nepříznivé okolnosti nebyly zjiště,1,řidič,"bez přilby (pouze u motocyklistů, příp. cyklistů)",muž,lehké zranění,0,0,1,100,2055,20,listopad,úterý,45-60,Brno-jih,16.62579171,49.17043091,{F773243B-A337-4009-B177-CF59979FA1EE}
16.6091824270001,49.182401919,692,1,693,60206162140,-598229.348,-1162170.157,2016/11/27 00:00:00+00,7,2016,11,havárie,"nepřizpůsobení rychlosti dopravně technickému stavu vozovky (zatáčka, klesání, stoupání, šířka vozovky apod.)","Ano, obsah alkoholu v krvi 1,5‰ a více",řidičem nemotorového vozidla,nehoda s následky na životě nebo zdraví,"povrch suchý, neznečistěný",neztížené,"v noci - bez veřejného osvětlení, viditelnost nezhoršená vlivem povětrnostních podmínek",dobré,žádné nebo žádné z uvedených,komunikace místní,jízdní kolo,pod vlivem alkoholu obsah alkoholu v krvi 1 ‰ a víc,1,řidič,"bez přilby (pouze u motocyklistů, příp. cyklistů)",muž,lehké zranění,0,0,1,10,20,2,listopad,neděle,45-60,Brno-střed,16.60918242,49.18240192,{E2720628-41D3-4D9C-A3E7-D85C4E52768F}
16.6899551810001,49.182427009,693,1,694,60206162162,-592374.665,-1162796.871,2016/11/30 00:00:00+00,3,2016,11,srážka s chodcem,chodci na vyznačeném přechodu,Ne,řidičem nemotorového vozidla,nehoda s následky na životě nebo zdraví,"povrch suchý, neznečistěný",neztížené,"v noci - s veřejným osvětlením, viditelnost nezhoršená vlivem povětrnostních podmínek",dobré,přechod pro chodce,komunikace sledovaná (ve vybraných městech),jízdní kolo,dobrý -žádné nepříznivé okolnosti nebyly zjiště,1,řidič,"s přilbou (pouze u motocyklistů, příp. cyklistů)",muž,lehké zranění,0,0,1,20,540,5,listopad,středa,19-24,Brno-Slatina,16.68995517,49.18242701,{D2A149A7-32A3-4175-9E46-DAA5DA531A2D}
16.6218252040001,49.215473194,694,1,695,60206162304,-596918.537,-1158612.685,2016/12/15 00:00:00+00,4,2016,12,srážka s jedoucím nekolejovým vozidlem,předjíždění vlevo vozidla odbočujícího vlevo,Ne,řidičem nemotorového vozidla,nehoda s následky na životě nebo zdraví,povrch mokrý,neztížené,"ve dne, viditelnost nezhoršená vlivem povětrnostních podmínek",dobré,žádné nebo žádné z uvedených,komunikace místní,jízdní kolo,dobrý -žádné nepříznivé okolnosti nebyly zjiště,1,řidič,"bez přilby (pouze u motocyklistů, příp. cyklistů)",muž,lehké zranění,0,0,1,200,810,8,prosinec,čtvrtek,45-60,Brno-sever,16.6218252,49.21547319,{C5A3552A-B688-43C2-9340-4B7B57AAFEEF}
16.5969514170001,49.163478223,695,1,696,60206162317,-599342.219,-1164166.444,2016/12/16 00:00:00+00,5,2016,12,"srážka s vozidlem zaparkovaným, odstaveným",řidič se plně nevěnoval řízení vozidla,Ne,řidičem motorového vozidla,nehoda s následky na životě nebo zdraví,povrch mokrý,neztížené,"v noci - s veřejným osvětlením, viditelnost nezhoršená vlivem povětrnostních podmínek",dobré,přechod pro chodce,uzel (křižovatka sledovaná ve vybraných městech),jízdní kolo,dobrý -žádné nepříznivé okolnosti nebyly zjiště,1,řidič,"s přilbou (pouze u motocyklistů, příp. cyklistů)",muž,lehké zranění,0,0,1,100,654,6,prosinec,pátek,33-44,Brno-jih,16.59695141,49.16347822,{717CA60C-8DE2-4F80-B3D8-EDFABE901823}
16.6082884,49.200173815,696,1,697,60206162423,-598081.789,-1160198.305,2016/12/27 00:00:00+00,2,2016,12,srážka s jedoucím nekolejovým vozidlem,nezaviněná řidičem,Nezjišťován,jiným účastníkem silničního provozu,nehoda s následky na životě nebo zdraví,"povrch suchý, neznečistěný",neztížené,"ve dne, viditelnost nezhoršená vlivem povětrnostních podmínek",dobré,v blízkosti přechodu pro chodce (do vzdálenosti 20 m),uzel (křižovatka sledovaná ve vybraných městech),jízdní kolo,dobrý -žádné nepříznivé okolnosti nebyly zjiště,1,řidič,"bez přilby (pouze u motocyklistů, příp. cyklistů)",muž,těžké zranění,0,1,0,0,945,9,prosinec,úterý,61-70,Brno-střed,16.60828839,49.20017381,{9B9401C4-7292-4D6A-B586-C94BBD927240}
16.670086257,49.1828485020001,697,1,698,60206162426,-593809.822,-1162596.002,2016/12/30 00:00:00+00,5,2016,12,srážka s jedoucím nekolejovým vozidlem,jiné nedání přednosti,Ne,řidičem motorového vozidla,nehoda s následky na životě nebo zdraví,"povrch suchý, neznečistěný",neztížené,"ve dne, viditelnost nezhoršená vlivem povětrnostních podmínek",dobré,žádné nebo žádné z uvedených,komunikace sledovaná (ve vybraných městech),jízdní kolo,dobrý -žádné nepříznivé okolnosti nebyly zjiště,1,řidič,"s přilbou (pouze u motocyklistů, příp. cyklistů)",muž,lehké zranění,0,0,1,95,1315,13,prosinec,pátek,24-32,Brno-Slatina,16.67008625,49.1828485,{111C3839-FB46-4A92-A668-FC1B469F1231}
16.607503502,49.2017669030001,698,1,699,60206170063,-598119.617,-1160016.028,2017/01/11 00:00:00+00,3,2017,1,srážka s chodcem,nezaviněná řidičem,Ne,chodcem,nehoda s následky na životě nebo zdraví,"povrch suchý, neznečistěný",neztížené,"ve dne, viditelnost nezhoršená vlivem povětrnostních podmínek",dobré,parkoviště přiléhající ke komunikaci,komunikace sledovaná (ve vybraných městech),jízdní kolo,dobrý -žádné nepříznivé okolnosti nebyly zjiště,1,řidič,"s přilbou (pouze u motocyklistů, příp. cyklistů)",muž,lehké zranění,0,0,1,10,1234,12,leden,středa,24-32,Brno-střed,16.60750349,49.2017669,{A5125065-B992-403E-BC1E-D16AD0BD0566}
16.5957079610001,49.1915376920001,699,1,700,60206170136,-599096.578,-1161054.511,2017/01/18 00:00:00+00,3,2017,1,srážka s jedoucím nekolejovým vozidlem,při odbočování vlevo,Nezjišťován,řidičem motorového vozidla,nehoda s následky na životě nebo zdraví,"povrch suchý, neznečistěný",neztížené,"ve dne, viditelnost nezhoršená vlivem povětrnostních podmínek",dobré,v blízkosti přechodu pro chodce (do vzdálenosti 20 m),uzel (křižovatka sledovaná ve vybraných městech),jízdní kolo,dobrý -žádné nepříznivé okolnosti nebyly zjiště,1,řidič,"s přilbou (pouze u motocyklistů, příp. cyklistů)",žena,lehké zranění,0,0,1,250,1230,12,leden,středa,24-32,Brno-střed,16.59570795,49.19153769,{529D825C-BE9B-4C44-911A-6BEFDD0688AA}
16.613663483,49.2018837630001,700,1,701,60206170275,-597671.947,-1160051.326,2017/02/09 00:00:00+00,4,2017,2,srážka s jedoucím nekolejovým vozidlem,proti příkazu dopravní značky DEJ PŘEDNOST,Ne,řidičem motorového vozidla,nehoda s následky na životě nebo zdraví,"povrch suchý, neznečistěný",neztížené,"ve dne, viditelnost nezhoršená vlivem povětrnostních podmínek",dobré,přechod pro chodce,komunikace sledovaná (ve vybraných městech),jízdní kolo,dobrý -žádné nepříznivé okolnosti nebyly zjiště,1,řidič,"bez přilby (pouze u motocyklistů, příp. cyklistů)",muž,lehké zranění,0,0,1,20,1100,11,únor,čtvrtek,61-70,Brno-střed,16.61366347,49.20188376,{9D969645-3834-4D28-951D-3D697D2B3069}
16.5925199930001,49.212584238,701,1,702,60206170355,-599075.612,-1158702.657,2017/02/20 00:00:00+00,1,2017,2,srážka s jedoucím nekolejovým vozidlem,při odbočování vlevo,Ne,řidičem motorového vozidla,nehoda s následky na životě nebo zdraví,"povrch suchý, neznečistěný",neztížené,"v noci - s veřejným osvětlením, viditelnost nezhoršená vlivem povětrnostních podmínek",dobré,v blízkosti přechodu pro chodce (do vzdálenosti 20 m),komunikace sledovaná (ve vybraných městech),jízdní kolo,dobrý -žádné nepříznivé okolnosti nebyly zjiště,1,řidič,"s přilbou (pouze u motocyklistů, příp. cyklistů)",muž,lehké zranění,0,0,1,350,2000,20,únor,pondělí,33-44,Brno-Žabovřesky,16.59251998,49.21258423,{5B27A26A-1B74-404C-BA34-3427714029A9}
16.5955959680001,49.191534694,702,1,703,60206170453,-599104.729,-1161053.964,2017/03/07 00:00:00+00,2,2017,3,srážka s jedoucím nekolejovým vozidlem,nedodržení bezpečné vzdálenosti za vozidlem,Ne,řidičem motorového vozidla,nehoda s následky na životě nebo zdraví,"povrch suchý, neznečistěný",neztížené,"ve dne, viditelnost nezhoršená vlivem povětrnostních podmínek",dobré,v blízkosti přechodu pro chodce (do vzdálenosti 20 m),uzel (křižovatka sledovaná ve vybraných městech),jízdní kolo,dobrý -žádné nepříznivé okolnosti nebyly zjiště,1,řidič,"bez přilby (pouze u motocyklistů, příp. cyklistů)",muž,lehké zranění,0,0,1,10,1057,10,březen,úterý,61-70,Brno-střed,16.59559596,49.19153469,{2D1CB964-16B5-48B6-902C-322A20492D64}
16.567190311,49.178116699,703,1,704,60206170551,-601324.12,-1162314.171,2017/03/22 00:00:00+00,3,2017,3,srážka s jedoucím nekolejovým vozidlem,proti příkazu dopravní značky DEJ PŘEDNOST,Ne,řidičem motorového vozidla,nehoda s následky na životě nebo zdraví,povrch mokrý,déšť,"ve dne, viditelnost nezhoršená vlivem povětrnostních podmínek",dobré,v blízkosti přechodu pro chodce (do vzdálenosti 20 m),uzel (křižovatka sledovaná ve vybraných městech),jízdní kolo,dobrý -žádné nepříznivé okolnosti nebyly zjiště,1,řidič,"s přilbou (pouze u motocyklistů, příp. cyklistů)",žena,lehké zranění,0,0,1,20,720,7,březen,středa,24-32,Brno-Bohunice,16.5671903,49.1781167,{5B3BFA84-5F8D-47C2-BDA4-EF78B95D0B69}
16.5798171600001,49.212211042,704,1,705,60206170569,-600000.141,-1158644.207,2017/03/23 00:00:00+00,4,2017,3,"srážka s vozidlem zaparkovaným, odstaveným",řidič se plně nevěnoval řízení vozidla,Ne,řidičem nemotorového vozidla,nehoda s následky na životě nebo zdraví,"povrch suchý, neznečistěný",neztížené,"ve dne, viditelnost nezhoršená vlivem povětrnostních podmínek",dobré,parkoviště přiléhající ke komunikaci,komunikace sledovaná (ve vybraných městech),jízdní kolo,dobrý -žádné nepříznivé okolnosti nebyly zjiště,1,řidič,"s přilbou (pouze u motocyklistů, příp. cyklistů)",muž,lehké zranění,0,0,1,200,1620,16,březen,čtvrtek,33-44,Brno-Žabovřesky,16.57981715,49.21221104,{CFD41E84-EE16-4C82-B07E-2A686A4AD608}
16.6193506720001,49.187463934,705,1,706,60206170599,-597431.99,-1161690.084,2017/03/27 00:00:00+00,1,2017,3,"srážka s vozidlem zaparkovaným, odstaveným",řidič se plně nevěnoval řízení vozidla,Ne,řidičem nemotorového vozidla,nehoda s následky na životě nebo zdraví,"povrch suchý, neznečistěný",neztížené,"v noci - s veřejným osvětlením, viditelnost nezhoršená vlivem povětrnostních podmínek",dobré,v blízkosti přechodu pro chodce (do vzdálenosti 20 m),uzel (křižovatka sledovaná ve vybraných městech),jízdní kolo,pod vlivem alkoholu obsah alkoholu v krvi 1 ‰ a víc,1,řidič,"bez přilby (pouze u motocyklistů, příp. cyklistů)",muž,lehké zranění,0,0,1,210,2220,22,březen,pondělí,33-44,Brno-střed,16.61935066,49.18746393,{8E887E9F-A37C-4F40-9592-FAC92C10CF79}
16.519388689,49.218609762,706,1,707,60206170606,-604299.432,-1157460.413,2017/03/28 00:00:00+00,2,2017,3,srážka s jedoucím nekolejovým vozidlem,proti příkazu dopravní značky DEJ PŘEDNOST,Ne,řidičem motorového vozidla,nehoda s následky na životě nebo zdraví,"povrch suchý, neznečistěný",neztížené,"ve dne, viditelnost nezhoršená vlivem povětrnostních podmínek",dobré,v blízkosti přechodu pro chodce (do vzdálenosti 20 m),uzel (křižovatka sledovaná ve vybraných městech),jízdní kolo,dobrý -žádné nepříznivé okolnosti nebyly zjiště,1,řidič,"s přilbou (pouze u motocyklistů, příp. cyklistů)",muž,lehké zranění,0,0,1,620,1515,15,březen,úterý,33-44,Brno-Bystrc,16.51938868,49.21860976,{E27E817D-E255-48BC-860F-EB64493AB1BF}
16.6121642090001,49.196917565,707,1,708,60206170615,-597839.878,-1160588.657,2017/03/29 00:00:00+00,3,2017,3,havárie,řidič se plně nevěnoval řízení vozidla,Ne,řidičem nemotorového vozidla,nehoda s následky na životě nebo zdraví,"povrch suchý, neznečistěný",neztížené,"ve dne, viditelnost nezhoršená vlivem povětrnostních podmínek",dobré,žádné nebo žádné z uvedených,komunikace sledovaná (ve vybraných městech),jízdní kolo,dobrý -žádné nepříznivé okolnosti nebyly zjiště,1,řidič,"bez přilby (pouze u motocyklistů, příp. cyklistů)",žena,lehké zranění,0,0,1,10,1620,16,březen,středa,19-24,Brno-střed,16.6121642,49.19691756,{848E7CDE-5E0E-464B-992F-4D4A64A157D6}
16.531017085,49.2264168290001,708,1,709,60206170620,-603363.206,-1156689.303,2017/03/30 00:00:00+00,4,2017,3,srážka s jedoucím nekolejovým vozidlem,při odbočování vlevo,Ne,řidičem motorového vozidla,nehoda s následky na životě nebo zdraví,"povrch suchý, neznečistěný",neztížené,"ve dne, viditelnost nezhoršená vlivem povětrnostních podmínek",dobré,přechod pro chodce,uzel (křižovatka sledovaná ve vybraných městech),jízdní kolo,dobrý -žádné nepříznivé okolnosti nebyly zjiště,1,řidič,"bez přilby (pouze u motocyklistů, příp. cyklistů)",muž,lehké zranění,0,0,1,200,925,9,březen,čtvrtek,71 a více,Brno-Bystrc,16.53101708,49.22641683,{C9518026-BABB-4E93-92A1-64D76C315411}
16.621243254,49.180075516,709,1,710,60206170623,-597382.979,-1162521.758,2017/03/30 00:00:00+00,4,2017,3,srážka s chodcem,chodci na vyznačeném přechodu,Ne,řidičem nemotorového vozidla,nehoda s následky na životě nebo zdraví,"povrch suchý, neznečistěný",neztížené,"ve dne, viditelnost nezhoršená vlivem povětrnostních podmínek",dobré,přechod pro chodce,uzel (křižovatka sledovaná ve vybraných městech),jízdní kolo,dobrý -žádné nepříznivé okolnosti nebyly zjiště,1,řidič,"bez přilby (pouze u motocyklistů, příp. cyklistů)",muž,bez zraněn,0,0,1,50,1600,16,březen,čtvrtek,45-60,Brno-jih,16.62124325,49.18007551,{B0C3AC8E-25E6-495C-9172-B3E53BC3A55E}
16.6040364510001,49.218869769,710,1,711,60206170648,-598166.327,-1158097.997,2017/04/02 00:00:00+00,7,2017,4,srážka s jedoucím nekolejovým vozidlem,proti příkazu dopravní značky STŮJ DEJ PŘEDNOST,Ne,řidičem motorového vozidla,nehoda s následky na životě nebo zdraví,"povrch suchý, neznečistěný",neztížené,"ve dne, viditelnost nezhoršená vlivem povětrnostních podmínek",dobré,žádné nebo žádné z uvedených,komunikace sledovaná (ve vybraných městech),jízdní kolo,"pod vlivem alkoholu, obsah alkoholu v krvi do 0,99 ‰",1,řidič,"s přilbou (pouze u motocyklistů, příp. cyklistů)",muž,lehké zranění,0,0,1,300,1705,17,duben,neděle,45-60,Brno-Královo Pole,16.60403644,49.21886977,{1A43A2B9-A5D4-4608-8171-616DD20C3504}