X,Y,objectid,join_count,target_fid,id,d,e,datum,den,rok,mesic,srazka,pricina,alkohol,zavineni,nasledky,stav_vozovky,povetrnostni_podm,viditelnost,rozhled,misto_nehody,druh_komun,druh_vozidla,stav_ridic,ovlivneni_ridice,osoba,ozn_osoba,pohlavi,nasledek,usmrceno_os,tezce_zran_os,lehce_zran_os,hmotna_skoda,cas,hodina,mesic_t,den_v_tydnu,vek_skupina,nazev,point_x,point_y,globalid
16.5974939340001,49.2091384890001,711,1,712,60206170692,-598756.577,-1159122.612,2017/04/08 00:00:00+00,6,2017,4,havárie,jiný druh nepřiměřené rychlosti,"Ano, obsah alkoholu v krvi 1,5‰ a více",řidičem nemotorového vozidla,nehoda s následky na životě nebo zdraví,"povrch suchý, neznečistěný",neztížené,"ve dne, viditelnost nezhoršená vlivem povětrnostních podmínek",dobré,žádné nebo žádné z uvedených,komunikace místní,jízdní kolo,pod vlivem alkoholu obsah alkoholu v krvi 1 ‰ a víc,1,řidič,"s přilbou (pouze u motocyklistů, příp. cyklistů)",muž,lehké zranění,0,0,1,60,1335,13,duben,sobota,24-32,Brno-Královo Pole,16.59749393,49.20913849,{CAAB304F-CEA5-4697-A420-3B25C33FAD38}
16.557151117,49.2102894930001,712,1,713,60206170699,-601664.896,-1158678.339,2017/04/09 00:00:00+00,7,2017,4,jiný druh nehody,řidič se plně nevěnoval řízení vozidla,Ne,řidičem nemotorového vozidla,nehoda s následky na životě nebo zdraví,"povrch suchý, neznečistěný",neztížené,"ve dne, viditelnost nezhoršená vlivem povětrnostních podmínek",dobré,žádné nebo žádné z uvedených,komunikace místní,jízdní kolo,dobrý -žádné nepříznivé okolnosti nebyly zjiště,1,řidič,"bez přilby (pouze u motocyklistů, příp. cyklistů)",muž,lehké zranění,0,0,1,10,1425,14,duben,neděle,61-70,Brno-Komín,16.55715111,49.21028949,{68487B8E-B9B0-497B-9B59-2BAF51BAD115}
16.673481447,49.204417473,713,1,714,60206170750,-593308.065,-1160237.516,2017/04/15 00:00:00+00,6,2017,4,havárie,jiný druh nepřiměřené rychlosti,Ne,řidičem nemotorového vozidla,nehoda s následky na životě nebo zdraví,"povrch suchý, neznečistěný",neztížené,"v noci - s veřejným osvětlením, viditelnost nezhoršená vlivem povětrnostních podmínek",dobré,žádné nebo žádné z uvedených,komunikace místní,jízdní kolo,dobrý -žádné nepříznivé okolnosti nebyly zjiště,1,řidič,"bez přilby (pouze u motocyklistů, příp. cyklistů)",muž,lehké zranění,0,0,1,0,2105,21,duben,sobota,16-18,Brno-Líšeň,16.67348144,49.20441747,{17D5D7FA-AA8B-449D-9396-C9844C6AE422}
16.573900806,49.241865455,714,1,715,60206170762,-600072.824,-1155319.284,2017/04/18 00:00:00+00,2,2017,4,srážka s jedoucím nekolejovým vozidlem,řidič se plně nevěnoval řízení vozidla,Ne,řidičem motorového vozidla,nehoda s následky na životě nebo zdraví,"povrch suchý, neznečistěný",neztížené,"ve dne, viditelnost nezhoršená vlivem povětrnostních podmínek",dobré,žádné nebo žádné z uvedených,komunikace sledovaná (ve vybraných městech),jízdní kolo,dobrý -žádné nepříznivé okolnosti nebyly zjiště,1,řidič,"s přilbou (pouze u motocyklistů, příp. cyklistů)",muž,lehké zranění,0,0,1,700,905,9,duben,úterý,45-60,Brno-Medlánky,16.5739008,49.24186545,{7DFE3870-05D5-42BF-9B9F-673D2F6B09EB}
16.573677984,49.241607107,715,1,716,60206170859,-600092.053,-1155346.095,2017/05/01 00:00:00+00,1,2017,5,srážka s jedoucím nekolejovým vozidlem,proti příkazu dopravní značky DEJ PŘEDNOST,Ne,řidičem motorového vozidla,nehoda s následky na životě nebo zdraví,"povrch suchý, neznečistěný",neztížené,"ve dne, viditelnost nezhoršená vlivem povětrnostních podmínek",dobré,v blízkosti přechodu pro chodce (do vzdálenosti 20 m),komunikace sledovaná (ve vybraných městech),jízdní kolo,dobrý -žádné nepříznivé okolnosti nebyly zjiště,1,řidič,"s přilbou (pouze u motocyklistů, příp. cyklistů)",muž,lehké zranění,0,0,1,70,1633,16,květen,pondělí,33-44,Brno-Medlánky,16.57367798,49.2416071,{C3767D77-F633-4954-8BDE-336DE9A39D2F}
16.607168298,49.1982617450001,716,1,717,60206170914,-598185.79,-1160400.931,2017/05/06 00:00:00+00,6,2017,5,"srážka s vozidlem zaparkovaným, odstaveným",řidič se plně nevěnoval řízení vozidla,"Ano, obsah alkoholu v krvi do 0,24 ‰",řidičem nemotorového vozidla,nehoda pouze s hmotnou škodou,"povrch suchý, neznečistěný",neztížené,"ve dne, viditelnost nezhoršená vlivem povětrnostních podmínek",dobré,parkoviště přiléhající ke komunikaci,komunikace sledovaná (ve vybraných městech),jízdní kolo,"pod vlivem alkoholu, obsah alkoholu v krvi do 0,99 ‰",1,řidič,"bez přilby (pouze u motocyklistů, příp. cyklistů)",muž,bez zraněn,0,0,0,110,1900,19,květen,sobota,19-24,Brno-střed,16.60716829,49.19826174,{35B467E2-7419-4C9C-AD5C-1E96A8F98369}
16.5984369390001,49.20926547,717,1,718,60206170931,-598686.751,-1159115.965,2017/05/09 00:00:00+00,2,2017,5,srážka s jedoucím nekolejovým vozidlem,proti příkazu dopravní značky STŮJ DEJ PŘEDNOST,Ne,řidičem motorového vozidla,nehoda s následky na životě nebo zdraví,povrch mokrý,neztížené,"ve dne, viditelnost nezhoršená vlivem povětrnostních podmínek",dobré,přechod pro chodce,uzel (křižovatka sledovaná ve vybraných městech),jízdní kolo,dobrý -žádné nepříznivé okolnosti nebyly zjiště,1,řidič,"bez přilby (pouze u motocyklistů, příp. cyklistů)",muž,lehké zranění,0,0,1,70,715,7,květen,úterý,24-32,Brno-střed,16.59843693,49.20926547,{32E9BAA8-FB14-49AC-89B6-ED20C1506CA8}
16.5657253790001,49.2154165210001,718,1,719,60206170937,-600982.282,-1158179.039,2017/05/09 00:00:00+00,2,2017,5,srážka s jedoucím nekolejovým vozidlem,proti příkazu dopravní značky DEJ PŘEDNOST,Ne,řidičem motorového vozidla,nehoda s následky na životě nebo zdraví,"povrch suchý, neznečistěný",neztížené,"ve dne, viditelnost nezhoršená vlivem povětrnostních podmínek",dobré,přechod pro chodce,uzel (křižovatka sledovaná ve vybraných městech),jízdní kolo,dobrý -žádné nepříznivé okolnosti nebyly zjiště,1,řidič,"bez přilby (pouze u motocyklistů, příp. cyklistů)",muž,těžké zranění,0,1,0,320,1700,17,květen,úterý,33-44,Brno-Komín,16.56572537,49.21541652,{2B852610-E2B8-4F1A-846D-3E6315A76E85}
16.6433750100001,49.1947947210001,719,1,720,60206170962,-595603.717,-1161067.186,2017/05/12 00:00:00+00,5,2017,5,havárie,jiný druh nepřiměřené rychlosti,Ne,řidičem nemotorového vozidla,nehoda s následky na životě nebo zdraví,"povrch suchý, neznečistěný",neztížené,"ve dne, viditelnost nezhoršená vlivem povětrnostních podmínek",dobré,přechod pro chodce,komunikace sledovaná (ve vybraných městech),jízdní kolo,dobrý -žádné nepříznivé okolnosti nebyly zjiště,1,řidič,"s přilbou (pouze u motocyklistů, příp. cyklistů)",žena,lehké zranění,0,0,1,10,1250,12,květen,pátek,24-32,Brno-Židenice,16.643375,49.19479472,{E17A35A7-3E76-4EF9-AA1B-6456AA0E8B04}
16.6307921980001,49.2880967890001,720,1,721,60206170968,-595403.676,-1150653.166,2017/05/13 00:00:00+00,6,2017,5,havárie,jiný druh nepřiměřené rychlosti,Ne,řidičem nemotorového vozidla,nehoda s následky na životě nebo zdraví,"povrch suchý, neznečistěný",neztížené,"ve dne, viditelnost nezhoršená vlivem povětrnostních podmínek",dobré,žádné nebo žádné z uvedených,komunikace sledovaná (ve vybraných městech),jízdní kolo,dobrý -žádné nepříznivé okolnosti nebyly zjiště,1,řidič,"s přilbou (pouze u motocyklistů, příp. cyklistů)",žena,lehké zranění,0,0,1,10,945,9,květen,sobota,45-60,Brno-Útěchov,16.63079219,49.28809679,{FEE1A33D-6151-4188-96C4-5464AEF51AEB}
16.557950695,49.166612166,721,1,722,60206170978,-602132.092,-1163513.226,2017/05/14 00:00:00+00,7,2017,5,srážka s jedoucím nekolejovým vozidlem,"při předjíždění došlo k ohrožení předjížděného řidiče vozidla (vynucované zařazení, předjížděný řidič musel prudce brzdit, měnit směr jízdy apod.)",Ne,řidičem motorového vozidla,nehoda s následky na životě nebo zdraví,"povrch suchý, neznečistěný",neztížené,"ve dne, viditelnost nezhoršená vlivem povětrnostních podmínek",dobré,žádné nebo žádné z uvedených,komunikace místní,jízdní kolo,dobrý -žádné nepříznivé okolnosti nebyly zjiště,1,řidič,"s přilbou (pouze u motocyklistů, příp. cyklistů)",muž,lehké zranění,0,0,1,30,1015,10,květen,neděle,45-60,Brno-Starý Lískovec,16.55795069,49.16661216,{8C2D4895-AEBB-49C9-B319-CFD6571C077A}
16.64874652,49.1863241790001,722,1,723,60206171000,-595315.203,-1162045.607,2017/05/15 00:00:00+00,1,2017,5,srážka s jedoucím nekolejovým vozidlem,"jízda po nesprávné straně vozovky, vjetí do protisměru",Ne,řidičem motorového vozidla,nehoda s následky na životě nebo zdraví,povrch mokrý,déšť,"ve dne, viditelnost nezhoršená vlivem povětrnostních podmínek",dobré,žádné nebo žádné z uvedených,komunikace místní,jízdní kolo,dobrý -žádné nepříznivé okolnosti nebyly zjiště,1,řidič,"s přilbou (pouze u motocyklistů, příp. cyklistů)",muž,lehké zranění,0,0,1,160,1720,17,květen,pondělí,24-32,Brno-Černovice,16.64874651,49.18632418,{E38A1DAB-C18E-4C2F-B07F-EC918DBD269F}
16.5868014320001,49.199395286,723,1,724,60206171001,-599647.812,-1160115.91,2017/05/15 00:00:00+00,1,2017,5,srážka s pevnou překážkou,"nepřizpůsobení rychlosti stavu vozovky (náledí, výtluky, bláto, mokrý povrch apod.)",Ne,řidičem nemotorového vozidla,nehoda s následky na životě nebo zdraví,povrch mokrý,neztížené,"ve dne, viditelnost nezhoršená vlivem povětrnostních podmínek",dobré,žádné nebo žádné z uvedených,komunikace sledovaná (ve vybraných městech),jízdní kolo,dobrý -žádné nepříznivé okolnosti nebyly zjiště,1,řidič,"bez přilby (pouze u motocyklistů, příp. cyklistů)",muž,těžké zranění,0,1,0,0,1800,18,květen,pondělí,24-32,Brno-střed,16.58680142,49.19939528,{CCEA8650-C9F2-4C85-B882-54A04E3D1DC1}
16.638067241,49.198801039,724,1,725,60206171034,-595940.625,-1160582.831,2017/05/18 00:00:00+00,4,2017,5,srážka s jedoucím nekolejovým vozidlem,vozidlu přijíždějícímu zprava,Ne,řidičem nemotorového vozidla,nehoda s následky na životě nebo zdraví,"povrch suchý, neznečistěný",neztížené,"ve dne, viditelnost nezhoršená vlivem povětrnostních podmínek",dobré,žádné nebo žádné z uvedených,komunikace místní,jízdní kolo,dobrý -žádné nepříznivé okolnosti nebyly zjiště,1,řidič,"bez přilby (pouze u motocyklistů, příp. cyklistů)",muž,lehké zranění,0,0,1,210,1310,13,květen,čtvrtek,33-44,Brno-Židenice,16.63806723,49.19880104,{9DE21CC5-C3D8-42D8-B61C-38B415C59BB8}
16.606044701,49.2778790340001,725,1,726,60206171055,-597315.59,-1151589.656,2017/05/20 00:00:00+00,6,2017,5,havárie,"nepřizpůsobení rychlosti dopravně technickému stavu vozovky (zatáčka, klesání, stoupání, šířka vozovky apod.)",Ne,řidičem nemotorového vozidla,nehoda s následky na životě nebo zdraví,"povrch suchý, neznečistěný",neztížené,"ve dne, viditelnost nezhoršená vlivem povětrnostních podmínek",dobré,žádné nebo žádné z uvedených,komunikace místní,jízdní kolo,dobrý -žádné nepříznivé okolnosti nebyly zjiště,1,řidič,"s přilbou (pouze u motocyklistů, příp. cyklistů)",žena,lehké zranění,0,0,1,100,1410,14,květen,sobota,19-24,Brno-Ořešín,16.60604469,49.27787903,{B54DCDE0-9D92-47E9-874E-1AEF0423FA1B}
16.604644824,49.207550247,726,1,727,60206171092,-598257.584,-1159354.238,2017/05/22 00:00:00+00,1,2017,5,havárie,při přejíždění z jednoho jízdního pruhu do druhého,Nezjišťován,řidičem motorového vozidla,nehoda s následky na životě nebo zdraví,"povrch suchý, neznečistěný",neztížené,"ve dne, viditelnost nezhoršená vlivem povětrnostních podmínek",dobré,v blízkosti přechodu pro chodce (do vzdálenosti 20 m),komunikace sledovaná (ve vybraných městech),jízdní kolo,dobrý -žádné nepříznivé okolnosti nebyly zjiště,1,řidič,"s přilbou (pouze u motocyklistů, příp. cyklistů)",muž,lehké zranění,0,0,1,10,2560,25,květen,pondělí,33-44,Brno-střed,16.60464482,49.20755024,{09EF5209-9042-427C-BEB9-13C284D20E9D}
16.563645631,49.1836060620001,727,1,728,60206171097,-601515.079,-1161679.397,2017/05/23 00:00:00+00,2,2017,5,srážka s jedoucím nekolejovým vozidlem,při odbočování vlevo,Ne,řidičem motorového vozidla,nehoda s následky na životě nebo zdraví,"povrch suchý, neznečistěný",neztížené,"ve dne, viditelnost nezhoršená vlivem povětrnostních podmínek",dobré,žádné nebo žádné z uvedených,komunikace sledovaná (ve vybraných městech),jízdní kolo,dobrý -žádné nepříznivé okolnosti nebyly zjiště,1,řidič,"s přilbou (pouze u motocyklistů, příp. cyklistů)",muž,lehké zranění,0,0,1,150,1815,18,květen,úterý,45-60,Brno-Nový Lískovec,16.56364562,49.18360606,{1EFB5AB9-FB89-4B43-A33E-6782CFC37B15}
16.5787064030001,49.1622465900001,728,1,729,60206171108,-600679.771,-1164159.283,2017/05/25 00:00:00+00,4,2017,5,srážka s domácím zvířetem,nezaviněná řidičem,Nezjišťován,"lesní zvěří, domácím zvířectvem",nehoda s následky na životě nebo zdraví,"povrch suchý, neznečistěný",neztížené,"ve dne, viditelnost nezhoršená vlivem povětrnostních podmínek",dobré,žádné nebo žádné z uvedených,komunikace místní,jízdní kolo,pod vlivem alkoholu obsah alkoholu v krvi 1 ‰ a víc,1,řidič,"bez přilby (pouze u motocyklistů, příp. cyklistů)",muž,lehké zranění,0,0,1,10,715,7,květen,čtvrtek,45-60,Brno-Bohunice,16.57870639,49.16224659,{74C78170-37CD-4088-A5F3-78B9EA99DF64}
16.646584026,49.1954436830001,729,1,730,60206171128,-595363.47,-1161020.45,2017/05/27 00:00:00+00,6,2017,5,srážka s jedoucím nekolejovým vozidlem,při odbočování vlevo,Ne,řidičem motorového vozidla,nehoda s následky na životě nebo zdraví,"povrch suchý, neznečistěný",neztížené,"ve dne, viditelnost nezhoršená vlivem povětrnostních podmínek",dobré,v blízkosti přechodu pro chodce (do vzdálenosti 20 m),uzel (křižovatka sledovaná ve vybraných městech),jízdní kolo,dobrý -žádné nepříznivé okolnosti nebyly zjiště,1,řidič,"s přilbou (pouze u motocyklistů, příp. cyklistů)",muž,lehké zranění,0,0,1,250,1050,10,květen,sobota,45-60,Brno-Židenice,16.64658402,49.19544368,{B260BCFC-569D-4240-8EC8-E694C1A08B93}
16.6274113590001,49.2366229780001,730,1,731,60206171134,-596261.812,-1156317.941,2017/05/27 00:00:00+00,6,2017,5,srážka s jedoucím nekolejovým vozidlem,"při předjíždění došlo k ohrožení předjížděného řidiče vozidla (vynucované zařazení, předjížděný řidič musel prudce brzdit, měnit směr jízdy apod.)",Ne,řidičem motorového vozidla,nehoda s následky na životě nebo zdraví,"povrch suchý, neznečistěný",neztížené,"ve dne, viditelnost nezhoršená vlivem povětrnostních podmínek",dobré,v blízkosti přechodu pro chodce (do vzdálenosti 20 m),komunikace sledovaná (ve vybraných městech),jízdní kolo,dobrý -žádné nepříznivé okolnosti nebyly zjiště,1,řidič,"s přilbou (pouze u motocyklistů, příp. cyklistů)",muž,těžké zranění,0,1,0,20,1615,16,květen,sobota,71 a více,Brno-sever,16.62741135,49.23662297,{9D700267-1B40-4BCE-B336-E63F4BC6F5B7}
16.585438584,49.238319039,731,1,732,60206171148,-599280.15,-1155801.946,2017/05/30 00:00:00+00,2,2017,5,srážka s chodcem,chodci na vyznačeném přechodu,Ne,řidičem nemotorového vozidla,nehoda s následky na životě nebo zdraví,"povrch suchý, neznečistěný",neztížené,"ve dne, viditelnost nezhoršená vlivem povětrnostních podmínek",dobré,přechod pro chodce,uzel (křižovatka sledovaná ve vybraných městech),jízdní kolo,dobrý -žádné nepříznivé okolnosti nebyly zjiště,1,řidič,"s přilbou (pouze u motocyklistů, příp. cyklistů)",muž,lehké zranění,0,0,2,20,820,8,květen,úterý,19-24,Brno-Řečkovice a Mokrá Hora,16.58543858,49.23831903,{0494BE7E-1699-4940-9237-38BF8DB84C3A}
16.650428768,49.154727484,732,1,733,60206171154,-595568.88,-1165552.225,2017/05/30 00:00:00+00,2,2017,5,srážka s jedoucím nekolejovým vozidlem,při odbočování vlevo,Ne,řidičem motorového vozidla,nehoda s následky na životě nebo zdraví,"povrch suchý, neznečistěný",neztížené,"ve dne, viditelnost nezhoršená vlivem povětrnostních podmínek",dobré,žádné nebo žádné z uvedených,komunikace sledovaná (ve vybraných městech),jízdní kolo,dobrý -žádné nepříznivé okolnosti nebyly zjiště,1,řidič,"s přilbou (pouze u motocyklistů, příp. cyklistů)",muž,lehké zranění,0,0,1,230,1549,15,květen,úterý,33-44,Brno-Tuřany,16.65042876,49.15472748,{FFDDAF1E-1895-4FD8-9745-5745DB24C6BF}
16.595009734,49.22354619,733,1,734,60206171157,-598764.084,-1157510.253,2017/05/30 00:00:00+00,2,2017,5,srážka s chodcem,nezaviněná řidičem,"Ano, obsah alkoholu v krvi 1,5‰ a více",chodcem,nehoda s následky na životě nebo zdraví,"povrch suchý, neznečistěný",neztížené,"ve dne, viditelnost nezhoršená vlivem povětrnostních podmínek",dobré,žádné nebo žádné z uvedených,komunikace sledovaná (ve vybraných městech),jízdní kolo,dobrý -žádné nepříznivé okolnosti nebyly zjiště,1,řidič,"bez přilby (pouze u motocyklistů, příp. cyklistů)",muž,bez zraněn,0,0,1,0,1915,19,květen,úterý,24-32,Brno-Královo Pole,16.59500973,49.22354619,{44CBAEB1-D4FE-44A6-BFFD-301B9218453B}
16.604484815,49.2076114610001,734,1,735,60206171193,-598268.443,-1159346.217,2017/06/03 00:00:00+00,6,2017,6,srážka s jedoucím nekolejovým vozidlem,jiné nedání přednosti,Ne,řidičem nemotorového vozidla,nehoda s následky na životě nebo zdraví,"povrch suchý, neznečistěný",neztížené,"ve dne, viditelnost nezhoršená vlivem povětrnostních podmínek",dobré,přechod pro chodce,uzel (křižovatka sledovaná ve vybraných městech),jízdní kolo,dobrý -žádné nepříznivé okolnosti nebyly zjiště,1,řidič,"bez přilby (pouze u motocyklistů, příp. cyklistů)",chlapec (do 15 let),lehké zranění,0,0,2,110,1710,17,červen,sobota,12-15,Brno-střed,16.60448481,49.20761146,{17049689-E3D9-4262-A233-3216D1E63556}
16.604484815,49.2076114610001,735,1,736,60206171193,-598268.443,-1159346.217,2017/06/03 00:00:00+00,6,2017,6,srážka s jedoucím nekolejovým vozidlem,jiné nedání přednosti,Ne,řidičem nemotorového vozidla,nehoda s následky na životě nebo zdraví,"povrch suchý, neznečistěný",neztížené,"ve dne, viditelnost nezhoršená vlivem povětrnostních podmínek",dobré,přechod pro chodce,uzel (křižovatka sledovaná ve vybraných městech),jízdní kolo,dobrý -žádné nepříznivé okolnosti nebyly zjiště,1,ostatní spolucestující (i v postranním vozíku motocyklu),"bez přilby (pouze u motocyklistů, příp. cyklistů)",chlapec (do 15 let),lehké zranění,0,0,2,110,1710,17,červen,sobota,7-11,Brno-střed,16.60448481,49.20761146,{7D6EE9D3-ED52-4E88-BC78-22A2B51D17DE}
16.5191028900001,49.2040451070001,736,1,737,60206171203,-604496.059,-1159068.21,2017/06/04 00:00:00+00,7,2017,6,havárie,řidič se plně nevěnoval řízení vozidla,Ne,řidičem nemotorového vozidla,nehoda s následky na životě nebo zdraví,"povrch suchý, neznečistěný",neztížené,"ve dne, viditelnost nezhoršená vlivem povětrnostních podmínek",dobré,žádné nebo žádné z uvedených,komunikace sledovaná (ve vybraných městech),jízdní kolo,dobrý -žádné nepříznivé okolnosti nebyly zjiště,1,řidič,"bez přilby (pouze u motocyklistů, příp. cyklistů)",muž,lehké zranění,0,0,1,10,1920,19,červen,neděle,61-70,Brno-Žebětín,16.51910288,49.2040451,{FDDD7ABD-DF93-4B66-9501-9950FC8B8E40}
16.5236265630001,49.2346563470001,737,1,738,60206171246,-603798.826,-1155720.041,2017/06/10 00:00:00+00,6,2017,6,havárie,"nepřizpůsobení rychlosti dopravně technickému stavu vozovky (zatáčka, klesání, stoupání, šířka vozovky apod.)","Ano, obsah alkoholu v krvi 1,5‰ a více",řidičem nemotorového vozidla,nehoda s následky na životě nebo zdraví,"povrch suchý, neznečistěný",neztížené,"ve dne, zhoršená viditelnost (svítání, soumrak)",dobré,žádné nebo žádné z uvedených,komunikace místní,jízdní kolo,pod vlivem alkoholu obsah alkoholu v krvi 1 ‰ a víc,1,řidič,"s přilbou (pouze u motocyklistů, příp. cyklistů)",muž,lehké zranění,0,0,1,20,2120,21,červen,sobota,33-44,Brno-Kníničky,16.52362655,49.23465634,{23F4C110-5A3F-497F-9CF6-2E7C2923FCE2}
16.599896986,49.2284602820001,738,1,739,60206171252,-598351.399,-1157005.258,2017/06/11 00:00:00+00,7,2017,6,"srážka s vozidlem zaparkovaným, odstaveným",řidič se plně nevěnoval řízení vozidla,Nezjišťován,řidičem nemotorového vozidla,nehoda s následky na životě nebo zdraví,"povrch suchý, neznečistěný",neztížené,"ve dne, viditelnost nezhoršená vlivem povětrnostních podmínek",dobré,žádné nebo žádné z uvedených,komunikace místní,jízdní kolo,dobrý -žádné nepříznivé okolnosti nebyly zjiště,1,řidič,"s přilbou (pouze u motocyklistů, příp. cyklistů)",muž,lehké zranění,0,0,1,100,1940,19,červen,neděle,61-70,Brno-Královo Pole,16.59989698,49.22846028,{8A146D62-97D0-4FB3-B1E4-E2B8D2BE4580}
16.6139800940001,49.194861422,739,1,740,60206171262,-597732.86,-1160830.196,2017/06/12 00:00:00+00,1,2017,6,havárie,jiný druh nepřiměřené rychlosti,"Ano, obsah alkoholu v krvi 1,5‰ a více",řidičem nemotorového vozidla,nehoda s následky na životě nebo zdraví,"povrch suchý, neznečistěný",neztížené,"v noci - s veřejným osvětlením, viditelnost nezhoršená vlivem povětrnostních podmínek",dobré,žádné nebo žádné z uvedených,komunikace sledovaná (ve vybraných městech),jízdní kolo,pod vlivem alkoholu obsah alkoholu v krvi 1 ‰ a víc,1,řidič,"bez přilby (pouze u motocyklistů, příp. cyklistů)",muž,lehké zranění,0,0,1,10,2255,22,červen,pondělí,19-24,Brno-střed,16.61398009,49.19486142,{9EF982B7-A34E-400D-A555-1AE6BFF6EA79}
16.570900882,49.2611442680001,740,1,741,60206171271,-600058.556,-1153164.351,2017/06/13 00:00:00+00,2,2017,6,srážka s jedoucím nekolejovým vozidlem,proti příkazu dopravní značky DEJ PŘEDNOST,Ne,řidičem motorového vozidla,nehoda s následky na životě nebo zdraví,"povrch suchý, neznečistěný",neztížené,"ve dne, viditelnost nezhoršená vlivem povětrnostních podmínek",dobré,žádné nebo žádné z uvedených,uzel (křižovatka sledovaná ve vybraných městech),jízdní kolo,dobrý -žádné nepříznivé okolnosti nebyly zjiště,1,řidič,"s přilbou (pouze u motocyklistů, příp. cyklistů)",žena,těžké zranění,0,1,0,350,1705,17,červen,úterý,45-60,Brno-Ivanovice,16.57090087,49.26114426,{5A0B4DAA-7319-47BE-B209-E9D95AB3B87C}
16.6105444940001,49.2105217100001,741,1,742,60206171282,-597794.724,-1159071.905,2017/06/14 00:00:00+00,3,2017,6,srážka s jedoucím nekolejovým vozidlem,při odbočování vlevo,Ne,řidičem motorového vozidla,nehoda s následky na životě nebo zdraví,"povrch suchý, neznečistěný",neztížené,"ve dne, viditelnost nezhoršená vlivem povětrnostních podmínek",dobré,žádné nebo žádné z uvedených,komunikace sledovaná (ve vybraných městech),jízdní kolo,dobrý -žádné nepříznivé okolnosti nebyly zjiště,1,řidič,"s přilbou (pouze u motocyklistů, příp. cyklistů)",muž,lehké zranění,0,0,1,120,1645,16,červen,středa,45-60,Brno-Královo Pole,16.61054449,49.21052171,{D7576C95-36D6-47E1-8DFC-7C3423728FFB}
16.652396928,49.1939294640001,742,1,743,60206171296,-594960.259,-1161233.162,2017/06/15 00:00:00+00,4,2017,6,havárie,řidič se plně nevěnoval řízení vozidla,"Ano, obsah alkoholu v krvi 1,5‰ a více",řidičem nemotorového vozidla,nehoda s následky na životě nebo zdraví,"povrch suchý, neznečistěný",neztížené,"ve dne, viditelnost nezhoršená vlivem povětrnostních podmínek",dobré,žádné nebo žádné z uvedených,komunikace sledovaná (ve vybraných městech),jízdní kolo,pod vlivem alkoholu obsah alkoholu v krvi 1 ‰ a víc,1,řidič,"bez přilby (pouze u motocyklistů, příp. cyklistů)",muž,lehké zranění,0,0,1,10,1930,19,červen,čtvrtek,45-60,Brno-Židenice,16.65239692,49.19392946,{76C27AF8-5E79-4248-A6B9-D1C8AD78C517}
16.612306204,49.1967425510001,743,1,744,60206171315,-597831.68,-1160609.118,2017/06/18 00:00:00+00,7,2017,6,havárie,řidič se plně nevěnoval řízení vozidla,Ne,řidičem nemotorového vozidla,nehoda s následky na životě nebo zdraví,"povrch suchý, neznečistěný",neztížené,"ve dne, viditelnost nezhoršená vlivem povětrnostních podmínek",dobré,žádné nebo žádné z uvedených,komunikace místní,jízdní kolo,dobrý -žádné nepříznivé okolnosti nebyly zjiště,1,řidič,"bez přilby (pouze u motocyklistů, příp. cyklistů)",muž,lehké zranění,0,0,2,50,2560,25,červen,neděle,61-70,Brno-střed,16.6123062,49.19674255,{78DAF5D5-FFA1-470A-95B7-595AC4E394F0}
16.590844308,49.2428643490001,744,1,745,60206171346,-598834.393,-1155341.827,2017/06/20 00:00:00+00,2,2017,6,havárie,řidič se plně nevěnoval řízení vozidla,Ne,řidičem nemotorového vozidla,nehoda s následky na životě nebo zdraví,"povrch suchý, neznečistěný",neztížené,"ve dne, viditelnost nezhoršená vlivem povětrnostních podmínek",dobré,žádné nebo žádné z uvedených,komunikace místní,jízdní kolo,dobrý -žádné nepříznivé okolnosti nebyly zjiště,1,řidič,"s přilbou (pouze u motocyklistů, příp. cyklistů)",muž,lehké zranění,0,0,1,0,1055,10,červen,úterý,71 a více,Brno-Řečkovice a Mokrá Hora,16.5908443,49.24286435,{4D33B53D-ADF8-4D9E-8583-703040CCC5C8}
16.6494580150001,49.195459613,745,1,746,60206171359,-595155.03,-1161041.085,2017/06/22 00:00:00+00,4,2017,6,srážka s pevnou překážkou,jiný druh nepřiměřené rychlosti,Ne,řidičem nemotorového vozidla,nehoda s následky na životě nebo zdraví,"povrch suchý, neznečistěný",neztížené,"ve dne, viditelnost nezhoršená vlivem povětrnostních podmínek",dobré,v blízkosti přechodu pro chodce (do vzdálenosti 20 m),komunikace sledovaná (ve vybraných městech),jízdní kolo,dobrý -žádné nepříznivé okolnosti nebyly zjiště,1,řidič,"bez přilby (pouze u motocyklistů, příp. cyklistů)",muž,lehké zranění,0,0,1,20,520,5,červen,čtvrtek,33-44,Brno-Židenice,16.64945801,49.19545961,{55763BC0-0B2D-4693-B6D3-0BD7A968FC5E}
16.6700951030001,49.216319092,746,1,747,60206171380,-593412.269,-1158895.254,2017/06/23 00:00:00+00,5,2017,6,havárie,řidič se plně nevěnoval řízení vozidla,"Ano, obsah alkoholu v krvi do 0,24 ‰",řidičem nemotorového vozidla,nehoda s následky na životě nebo zdraví,"povrch suchý, neznečistěný",neztížené,"ve dne, zhoršená viditelnost (svítání, soumrak)",dobré,žádné nebo žádné z uvedených,komunikace místní,jízdní kolo,"pod vlivem alkoholu, obsah alkoholu v krvi do 0,99 ‰",1,řidič,"bez přilby (pouze u motocyklistů, příp. cyklistů)",muž,těžké zranění,0,1,0,10,2140,21,červen,pátek,45-60,Brno-Vinohrady,16.67009509,49.21631909,{2E8D26CC-9BCF-40DE-A1DF-6CE6FB4A477D}