X,Y,objectid,join_count,target_fid,id,d,e,datum,den,rok,mesic,srazka,pricina,alkohol,zavineni,nasledky,stav_vozovky,povetrnostni_podm,viditelnost,rozhled,misto_nehody,druh_komun,druh_vozidla,stav_ridic,ovlivneni_ridice,osoba,ozn_osoba,pohlavi,nasledek,usmrceno_os,tezce_zran_os,lehce_zran_os,hmotna_skoda,cas,hodina,mesic_t,den_v_tydnu,vek_skupina,nazev,point_x,point_y,globalid
16.6042770830001,49.194199623,747,1,748,60206171387,-598443.826,-1160827.388,2017/06/24 00:00:00+00,6,2017,6,srážka s jedoucím nekolejovým vozidlem,řidič se plně nevěnoval řízení vozidla,Ne,řidičem nemotorového vozidla,nehoda s následky na životě nebo zdraví,"povrch suchý, neznečistěný",neztížené,"ve dne, viditelnost nezhoršená vlivem povětrnostních podmínek",dobré,žádné nebo žádné z uvedených,komunikace sledovaná (ve vybraných městech),jízdní kolo,dobrý -žádné nepříznivé okolnosti nebyly zjiště,1,řidič,"s přilbou (pouze u motocyklistů, příp. cyklistů)",muž,lehké zranění,0,0,1,50,1020,10,červen,sobota,24-32,Brno-střed,16.60427707,49.19419962,{4B9F695A-B517-40A7-B4C4-C3C28A5AA3A4}
16.5273241960001,49.2375184960001,748,1,749,60206171397,-603496.614,-1155432.864,2017/06/25 00:00:00+00,7,2017,6,havárie,"nepřizpůsobení rychlosti dopravně technickému stavu vozovky (zatáčka, klesání, stoupání, šířka vozovky apod.)",Ne,řidičem nemotorového vozidla,nehoda s následky na životě nebo zdraví,povrch mokrý,neztížené,"ve dne, viditelnost nezhoršená vlivem povětrnostních podmínek",dobré,žádné nebo žádné z uvedených,komunikace sledovaná (ve vybraných městech),jízdní kolo,dobrý -žádné nepříznivé okolnosti nebyly zjiště,1,řidič,"s přilbou (pouze u motocyklistů, příp. cyklistů)",žena,lehké zranění,0,0,1,150,1037,10,červen,neděle,33-44,Brno-Kníničky,16.52732419,49.23751849,{B45BDFEE-16AD-4C5B-92DA-9ACE78F6C596}
16.5759363980001,49.2133221180001,749,1,750,60206171407,-600267.891,-1158490.88,2017/06/26 00:00:00+00,1,2017,6,havárie,nezvládnutí řízení vozidla,Ne,řidičem nemotorového vozidla,nehoda s následky na životě nebo zdraví,"povrch suchý, neznečistěný",neztížené,"ve dne, viditelnost nezhoršená vlivem povětrnostních podmínek",dobré,žádné nebo žádné z uvedených,komunikace sledovaná (ve vybraných městech),jízdní kolo,dobrý -žádné nepříznivé okolnosti nebyly zjiště,1,řidič,"bez přilby (pouze u motocyklistů, příp. cyklistů)",muž,lehké zranění,0,0,1,10,1450,14,červen,pondělí,45-60,Brno-Žabovřesky,16.57593639,49.21332211,{68C96DF1-B63F-4D54-A00B-6981C0B471C0}
16.602396546,49.1842581770001,750,1,751,60206171413,-598698.96,-1161911.763,2017/06/27 00:00:00+00,2,2017,6,srážka s jedoucím nekolejovým vozidlem,řidič se plně nevěnoval řízení vozidla,Ne,řidičem motorového vozidla,nehoda s následky na životě nebo zdraví,"povrch suchý, neznečistěný",neztížené,"ve dne, viditelnost nezhoršená vlivem povětrnostních podmínek",dobré,přechod pro chodce,uzel (křižovatka sledovaná ve vybraných městech),jízdní kolo,dobrý -žádné nepříznivé okolnosti nebyly zjiště,1,řidič,"s přilbou (pouze u motocyklistů, příp. cyklistů)",muž,lehké zranění,0,0,1,30,1314,13,červen,úterý,71 a více,Brno-střed,16.60239654,49.18425817,{D4EA894D-EFBD-4159-9251-8D2C4245906B}
16.517982556,49.1980278510001,751,1,752,60206171419,-604649.904,-1159724.521,2017/06/27 00:00:00+00,2,2017,6,havárie,nezvládnutí řízení vozidla,"Ano, obsah alkoholu v krvi do 0,24 ‰",řidičem nemotorového vozidla,nehoda s následky na životě nebo zdraví,"povrch suchý, neznečistěný",neztížené,"ve dne, viditelnost nezhoršená vlivem povětrnostních podmínek",dobré,žádné nebo žádné z uvedených,komunikace sledovaná (ve vybraných městech),jízdní kolo,"pod vlivem alkoholu, obsah alkoholu v krvi do 0,99 ‰",1,řidič,"bez přilby (pouze u motocyklistů, příp. cyklistů)",muž,lehké zranění,0,0,1,50,2030,20,červen,úterý,33-44,Brno-Žebětín,16.51798255,49.19802785,{450AD6F2-849E-4A68-9AC2-F534BFFDFDE4}
16.668387535,49.2058546600001,752,1,753,60206171492,-593660.071,-1160039.031,2017/07/09 00:00:00+00,7,2017,7,havárie,řidič se plně nevěnoval řízení vozidla,Ne,řidičem nemotorového vozidla,nehoda s následky na životě nebo zdraví,"povrch suchý, neznečistěný",neztížené,"ve dne, viditelnost nezhoršená vlivem povětrnostních podmínek",dobré,žádné nebo žádné z uvedených,komunikace sledovaná (ve vybraných městech),jízdní kolo,dobrý -žádné nepříznivé okolnosti nebyly zjiště,1,řidič,"bez přilby (pouze u motocyklistů, příp. cyklistů)",muž,lehké zranění,0,0,1,20,940,9,červenec,neděle,61-70,Brno-Líšeň,16.66838753,49.20585466,{B7E4DD5A-B22F-4D3A-AF10-3D09A928D90F}
16.519748689,49.218613755,753,1,754,60206171510,-604273.315,-1157462.82,2017/07/12 00:00:00+00,3,2017,7,srážka s jedoucím nekolejovým vozidlem,proti příkazu dopravní značky DEJ PŘEDNOST,Ne,řidičem motorového vozidla,nehoda s následky na životě nebo zdraví,"povrch suchý, neznečistěný",neztížené,"ve dne, viditelnost nezhoršená vlivem povětrnostních podmínek",dobré,přechod pro chodce,uzel (křižovatka sledovaná ve vybraných městech),jízdní kolo,dobrý -žádné nepříznivé okolnosti nebyly zjiště,1,řidič,"s přilbou (pouze u motocyklistů, příp. cyklistů)",muž,lehké zranění,0,0,1,250,925,9,červenec,středa,33-44,Brno-Bystrc,16.51974868,49.21861375,{F966B808-011B-48CD-9B5F-266CEF2C4E6C}
16.6194606670001,49.1873629250001,754,1,755,60206171515,-597425.224,-1161702.112,2017/07/12 00:00:00+00,3,2017,7,srážka s jedoucím nekolejovým vozidlem,při odbočování vlevo,Ne,řidičem motorového vozidla,nehoda s následky na životě nebo zdraví,"povrch suchý, neznečistěný",neztížené,"ve dne, viditelnost nezhoršená vlivem povětrnostních podmínek",dobré,přechod pro chodce,uzel (křižovatka sledovaná ve vybraných městech),jízdní kolo,dobrý -žádné nepříznivé okolnosti nebyly zjiště,1,řidič,"s přilbou (pouze u motocyklistů, příp. cyklistů)",muž,lehké zranění,0,0,1,400,1450,14,červenec,středa,24-32,Brno-střed,16.61946066,49.18736292,{64C75366-DE2E-4DAB-894C-24BA6AC431D9}
16.5189615410001,49.218387168,755,1,756,60206171548,-604333.052,-1157481.64,2017/07/18 00:00:00+00,2,2017,7,havárie,řidič se plně nevěnoval řízení vozidla,Ne,řidičem nemotorového vozidla,nehoda s následky na životě nebo zdraví,"povrch suchý, neznečistěný",neztížené,"ve dne, viditelnost nezhoršená vlivem povětrnostních podmínek",dobré,žádné nebo žádné z uvedených,komunikace sledovaná (ve vybraných městech),jízdní kolo,dobrý -žádné nepříznivé okolnosti nebyly zjiště,1,řidič,"s přilbou (pouze u motocyklistů, příp. cyklistů)",muž,lehké zranění,0,0,1,20,1025,10,červenec,úterý,61-70,Brno-Bystrc,16.51896153,49.21838716,{A61F0150-320E-484F-B963-597B25DC2547}
16.626317832,49.1908069340001,756,1,757,60206171551,-596887.226,-1161374.945,2017/07/18 00:00:00+00,2,2017,7,srážka s jedoucím nekolejovým vozidlem,při odbočování vlevo,Ne,řidičem motorového vozidla,nehoda s následky na životě nebo zdraví,"povrch suchý, neznečistěný",neztížené,"ve dne, viditelnost nezhoršená vlivem povětrnostních podmínek",dobré,v blízkosti přechodu pro chodce (do vzdálenosti 20 m),uzel (křižovatka sledovaná ve vybraných městech),jízdní kolo,dobrý -žádné nepříznivé okolnosti nebyly zjiště,1,řidič,"bez přilby (pouze u motocyklistů, příp. cyklistů)",muž,lehké zranění,0,0,1,100,1730,17,červenec,úterý,24-32,Brno-střed,16.62631782,49.19080693,{29F9DA80-770D-435E-B3A7-2045E868B387}
16.6257710890001,49.15496468,757,1,758,60206171557,-597354.202,-1165333.457,2017/07/19 00:00:00+00,3,2017,7,havárie,řidič se plně nevěnoval řízení vozidla,Ne,řidičem nemotorového vozidla,nehoda s následky na životě nebo zdraví,"povrch suchý, neznečistěný",neztížené,"ve dne, viditelnost nezhoršená vlivem povětrnostních podmínek",dobré,žádné nebo žádné z uvedených,komunikace účelová - polní a lesní cesty atd.,jízdní kolo,dobrý -žádné nepříznivé okolnosti nebyly zjiště,1,řidič,"bez přilby (pouze u motocyklistů, příp. cyklistů)",muž,lehké zranění,0,0,1,0,1630,16,červenec,středa,71 a více,Brno-jih,16.62577108,49.15496468,{25B8C9ED-9B89-4ABC-8E72-3136D0858F2C}
16.6448310220001,49.1952637110001,758,1,759,60206171572,-595492.634,-1161026.684,2017/07/21 00:00:00+00,5,2017,7,havárie,nepřizpůsobení rychlosti vlastnostem vozidla a nákladu,Ne,řidičem nemotorového vozidla,nehoda s následky na životě nebo zdraví,"povrch suchý, neznečistěný",neztížené,"ve dne, viditelnost nezhoršená vlivem povětrnostních podmínek",dobré,v blízkosti přechodu pro chodce (do vzdálenosti 20 m),komunikace sledovaná (ve vybraných městech),jízdní kolo,dobrý -žádné nepříznivé okolnosti nebyly zjiště,1,řidič,"s přilbou (pouze u motocyklistů, příp. cyklistů)",muž,lehké zranění,0,0,1,50,1736,17,červenec,pátek,45-60,Brno-Židenice,16.64483101,49.19526371,{23603CAF-18D8-41B1-AE4F-EBA3192BA5EA}
16.5528022190001,49.212016674,759,1,760,60206171580,-601959.105,-1158453.13,2017/07/23 00:00:00+00,7,2017,7,havárie,jiný druh nepřiměřené rychlosti,Ne,řidičem nemotorového vozidla,nehoda s následky na životě nebo zdraví,"povrch suchý, neznečistěný",neztížené,"ve dne, viditelnost nezhoršená vlivem povětrnostních podmínek",dobré,žádné nebo žádné z uvedených,komunikace místní,jízdní kolo,dobrý -žádné nepříznivé okolnosti nebyly zjiště,1,řidič,"s přilbou (pouze u motocyklistů, příp. cyklistů)",žena,lehké zranění,0,0,1,10,1340,13,červenec,neděle,16-18,Brno-Jundrov,16.55280221,49.21201667,{F20FE628-1EF2-496D-BF15-27A6A402534D}
16.6080583350001,49.196107365,760,1,761,60206171589,-598147.048,-1160646.088,2017/07/25 00:00:00+00,2,2017,7,havárie,řidič se plně nevěnoval řízení vozidla,Nezjišťován,řidičem nemotorového vozidla,nehoda s následky na životě nebo zdraví,"povrch suchý, neznečistěný",neztížené,"ve dne, viditelnost nezhoršená vlivem povětrnostních podmínek",dobré,žádné nebo žádné z uvedených,komunikace místní,jízdní kolo,dobrý -žádné nepříznivé okolnosti nebyly zjiště,1,řidič,"bez přilby (pouze u motocyklistů, příp. cyklistů)",muž,těžké zranění,0,1,0,20,645,6,červenec,úterý,45-60,Brno-střed,16.60805833,49.19610736,{8ACED354-862B-42ED-A66F-AD2CCFFBCB9A}
16.572461834,49.2060399370001,761,1,762,60206171619,-600606.938,-1159268.642,2017/07/29 00:00:00+00,6,2017,7,havárie,nezvládnutí řízení vozidla,Ne,řidičem nemotorového vozidla,nehoda s následky na životě nebo zdraví,"povrch suchý, neznečistěný",neztížené,"ve dne, viditelnost nezhoršená vlivem povětrnostních podmínek",dobré,žádné nebo žádné z uvedených,komunikace místní,jízdní kolo,dobrý -žádné nepříznivé okolnosti nebyly zjiště,1,řidič,"s přilbou (pouze u motocyklistů, příp. cyklistů)",muž,těžké zranění,0,1,1,50,2010,20,červenec,sobota,33-44,Brno-Žabovřesky,16.57246183,49.20603993,{84589F62-E81A-48BF-9E1B-9AC6154BC428}
16.5793359580001,49.172418114,762,1,763,60206171628,-600512.159,-1163039.727,2017/07/31 00:00:00+00,1,2017,7,srážka s jedoucím nekolejovým vozidlem,"jízda po nesprávné straně vozovky, vjetí do protisměru",Ne,řidičem nemotorového vozidla,nehoda s následky na životě nebo zdraví,"povrch suchý, neznečistěný",neztížené,"ve dne, viditelnost nezhoršená vlivem povětrnostních podmínek",dobré,žádné nebo žádné z uvedených,komunikace místní,jízdní kolo,dobrý -žádné nepříznivé okolnosti nebyly zjiště,1,řidič,"bez přilby (pouze u motocyklistů, příp. cyklistů)",muž,lehké zranění,0,0,1,350,1310,13,červenec,pondělí,33-44,Brno-Bohunice,16.57933595,49.17241811,{AB975AD2-2348-4F91-994A-8FCA9B199517}
16.6529724440001,49.221406727,763,1,764,60206171633,-594592.027,-1158199.575,2017/08/01 00:00:00+00,2,2017,8,havárie,nezvládnutí řízení vozidla,Ne,řidičem nemotorového vozidla,nehoda s následky na životě nebo zdraví,"povrch suchý, neznečistěný",neztížené,"ve dne, viditelnost nezhoršená vlivem povětrnostních podmínek",dobré,"zastávka tramvaje, autobusu, trolejbusu bez nástup. ostrůvku",uzel (křižovatka sledovaná ve vybraných městech),jízdní kolo,dobrý -žádné nepříznivé okolnosti nebyly zjiště,1,řidič,"s přilbou (pouze u motocyklistů, příp. cyklistů)",muž,lehké zranění,0,0,1,0,655,6,srpen,úterý,45-60,Brno-Maloměřice a Obřany,16.65297244,49.22140672,{968F8FE4-C63E-48D0-8A1A-7FD3C046882F}
16.6388943650001,49.2010441290001,764,1,765,60206171634,-595853.994,-1160341.278,2017/08/01 00:00:00+00,2,2017,8,srážka s chodcem,nezvládnutí řízení vozidla,Ne,řidičem nemotorového vozidla,nehoda s následky na životě nebo zdraví,"povrch suchý, neznečistěný",neztížené,"ve dne, viditelnost nezhoršená vlivem povětrnostních podmínek",dobré,žádné nebo žádné z uvedených,komunikace sledovaná (ve vybraných městech),jízdní kolo,dobrý -žádné nepříznivé okolnosti nebyly zjiště,1,řidič,"bez přilby (pouze u motocyklistů, příp. cyklistů)",muž,bez zraněn,0,0,1,150,754,7,srpen,úterý,33-44,Brno-Židenice,16.63889436,49.20104413,{B1B68041-5DE0-4058-B550-BA262A521FAB}
16.602011491,49.2014040170001,765,1,766,60206171647,-598521.835,-1160013.128,2017/08/02 00:00:00+00,3,2017,8,srážka s jedoucím nekolejovým vozidlem,při odbočování vlevo,Ne,řidičem motorového vozidla,nehoda s následky na životě nebo zdraví,"povrch suchý, neznečistěný",neztížené,"ve dne, viditelnost nezhoršená vlivem povětrnostních podmínek",dobré,v blízkosti přechodu pro chodce (do vzdálenosti 20 m),uzel (křižovatka sledovaná ve vybraných městech),jízdní kolo,dobrý -žádné nepříznivé okolnosti nebyly zjiště,1,řidič,"s přilbou (pouze u motocyklistů, příp. cyklistů)",muž,lehké zranění,0,0,1,370,2013,20,srpen,středa,24-32,Brno-střed,16.60201148,49.20140401,{9302938D-63FC-48E2-9F28-C29151651AFB}
16.5945889550001,49.2094445720001,766,1,767,60206171655,-598963.336,-1159065.996,2017/08/04 00:00:00+00,5,2017,8,havárie,řidič se plně nevěnoval řízení vozidla,Ne,řidičem nemotorového vozidla,nehoda s následky na životě nebo zdraví,povrch mokrý,neztížené,"ve dne, viditelnost nezhoršená vlivem povětrnostních podmínek",dobré,žádné nebo žádné z uvedených,komunikace sledovaná (ve vybraných městech),jízdní kolo,dobrý -žádné nepříznivé okolnosti nebyly zjiště,1,řidič,"bez přilby (pouze u motocyklistů, příp. cyklistů)",žena,lehké zranění,0,0,1,10,845,8,srpen,pátek,24-32,Brno-Královo Pole,16.59458895,49.20944457,{F7B9E8A3-79B2-40AD-AA92-1307D157918B}
16.5301762240001,49.228891951,767,1,768,60206171659,-603394.229,-1156409.041,2017/08/05 00:00:00+00,6,2017,8,havárie,nezvládnutí řízení vozidla,Ne,řidičem nemotorového vozidla,nehoda s následky na životě nebo zdraví,"povrch suchý, neznečistěný",neztížené,"ve dne, viditelnost nezhoršená vlivem povětrnostních podmínek",dobré,žádné nebo žádné z uvedených,komunikace sledovaná (ve vybraných městech),jízdní kolo,dobrý -žádné nepříznivé okolnosti nebyly zjiště,1,řidič,"s přilbou (pouze u motocyklistů, příp. cyklistů)",muž,lehké zranění,0,0,1,40,855,8,srpen,sobota,61-70,Brno-Bystrc,16.53017622,49.22889195,{73052266-606C-493C-9F9D-6970B112C6D4}
16.6165091930001,49.196806456,768,1,769,60206171668,-597526.389,-1160634.94,2017/08/06 00:00:00+00,7,2017,8,havárie,"nepřizpůsobení rychlosti stavu vozovky (náledí, výtluky, bláto, mokrý povrch apod.)",Ne,řidičem nemotorového vozidla,nehoda s následky na životě nebo zdraví,povrch mokrý,"na počátku deště, slabý déšť, mrholení apod.","ve dne, viditelnost nezhoršená vlivem povětrnostních podmínek",dobré,žádné nebo žádné z uvedených,komunikace sledovaná (ve vybraných městech),jízdní kolo,dobrý -žádné nepříznivé okolnosti nebyly zjiště,1,řidič,"bez přilby (pouze u motocyklistů, příp. cyklistů)",muž,lehké zranění,0,0,1,30,1700,17,srpen,neděle,33-44,Brno-střed,16.61650918,49.19680645,{E9F5F542-18C6-49B8-B541-87F4448F0E11}
16.5763732560001,49.2319689870001,769,1,770,60206171682,-600012.57,-1156432.811,2017/08/09 00:00:00+00,3,2017,8,havárie,nezvládnutí řízení vozidla,Nezjišťován,řidičem nemotorového vozidla,nehoda s následky na životě nebo zdraví,"povrch suchý, neznečistěný",neztížené,"v noci - s veřejným osvětlením, viditelnost nezhoršená vlivem povětrnostních podmínek",dobré,"zastávka autobusu, trolejbusu, tramvaje s nástup. ostrůvkem",komunikace místní,jízdní kolo,pod vlivem alkoholu obsah alkoholu v krvi 1 ‰ a víc,1,řidič,"bez přilby (pouze u motocyklistů, příp. cyklistů)",muž,lehké zranění,0,0,1,10,1,1,srpen,středa,24-32,Brno-Medlánky,16.57637325,49.23196898,{75FD11EA-4969-451F-AEB2-0DE6F9E6FB9F}
16.5951529430001,49.1910626860001,770,1,771,60206171689,-599142.48,-1161102.673,2017/08/09 00:00:00+00,3,2017,8,srážka s jedoucím nekolejovým vozidlem,řidič se plně nevěnoval řízení vozidla,Ne,řidičem nemotorového vozidla,nehoda s následky na životě nebo zdraví,"povrch suchý, neznečistěný",neztížené,"ve dne, viditelnost nezhoršená vlivem povětrnostních podmínek",dobré,v blízkosti přechodu pro chodce (do vzdálenosti 20 m),komunikace sledovaná (ve vybraných městech),jízdní kolo,dobrý -žádné nepříznivé okolnosti nebyly zjiště,1,řidič,"s přilbou (pouze u motocyklistů, příp. cyklistů)",muž,těžké zranění,0,1,0,450,1815,18,srpen,středa,33-44,Brno-střed,16.59515293,49.19106268,{3D0162F5-4CBD-45ED-9912-574B0ACD04B0}
16.524576487,49.19714765,771,1,772,60206171692,-604182.841,-1159874.007,2017/08/09 00:00:00+00,3,2017,8,srážka s jedoucím nekolejovým vozidlem,řidič se plně nevěnoval řízení vozidla,Ne,řidičem nemotorového vozidla,nehoda s následky na životě nebo zdraví,"na vozovce je rozlitý olej, nafta apod.",neztížené,"ve dne, viditelnost nezhoršená vlivem povětrnostních podmínek",dobré,žádné nebo žádné z uvedených,komunikace sledovaná (ve vybraných městech),jízdní kolo,dobrý -žádné nepříznivé okolnosti nebyly zjiště,1,řidič,"s přilbou (pouze u motocyklistů, příp. cyklistů)",muž,lehké zranění,0,0,2,230,1820,18,srpen,středa,33-44,Brno-Žebětín,16.52457648,49.19714765,{06F46F0B-F6E8-451A-9728-5C2E724522C7}
16.524576487,49.19714765,772,1,773,60206171692,-604182.841,-1159874.007,2017/08/09 00:00:00+00,3,2017,8,srážka s jedoucím nekolejovým vozidlem,řidič se plně nevěnoval řízení vozidla,Ne,řidičem nemotorového vozidla,nehoda s následky na životě nebo zdraví,"na vozovce je rozlitý olej, nafta apod.",neztížené,"ve dne, viditelnost nezhoršená vlivem povětrnostních podmínek",dobré,žádné nebo žádné z uvedených,komunikace sledovaná (ve vybraných městech),jízdní kolo,dobrý -žádné nepříznivé okolnosti nebyly zjiště,1,řidič,"s přilbou (pouze u motocyklistů, příp. cyklistů)",muž,lehké zranění,0,0,2,230,1820,18,srpen,středa,24-32,Brno-Žebětín,16.52457648,49.19714765,{596C3F93-F797-4122-AB9C-4FF20925EC2D}
16.647060019,49.1953546660001,773,1,774,60206171732,-595330.038,-1161034.002,2017/08/16 00:00:00+00,3,2017,8,srážka s jedoucím nekolejovým vozidlem,při odbočování vlevo,Nezjišťován,řidičem motorového vozidla,nehoda s následky na životě nebo zdraví,"povrch suchý, neznečistěný",neztížené,"ve dne, viditelnost nezhoršená vlivem povětrnostních podmínek",dobré,přechod pro chodce,uzel (křižovatka sledovaná ve vybraných městech),jízdní kolo,dobrý -žádné nepříznivé okolnosti nebyly zjiště,1,řidič,"bez přilby (pouze u motocyklistů, příp. cyklistů)",muž,lehké zranění,0,0,1,200,645,6,srpen,středa,33-44,Brno-Židenice,16.64706001,49.19535466,{C9F7C597-7577-41A2-AEA1-2C89D9236B6F}
16.628791719,49.188768773,774,1,775,60206171733,-596732.248,-1161619.618,2017/08/16 00:00:00+00,3,2017,8,srážka s jedoucím nekolejovým vozidlem,při odbočování vlevo,Nezjišťován,řidičem nemotorového vozidla,nehoda s následky na životě nebo zdraví,"povrch suchý, neznečistěný",neztížené,"ve dne, viditelnost nezhoršená vlivem povětrnostních podmínek",dobré,žádné nebo žádné z uvedených,komunikace sledovaná (ve vybraných městech),jízdní kolo,dobrý -žádné nepříznivé okolnosti nebyly zjiště,1,řidič,"bez přilby (pouze u motocyklistů, příp. cyklistů)",muž,lehké zranění,0,0,1,60,640,6,srpen,středa,19-24,Brno-Černovice,16.62879171,49.18876877,{FE7DDE08-B134-4C6E-902B-6D232205C860}
16.6129518860001,49.1910892610001,775,1,776,60206171734,-597852.409,-1161239.2,2017/08/16 00:00:00+00,3,2017,8,havárie,"upadnutí, ztráta kola vozidla (i rezervního)",Nezjišťován,technickou závadou vozidla,nehoda s následky na životě nebo zdraví,"povrch suchý, neznečistěný",neztížené,"ve dne, viditelnost nezhoršená vlivem povětrnostních podmínek",dobré,"zastávka autobusu, trolejbusu, tramvaje s nástup. ostrůvkem",komunikace sledovaná (ve vybraných městech),jízdní kolo,dobrý -žádné nepříznivé okolnosti nebyly zjiště,1,řidič,"bez přilby (pouze u motocyklistů, příp. cyklistů)",muž,lehké zranění,0,0,1,10,845,8,srpen,středa,33-44,Brno-střed,16.61295188,49.19108926,{925BFEDC-40AC-400F-BF37-0C82BFD9E5CF}
16.6254986060001,49.1865277430001,776,1,777,60206171739,-596997.615,-1161841.659,2017/08/16 00:00:00+00,3,2017,8,"srážka s vozidlem zaparkovaným, odstaveným",řidič se plně nevěnoval řízení vozidla,Pod vlivem drog,řidičem nemotorového vozidla,nehoda s následky na životě nebo zdraví,"povrch suchý, neznečistěný",neztížené,"ve dne, viditelnost nezhoršená vlivem povětrnostních podmínek",dobré,žádné nebo žádné z uvedených,komunikace místní,jízdní kolo,"pod vlivem léků, narkoti",1,řidič,"bez přilby (pouze u motocyklistů, příp. cyklistů)",muž,lehké zranění,0,0,1,100,1800,18,srpen,středa,19-24,Brno-jih,16.6254986,49.18652774,{9871F7E4-6648-42D4-A493-C2031D660E93}
16.5538745800001,49.2184549420001,777,1,778,60206171747,-601803.995,-1157749.823,2017/08/18 00:00:00+00,5,2017,8,srážka s jedoucím nekolejovým vozidlem,jiné nedání přednosti,Ne,řidičem nemotorového vozidla,nehoda s následky na životě nebo zdraví,"povrch suchý, neznečistěný",neztížené,"ve dne, viditelnost nezhoršená vlivem povětrnostních podmínek",dobré,přechod pro chodce,komunikace místní,jízdní kolo,dobrý -žádné nepříznivé okolnosti nebyly zjiště,1,řidič,"s přilbou (pouze u motocyklistů, příp. cyklistů)",žena,lehké zranění,0,0,1,210,1830,18,srpen,pátek,71 a více,Brno-Komín,16.55387457,49.21845494,{B3A0FF65-1889-4C47-9847-88050D6DFFB9}
16.6642800130001,49.214268141,778,1,779,60206171749,-593857.806,-1159076.835,2017/08/18 00:00:00+00,5,2017,8,srážka s jedoucím nekolejovým vozidlem,při vjíždění na silnici,Ne,řidičem nemotorového vozidla,nehoda s následky na životě nebo zdraví,"povrch suchý, neznečistěný",neztížené,"ve dne, viditelnost nezhoršená vlivem povětrnostních podmínek",dobré,žádné nebo žádné z uvedených,komunikace místní,jízdní kolo,dobrý -žádné nepříznivé okolnosti nebyly zjiště,1,řidič,"bez přilby (pouze u motocyklistů, příp. cyklistů)",muž,lehké zranění,0,0,1,210,1815,18,srpen,pátek,24-32,Brno-Maloměřice a Obřany,16.66428,49.21426814,{83A0B183-938F-40B3-AA20-819F7ADB14AE}
16.654389467,49.185768017,779,1,780,60206171755,-594912.843,-1162151.063,2017/08/19 00:00:00+00,6,2017,8,"srážka s vozidlem zaparkovaným, odstaveným",řidič se plně nevěnoval řízení vozidla,"Ano, obsah alkoholu v krvi 1,5‰ a více",řidičem nemotorového vozidla,nehoda s následky na životě nebo zdraví,"povrch suchý, neznečistěný",neztížené,"ve dne, viditelnost nezhoršená vlivem povětrnostních podmínek",dobré,žádné nebo žádné z uvedených,komunikace místní,jízdní kolo,pod vlivem alkoholu obsah alkoholu v krvi 1 ‰ a víc,0,řidič,"bez přilby (pouze u motocyklistů, příp. cyklistů)",muž,lehké zranění,0,0,1,40,1710,17,srpen,sobota,61-70,Brno-Černovice,16.65438946,49.18576801,{1B0C4A24-5872-41E4-A42F-93207E70877D}
16.5928344540001,49.236555792,780,1,781,60206171774,-598765.859,-1156054.888,2017/08/08 00:00:00+00,2,2017,8,srážka s domácím zvířetem,nezaviněná řidičem,Nezjišťován,"lesní zvěří, domácím zvířectvem",nehoda s následky na životě nebo zdraví,"povrch suchý, neznečistěný",neztížené,"ve dne, viditelnost nezhoršená vlivem povětrnostních podmínek",dobré,žádné nebo žádné z uvedených,komunikace místní,jízdní kolo,dobrý -žádné nepříznivé okolnosti nebyly zjiště,1,řidič,"s přilbou (pouze u motocyklistů, příp. cyklistů)",žena,lehké zranění,0,0,1,10,1805,18,srpen,úterý,33-44,Brno-Královo Pole,16.59283445,49.23655579,{7CA5854E-BF98-406B-85EC-C37FB9F6B0F2}
16.5928344540001,49.236555792,781,1,782,60206171774,-598765.859,-1156054.888,2017/08/08 00:00:00+00,2,2017,8,srážka s domácím zvířetem,nezaviněná řidičem,Nezjišťován,"lesní zvěří, domácím zvířectvem",nehoda s následky na životě nebo zdraví,"povrch suchý, neznečistěný",neztížené,"ve dne, viditelnost nezhoršená vlivem povětrnostních podmínek",dobré,žádné nebo žádné z uvedených,komunikace místní,jízdní kolo,dobrý -žádné nepříznivé okolnosti nebyly zjiště,1,řidič,"s přilbou (pouze u motocyklistů, příp. cyklistů)",muž,bez zraněn,0,0,1,10,1805,18,srpen,úterý,45-60,Brno-Královo Pole,16.59283445,49.23655579,{DD10E86E-3069-427E-9BE3-A3582603F160}
16.614599922,49.1917212590001,782,1,783,60206171780,-597725.441,-1161182.224,2017/08/23 00:00:00+00,3,2017,8,havárie,řidič se plně nevěnoval řízení vozidla,Ne,řidičem nemotorového vozidla,nehoda s následky na životě nebo zdraví,"povrch suchý, neznečistěný",neztížené,"ve dne, viditelnost nezhoršená vlivem povětrnostních podmínek",dobré,v blízkosti přechodu pro chodce (do vzdálenosti 20 m),uzel (křižovatka sledovaná ve vybraných městech),jízdní kolo,dobrý -žádné nepříznivé okolnosti nebyly zjiště,1,řidič,"bez přilby (pouze u motocyklistů, příp. cyklistů)",muž,lehké zranění,0,0,1,20,830,8,srpen,středa,33-44,Brno-střed,16.61459991,49.19172126,{75CE89B3-9333-4D8B-B8FC-63A554F2FDC3}