X,Y,objectid,join_count,target_fid,id,d,e,datum,den,rok,mesic,srazka,pricina,alkohol,zavineni,nasledky,stav_vozovky,povetrnostni_podm,viditelnost,rozhled,misto_nehody,druh_komun,druh_vozidla,stav_ridic,ovlivneni_ridice,osoba,ozn_osoba,pohlavi,nasledek,usmrceno_os,tezce_zran_os,lehce_zran_os,hmotna_skoda,cas,hodina,mesic_t,den_v_tydnu,vek_skupina,nazev,point_x,point_y,globalid
16.5794159650001,49.2449534450001,783,1,784,60206171790,-599636.579,-1155021.204,2017/08/24 00:00:00+00,4,2017,8,srážka s jedoucím nekolejovým vozidlem,"jízda na ""červenou"" 3-barevného semaforu","Ano, obsah alkoholu v krvi 1,5‰ a více",řidičem nemotorového vozidla,nehoda pouze s hmotnou škodou,"povrch suchý, neznečistěný",neztížené,"v noci - s veřejným osvětlením, viditelnost nezhoršená vlivem povětrnostních podmínek",dobré,žádné nebo žádné z uvedených,uzel (křižovatka sledovaná ve vybraných městech),jízdní kolo,pod vlivem alkoholu obsah alkoholu v krvi 1 ‰ a víc,1,řidič,"bez přilby (pouze u motocyklistů, příp. cyklistů)",muž,bez zraněn,0,0,0,210,421,4,srpen,čtvrtek,24-32,Brno-Řečkovice a Mokrá Hora,16.57941596,49.24495344,{1954C70C-9A71-4C2C-B9F0-5BDF9A3B414C}
16.589818102,49.211741783,784,1,785,60206171801,-599281.398,-1158774.601,2017/08/25 00:00:00+00,5,2017,8,srážka s jedoucím nekolejovým vozidlem,řidič se plně nevěnoval řízení vozidla,Ne,řidičem nemotorového vozidla,nehoda s následky na životě nebo zdraví,"povrch suchý, neznečistěný",neztížené,"ve dne, viditelnost nezhoršená vlivem povětrnostních podmínek",dobré,žádné nebo žádné z uvedených,komunikace sledovaná (ve vybraných městech),jízdní kolo,dobrý -žádné nepříznivé okolnosti nebyly zjiště,1,řidič,"bez přilby (pouze u motocyklistů, příp. cyklistů)",muž,lehké zranění,0,0,1,110,925,9,srpen,pátek,71 a více,Brno-Žabovřesky,16.58981809,49.21174178,{90266389-A5DE-43C2-93AB-1A6DC2723C0E}
16.5740765080001,49.218272455,785,1,786,60206171808,-600343.198,-1157928.98,2017/08/26 00:00:00+00,6,2017,8,srážka s jedoucím nekolejovým vozidlem,jiné nedání přednosti,Ne,řidičem motorového vozidla,nehoda s následky na životě nebo zdraví,"povrch suchý, neznečistěný",neztížené,"ve dne, viditelnost nezhoršená vlivem povětrnostních podmínek",dobré,přechod pro chodce,uzel (křižovatka sledovaná ve vybraných městech),jízdní kolo,dobrý -žádné nepříznivé okolnosti nebyly zjiště,1,řidič,"s přilbou (pouze u motocyklistů, příp. cyklistů)",muž,lehké zranění,0,0,1,205,1305,13,srpen,sobota,19-24,Brno-Žabovřesky,16.5740765,49.21827245,{52809A4E-08CE-4153-A170-B33CBC36C2EB}
16.5802919490001,49.1722900840001,786,1,787,60206171811,-600444.397,-1163061.397,2017/08/26 00:00:00+00,6,2017,8,srážka s jedoucím nekolejovým vozidlem,"jízda po nesprávné straně vozovky, vjetí do protisměru",Ne,řidičem nemotorového vozidla,nehoda s následky na životě nebo zdraví,"povrch suchý, neznečistěný",neztížené,"ve dne, viditelnost nezhoršená vlivem povětrnostních podmínek",dobré,"výjezd z parkoviště, lesní cesty apod. (pol.36=7,8)",komunikace místní,jízdní kolo,dobrý -žádné nepříznivé okolnosti nebyly zjiště,1,řidič,"bez přilby (pouze u motocyklistů, příp. cyklistů)",muž,lehké zranění,0,0,1,305,1455,14,srpen,sobota,33-44,Brno-Bohunice,16.58029194,49.17229008,{602A0A32-C1E2-4B88-8AD1-152FB5CCFE87}
16.5798950510001,49.246465496,787,1,788,60206171828,-599583.772,-1154857.799,2017/08/29 00:00:00+00,2,2017,8,havárie,nepřizpůsobení rychlosti vlastnostem vozidla a nákladu,Ne,řidičem nemotorového vozidla,nehoda s následky na životě nebo zdraví,"povrch suchý, neznečistěný",neztížené,"ve dne, viditelnost nezhoršená vlivem povětrnostních podmínek",dobré,žádné nebo žádné z uvedených,komunikace sledovaná (ve vybraných městech),jízdní kolo,dobrý -žádné nepříznivé okolnosti nebyly zjiště,1,řidič,"s přilbou (pouze u motocyklistů, příp. cyklistů)",žena,lehké zranění,0,0,1,50,1810,18,srpen,úterý,61-70,Brno-Řečkovice a Mokrá Hora,16.57989504,49.24646549,{DE0C389C-AE5D-4B9E-8429-D139D9898FCA}
16.6164956690001,49.1882685310001,788,1,789,60206171829,-597629.285,-1161578.793,2017/08/30 00:00:00+00,3,2017,8,srážka s jedoucím nekolejovým vozidlem,proti příkazu dopravní značky DEJ PŘEDNOST,Ne,řidičem motorového vozidla,nehoda s následky na životě nebo zdraví,"povrch suchý, neznečistěný",neztížené,"ve dne, viditelnost nezhoršená vlivem povětrnostních podmínek",dobré,žádné nebo žádné z uvedených,uzel (křižovatka sledovaná ve vybraných městech),jízdní kolo,dobrý -žádné nepříznivé okolnosti nebyly zjiště,1,řidič,"s přilbou (pouze u motocyklistů, příp. cyklistů)",muž,lehké zranění,0,0,1,110,940,9,srpen,středa,24-32,Brno-střed,16.61649566,49.18826853,{D9B91A9D-5BB0-4236-8C98-46F52CCCCB36}
16.650960528,49.186700149,789,1,790,60206171830,-595150.276,-1162021.29,2017/08/30 00:00:00+00,3,2017,8,havárie,nezaviněná řidičem,Nezjišťován,závadou komunikace,nehoda s následky na životě nebo zdraví,"povrch suchý, neznečistěný",neztížené,"ve dne, viditelnost nezhoršená vlivem povětrnostních podmínek",dobré,žádné nebo žádné z uvedených,komunikace sledovaná (ve vybraných městech),jízdní kolo,dobrý -žádné nepříznivé okolnosti nebyly zjiště,1,řidič,"s přilbou (pouze u motocyklistů, příp. cyklistů)",muž,lehké zranění,0,0,1,0,950,9,srpen,středa,33-44,Brno-Černovice,16.65096052,49.18670015,{CD2F9F55-18DB-44F0-9559-6047644F98B4}
16.576490237,49.2134581820001,790,1,791,60206171832,-600226.146,-1158480.19,2017/08/30 00:00:00+00,3,2017,8,jiný druh nehody,řidič se plně nevěnoval řízení vozidla,Ne,řidičem motorového vozidla,nehoda s následky na životě nebo zdraví,"povrch suchý, neznečistěný",neztížené,"ve dne, viditelnost nezhoršená vlivem povětrnostních podmínek",dobré,parkoviště přiléhající ke komunikaci,komunikace sledovaná (ve vybraných městech),jízdní kolo,dobrý -žádné nepříznivé okolnosti nebyly zjiště,1,řidič,"s přilbou (pouze u motocyklistů, příp. cyklistů)",muž,lehké zranění,0,0,1,250,1835,18,srpen,středa,33-44,Brno-Žabovřesky,16.57649023,49.21345818,{4949C801-8FEA-499B-A8C4-2311C459B247}
16.643499449,49.22096693,791,1,792,60206171878,-595283.318,-1158174.421,2017/09/07 00:00:00+00,4,2017,9,srážka s chodcem,nezaviněná řidičem,Ne,chodcem,nehoda s následky na životě nebo zdraví,"povrch suchý, neznečistěný",neztížené,"ve dne, viditelnost nezhoršená vlivem povětrnostních podmínek",dobré,žádné nebo žádné z uvedených,komunikace sledovaná (ve vybraných městech),jízdní kolo,dobrý -žádné nepříznivé okolnosti nebyly zjiště,4,řidič,"s přilbou (pouze u motocyklistů, příp. cyklistů)",žena,těžké zranění,0,1,0,25,1230,12,září,čtvrtek,24-32,Brno-Maloměřice a Obřany,16.64349944,49.22096693,{8C893211-90DB-4456-A8F6-FC39A4623C42}
16.643499449,49.22096693,792,1,793,60206171878,-595283.318,-1158174.421,2017/09/07 00:00:00+00,4,2017,9,srážka s chodcem,nezaviněná řidičem,Ne,chodcem,nehoda s následky na životě nebo zdraví,"povrch suchý, neznečistěný",neztížené,"ve dne, viditelnost nezhoršená vlivem povětrnostních podmínek",dobré,žádné nebo žádné z uvedených,komunikace sledovaná (ve vybraných městech),jízdní kolo,dobrý -žádné nepříznivé okolnosti nebyly zjiště,4,ostatní spolucestující (i v postranním vozíku motocyklu),"s přilbou (pouze u motocyklistů, příp. cyklistů)",dívka (do 15 let),bez zraněn,0,1,0,25,1230,12,září,čtvrtek,0-6,Brno-Maloměřice a Obřany,16.64349944,49.22096693,{B203611E-6DF1-48A5-A722-8AB0AB60523B}
16.6036049090001,49.2089373310001,793,1,794,60206171879,-598316.33,-1159192.738,2017/09/07 00:00:00+00,4,2017,9,jiný druh nehody,řidič se plně nevěnoval řízení vozidla,Ne,řidičem motorového vozidla,nehoda s následky na životě nebo zdraví,"povrch suchý, neznečistěný",neztížené,"ve dne, viditelnost nezhoršená vlivem povětrnostních podmínek",dobré,žádné nebo žádné z uvedených,komunikace sledovaná (ve vybraných městech),jízdní kolo,dobrý -žádné nepříznivé okolnosti nebyly zjiště,1,řidič,"bez přilby (pouze u motocyklistů, příp. cyklistů)",muž,lehké zranění,0,0,1,110,1505,15,září,čtvrtek,24-32,Brno-střed,16.6036049,49.20893733,{C1630327-6A46-4C43-AC65-E7242079BD67}
16.584929706,49.222425382,794,1,795,60206171880,-599507.444,-1157555.098,2017/09/07 00:00:00+00,4,2017,9,srážka s jedoucím nekolejovým vozidlem,při odbočování vlevo,Ne,řidičem motorového vozidla,nehoda s následky na životě nebo zdraví,"povrch suchý, neznečistěný",neztížené,"ve dne, viditelnost nezhoršená vlivem povětrnostních podmínek",dobré,žádné nebo žádné z uvedených,komunikace sledovaná (ve vybraných městech),jízdní kolo,dobrý -žádné nepříznivé okolnosti nebyly zjiště,1,řidič,"s přilbou (pouze u motocyklistů, příp. cyklistů)",muž,lehké zranění,0,0,1,150,1730,17,září,čtvrtek,24-32,Brno-Královo Pole,16.5849297,49.22242538,{ACCBE452-1F26-436C-90E6-384D9952825D}
16.610821625,49.204255946,795,1,796,60206171907,-597849.496,-1159766.817,2017/09/12 00:00:00+00,2,2017,9,srážka s jedoucím nekolejovým vozidlem,proti příkazu dopravní značky DEJ PŘEDNOST,Ne,řidičem motorového vozidla,nehoda s následky na životě nebo zdraví,povrch mokrý,"na počátku deště, slabý déšť, mrholení apod.","ve dne, zhoršená viditelnost (svítání, soumrak)",dobré,v blízkosti přechodu pro chodce (do vzdálenosti 20 m),uzel (křižovatka sledovaná ve vybraných městech),jízdní kolo,dobrý -žádné nepříznivé okolnosti nebyly zjiště,1,řidič,"bez přilby (pouze u motocyklistů, příp. cyklistů)",muž,těžké zranění,0,1,0,40,555,5,září,úterý,45-60,Brno-střed,16.61082162,49.20425594,{DA564879-9792-4054-A5BC-9E65129240A5}
16.655150129,49.1963128880001,796,1,797,60206171936,-594732.437,-1160991.075,2017/09/15 00:00:00+00,5,2017,9,srážka s jedoucím nekolejovým vozidlem,při odbočování vlevo,Ne,řidičem motorového vozidla,nehoda s následky na životě nebo zdraví,"povrch suchý, neznečistěný",neztížené,"ve dne, viditelnost nezhoršená vlivem povětrnostních podmínek",dobré,žádné nebo žádné z uvedených,komunikace sledovaná (ve vybraných městech),jízdní kolo,dobrý -žádné nepříznivé okolnosti nebyly zjiště,1,řidič,"s přilbou (pouze u motocyklistů, příp. cyklistů)",muž,lehké zranění,0,0,1,20,1200,12,září,pátek,33-44,Brno-Židenice,16.65515012,49.19631288,{70D7BCD2-2FC0-44B5-9BBC-EC8776AC5A71}
16.587366392,49.23516986,797,1,798,60206172099,-599178.319,-1156165.233,2017/10/09 00:00:00+00,1,2017,10,srážka s jedoucím nekolejovým vozidlem,proti příkazu dopravní značky DEJ PŘEDNOST,Ne,řidičem motorového vozidla,nehoda pouze s hmotnou škodou,"povrch suchý, neznečistěný",neztížené,"ve dne, viditelnost nezhoršená vlivem povětrnostních podmínek",dobré,v blízkosti přechodu pro chodce (do vzdálenosti 20 m),uzel (křižovatka sledovaná ve vybraných městech),jízdní kolo,dobrý -žádné nepříznivé okolnosti nebyly zjiště,1,řidič,"s přilbou (pouze u motocyklistů, příp. cyklistů)",muž,bez zraněn,0,0,0,110,815,8,říjen,pondělí,33-44,Brno-Řečkovice a Mokrá Hora,16.58736638,49.23516986,{A1705416-A8F6-42E6-AD0C-B15A7012F4FA}
16.6151425,49.199317503,798,1,799,60206172120,-597595.434,-1160346.625,2017/10/02 00:00:00+00,1,2017,10,srážka s jedoucím nekolejovým vozidlem,při vjíždění na silnici,Ne,řidičem motorového vozidla,nehoda s následky na životě nebo zdraví,povrch mokrý,déšť,"ve dne, viditelnost nezhoršená vlivem povětrnostních podmínek",dobré,přechod pro chodce,komunikace sledovaná (ve vybraných městech),jízdní kolo,dobrý -žádné nepříznivé okolnosti nebyly zjiště,1,řidič,"s přilbou (pouze u motocyklistů, příp. cyklistů)",žena,lehké zranění,0,0,1,40,1720,17,říjen,pondělí,24-32,Brno-střed,16.61514249,49.1993175,{3F71410A-352C-4F2C-A18D-38FC38B53E28}
16.6163791770001,49.1965764460001,799,1,800,60206172132,-597538.555,-1160659.353,2017/10/11 00:00:00+00,3,2017,10,srážka s jedoucím nekolejovým vozidlem,při odbočování vlevo,Ne,řidičem motorového vozidla,nehoda s následky na životě nebo zdraví,"povrch suchý, neznečistěný",neztížené,"ve dne, viditelnost nezhoršená vlivem povětrnostních podmínek",dobré,žádné nebo žádné z uvedených,komunikace sledovaná (ve vybraných městech),jízdní kolo,dobrý -žádné nepříznivé okolnosti nebyly zjiště,1,řidič,"bez přilby (pouze u motocyklistů, příp. cyklistů)",muž,lehké zranění,0,0,1,120,1450,14,říjen,středa,45-60,Brno-střed,16.61637917,49.19657644,{0DAEBE0C-AC4C-4FC6-AFAE-8F62E7AD7112}
16.642455162,49.1976438840001,800,1,801,60206172153,-595636.468,-1160744.996,2017/10/13 00:00:00+00,5,2017,10,srážka s jedoucím nekolejovým vozidlem,při vjíždění na silnici,Ne,řidičem nemotorového vozidla,nehoda s následky na životě nebo zdraví,"povrch suchý, neznečistěný",neztížené,"ve dne, viditelnost nezhoršená vlivem povětrnostních podmínek",dobré,žádné nebo žádné z uvedených,komunikace místní,jízdní kolo,dobrý -žádné nepříznivé okolnosti nebyly zjiště,1,řidič,"bez přilby (pouze u motocyklistů, příp. cyklistů)",chlapec (do 15 let),lehké zranění,0,0,1,110,755,7,říjen,pátek,12-15,Brno-Židenice,16.64245515,49.19764388,{E064DC9D-832E-4C09-8DF0-A8D0FE9B8EE3}
16.6368638660001,49.2142075180001,801,1,802,60206172211,-595844.368,-1158870.038,2017/10/18 00:00:00+00,3,2017,10,havárie,řidič se plně nevěnoval řízení vozidla,Ne,řidičem nemotorového vozidla,nehoda s následky na životě nebo zdraví,"povrch suchý, neznečistěný",neztížené,"ve dne, viditelnost nezhoršená vlivem povětrnostních podmínek",dobré,"zastávka tramvaje, autobusu, trolejbusu bez nástup. ostrůvku",komunikace sledovaná (ve vybraných městech),jízdní kolo,dobrý -žádné nepříznivé okolnosti nebyly zjiště,1,řidič,"s přilbou (pouze u motocyklistů, příp. cyklistů)",muž,lehké zranění,0,0,1,50,1638,16,říjen,středa,45-60,Brno-sever,16.63686386,49.21420751,{E989E654-6F4B-4275-83DE-0243B6C95783}
16.593233744,49.1874445490001,802,1,803,60206172254,-599324.86,-1161487.627,2017/10/23 00:00:00+00,1,2017,10,srážka s jedoucím nekolejovým vozidlem,"jízda po nesprávné straně vozovky, vjetí do protisměru",Ne,řidičem nemotorového vozidla,nehoda s následky na životě nebo zdraví,"povrch suchý, neznečistěný",neztížené,"ve dne, viditelnost nezhoršená vlivem povětrnostních podmínek",dobré,žádné nebo žádné z uvedených,komunikace místní,jízdní kolo,dobrý -žádné nepříznivé okolnosti nebyly zjiště,1,řidič,"bez přilby (pouze u motocyklistů, příp. cyklistů)",muž,lehké zranění,0,0,1,160,1658,16,říjen,pondělí,24-32,Brno-střed,16.59323374,49.18744455,{10CED76A-448A-456D-BD5D-603C5C973EB0}
16.5969552490001,49.21187066,803,1,804,60206172256,-598762.905,-1158816.326,2017/10/23 00:00:00+00,1,2017,10,srážka s jedoucím nekolejovým vozidlem,při odbočování vlevo,Ne,řidičem motorového vozidla,nehoda s následky na životě nebo zdraví,povrch mokrý,neztížené,"ve dne, zhoršená viditelnost (svítání, soumrak)",dobré,v blízkosti přechodu pro chodce (do vzdálenosti 20 m),uzel (křižovatka sledovaná ve vybraných městech),jízdní kolo,dobrý -žádné nepříznivé okolnosti nebyly zjiště,1,řidič,"bez přilby (pouze u motocyklistů, příp. cyklistů)",muž,lehké zranění,0,0,1,130,1810,18,říjen,pondělí,24-32,Brno-Královo Pole,16.59695524,49.21187066,{4F061760-E11B-4E0F-9E15-E0E92455043A}
16.591404034,49.172838116,804,1,805,60206172297,-599632.343,-1163088.105,2017/10/28 00:00:00+00,6,2017,10,srážka s jedoucím nekolejovým vozidlem,proti příkazu dopravní značky DEJ PŘEDNOST,Ne,řidičem motorového vozidla,nehoda s následky na životě nebo zdraví,"povrch suchý, neznečistěný",neztížené,"ve dne, viditelnost nezhoršená vlivem povětrnostních podmínek",dobré,přechod pro chodce,komunikace sledovaná (ve vybraných městech),jízdní kolo,dobrý -žádné nepříznivé okolnosti nebyly zjiště,1,řidič,"s přilbou (pouze u motocyklistů, příp. cyklistů)",muž,lehké zranění,0,0,1,50,1045,10,říjen,sobota,24-32,Brno-střed,16.59140403,49.17283811,{B9E7524F-597B-4F5B-A29B-BFF8A4352F0C}
16.60460721,49.1964167180001,805,1,806,60206172336,-598393.402,-1160584.855,2017/11/02 00:00:00+00,4,2017,11,"srážka s vozidlem zaparkovaným, odstaveným",jiný druh nepřiměřené rychlosti,"Ano, obsah alkoholu v krvi od 1,0‰ do 1,5‰",řidičem nemotorového vozidla,nehoda s následky na životě nebo zdraví,"povrch suchý, neznečistěný",neztížené,"v noci - s veřejným osvětlením, viditelnost nezhoršená vlivem povětrnostních podmínek",dobré,parkoviště přiléhající ke komunikaci,komunikace místní,jízdní kolo,pod vlivem alkoholu obsah alkoholu v krvi 1 ‰ a víc,1,řidič,"bez přilby (pouze u motocyklistů, příp. cyklistů)",žena,lehké zranění,0,0,1,100,230,2,listopad,čtvrtek,19-24,Brno-střed,16.6046072,49.19641671,{BB8C9301-93BE-46D5-B6F9-F1A17909D405}
16.5552022310001,49.212204629,806,1,807,60206172347,-601783.02,-1158451.264,2017/11/03 00:00:00+00,5,2017,11,havárie,nezvládnutí řízení vozidla,Ne,řidičem nemotorového vozidla,nehoda s následky na životě nebo zdraví,"povrch suchý, neznečistěný",neztížené,"ve dne, zhoršená viditelnost (svítání, soumrak)",dobré,žádné nebo žádné z uvedených,komunikace místní,jízdní kolo,dobrý -žádné nepříznivé okolnosti nebyly zjiště,1,řidič,"s přilbou (pouze u motocyklistů, příp. cyklistů)",muž,lehké zranění,0,0,1,10,620,6,listopad,pátek,19-24,Brno-Komín,16.55520222,49.21220463,{6CF57FA8-9CDE-4684-A504-4B88232B0381}
16.5798291580001,49.212221049,807,1,808,60206172363,-599999.152,-1158643.195,2017/11/04 00:00:00+00,6,2017,11,havárie,řidič se plně nevěnoval řízení vozidla,Ne,řidičem nemotorového vozidla,nehoda s následky na životě nebo zdraví,"povrch suchý, neznečistěný",neztížené,"ve dne, viditelnost nezhoršená vlivem povětrnostních podmínek",dobré,žádné nebo žádné z uvedených,komunikace sledovaná (ve vybraných městech),jízdní kolo,dobrý -žádné nepříznivé okolnosti nebyly zjiště,1,řidič,"bez přilby (pouze u motocyklistů, příp. cyklistů)",muž,lehké zranění,0,0,1,20,1430,14,listopad,sobota,61-70,Brno-Žabovřesky,16.57982915,49.21222105,{FB28C909-B808-4B69-AB1F-CCC9ED7174BF}
16.6145058180001,49.1899771760001,808,1,809,60206172374,-597753.084,-1161374.314,2017/11/06 00:00:00+00,1,2017,11,srážka s jedoucím nekolejovým vozidlem,řidič se plně nevěnoval řízení vozidla,Ne,řidičem motorového vozidla,nehoda s následky na životě nebo zdraví,"povrch suchý, neznečistěný",neztížené,"ve dne, viditelnost nezhoršená vlivem povětrnostních podmínek",dobré,žádné nebo žádné z uvedených,komunikace sledovaná (ve vybraných městech),jízdní kolo,dobrý -žádné nepříznivé okolnosti nebyly zjiště,1,řidič,"bez přilby (pouze u motocyklistů, příp. cyklistů)",muž,lehké zranění,0,0,1,120,945,9,listopad,pondělí,33-44,Brno-střed,16.61450581,49.18997717,{8D9D08CD-594F-439B-A3C2-A9640844A6A3}
16.5949507170001,49.1870504890001,809,1,810,60206172403,-599205.153,-1161544.664,2017/11/10 00:00:00+00,5,2017,11,srážka s jedoucím nekolejovým vozidlem,"jízda na ""červenou"" 3-barevného semaforu","Ano, obsah alkoholu v krvi od 1,0‰ do 1,5‰",řidičem nemotorového vozidla,nehoda s následky na životě nebo zdraví,"povrch suchý, neznečistěný",neztížené,"v noci - s veřejným osvětlením, viditelnost nezhoršená vlivem povětrnostních podmínek",dobré,žádné nebo žádné z uvedených,uzel (křižovatka sledovaná ve vybraných městech),jízdní kolo,pod vlivem alkoholu obsah alkoholu v krvi 1 ‰ a víc,1,řidič,"s přilbou (pouze u motocyklistů, příp. cyklistů)",muž,lehké zranění,0,0,1,320,20,2,listopad,pátek,33-44,Brno-střed,16.59495071,49.18705049,{258787FA-7E9B-4CB8-91BB-E6B5104124FB}
16.5283896780001,49.218834563,810,1,811,60206172412,-603644.924,-1157506.742,2017/11/11 00:00:00+00,6,2017,11,srážka s chodcem,řidič se plně nevěnoval řízení vozidla,Ne,řidičem nemotorového vozidla,nehoda s následky na životě nebo zdraví,"povrch suchý, neznečistěný",neztížené,"ve dne, viditelnost nezhoršená vlivem povětrnostních podmínek",dobré,žádné nebo žádné z uvedených,komunikace místní,jízdní kolo,dobrý -žádné nepříznivé okolnosti nebyly zjiště,1,řidič,"s přilbou (pouze u motocyklistů, příp. cyklistů)",muž,bez zraněn,0,0,1,0,1015,10,listopad,sobota,33-44,Brno-Bystrc,16.52838967,49.21883456,{DED5718D-34FE-43C4-940A-EF27152E121C}
16.5758557500001,49.1684429860001,811,1,812,60206172413,-600812.115,-1163451.825,2017/11/11 00:00:00+00,6,2017,11,havárie,"nepřizpůsobení rychlosti dopravně technickému stavu vozovky (zatáčka, klesání, stoupání, šířka vozovky apod.)","Ano, obsah alkoholu v krvi od 0,5‰ do 0,8‰",řidičem nemotorového vozidla,nehoda s následky na životě nebo zdraví,"povrch suchý, neznečistěný",neztížené,"ve dne, viditelnost nezhoršená vlivem povětrnostních podmínek",dobré,žádné nebo žádné z uvedených,uzel (křižovatka sledovaná ve vybraných městech),jízdní kolo,"pod vlivem alkoholu, obsah alkoholu v krvi do 0,99 ‰",1,řidič,"bez přilby (pouze u motocyklistů, příp. cyklistů)",muž,lehké zranění,0,0,1,10,1110,11,listopad,sobota,61-70,Brno-Bohunice,16.57585574,49.16844298,{B14F2D9A-D50E-4301-8EA5-1EF3E3838B0D}
16.5781970620001,49.210315995,812,1,813,60206172419,-600140.21,-1158840.986,2017/11/12 00:00:00+00,7,2017,11,srážka s jedoucím nekolejovým vozidlem,při vjíždění na silnici,Ne,řidičem nemotorového vozidla,nehoda s následky na životě nebo zdraví,povrch mokrý,neztížené,"ve dne, viditelnost nezhoršená vlivem povětrnostních podmínek",výhled zakryt stojícím vozidlem,"výjezd z parkoviště, lesní cesty apod. (pol.36=7,8)",komunikace místní,jízdní kolo,dobrý -žádné nepříznivé okolnosti nebyly zjiště,1,řidič,"bez přilby (pouze u motocyklistů, příp. cyklistů)",muž,usmrcení,1,0,0,930,1355,13,listopad,neděle,24-32,Brno-Žabovřesky,16.57819705,49.21031599,{F6CDAD21-9AA3-4E06-BCCD-EBCC5A34E59F}
16.610599974,49.2106492450001,813,1,814,60206172429,-597789.182,-1159058.239,2017/11/14 00:00:00+00,2,2017,11,havárie,při odbočování vlevo,Ne,řidičem motorového vozidla,nehoda s následky na životě nebo zdraví,"povrch suchý, neznečistěný",neztížené,"ve dne, viditelnost nezhoršená vlivem povětrnostních podmínek",dobré,přechod pro chodce,komunikace sledovaná (ve vybraných městech),jízdní kolo,dobrý -žádné nepříznivé okolnosti nebyly zjiště,1,řidič,"s přilbou (pouze u motocyklistů, příp. cyklistů)",muž,lehké zranění,0,0,1,100,713,7,listopad,úterý,45-60,Brno-Královo Pole,16.61059996,49.21064924,{6122994C-5C7D-455A-B33B-2F8CD8975F65}
16.594889133,49.1868723360001,814,1,815,60206172487,-599211.748,-1161563.877,2017/11/01 00:00:00+00,3,2017,11,srážka s jedoucím nekolejovým vozidlem,řidič se plně nevěnoval řízení vozidla,Nezjišťován,řidičem motorového vozidla,nehoda pouze s hmotnou škodou,povrch mokrý,neztížené,"ve dne, viditelnost nezhoršená vlivem povětrnostních podmínek",dobré,žádné nebo žádné z uvedených,uzel (křižovatka sledovaná ve vybraných městech),jízdní kolo,dobrý -žádné nepříznivé okolnosti nebyly zjiště,1,řidič,"s přilbou (pouze u motocyklistů, příp. cyklistů)",muž,bez zraněn,0,0,0,10,855,8,listopad,středa,45-60,Brno-střed,16.59488912,49.18687233,{CD5BC03D-4B7D-422F-8AB5-B76443F2566C}
16.594193466,49.200491163,815,1,816,60206172519,-599099.151,-1160052.76,2017/11/24 00:00:00+00,5,2017,11,havárie,řidič se plně nevěnoval řízení vozidla,Ne,řidičem nemotorového vozidla,nehoda s následky na životě nebo zdraví,"povrch suchý, neznečistěný",neztížené,"v noci - s veřejným osvětlením, viditelnost nezhoršená vlivem povětrnostních podmínek",dobré,žádné nebo žádné z uvedených,komunikace místní,jízdní kolo,pod vlivem alkoholu obsah alkoholu v krvi 1 ‰ a víc,0,řidič,"bez přilby (pouze u motocyklistů, příp. cyklistů)",muž,lehké zranění,0,0,1,0,1925,19,listopad,pátek,19-24,Brno-střed,16.59419346,49.20049116,{EE99862A-126D-43DB-9B0E-DD11A5F27E33}
16.62383677,49.207535793,816,1,817,60206172631,-596867.505,-1159505.979,2017/12/08 00:00:00+00,5,2017,12,srážka s chodcem,nezaviněná řidičem,Ne,chodcem,nehoda s následky na životě nebo zdraví,povrch mokrý,neztížené,"ve dne, zhoršená viditelnost (svítání, soumrak)",dobré,žádné nebo žádné z uvedených,komunikace sledovaná (ve vybraných městech),jízdní kolo,,,,,,,0,0,1,0,700,7,prosinec,pátek,,Brno-sever,16.62383676,49.20753579,{51E53B36-5C57-47D3-A120-FD4974F11FAC}
16.640626023,49.1951008010001,817,1,818,60206172646,-595799.268,-1161011.906,2017/12/10 00:00:00+00,7,2017,12,srážka s jedoucím nekolejovým vozidlem,při vjíždění na silnici,Ne,řidičem nemotorového vozidla,nehoda s následky na životě nebo zdraví,"povrch suchý, neznečistěný",neztížené,"ve dne, viditelnost nezhoršená vlivem povětrnostních podmínek",dobré,žádné nebo žádné z uvedených,komunikace místní,jízdní kolo,dobrý -žádné nepříznivé okolnosti nebyly zjiště,1,řidič,"bez přilby (pouze u motocyklistů, příp. cyklistů)",muž,lehké zranění,0,0,1,210,1500,15,prosinec,neděle,33-44,Brno-Židenice,16.64062601,49.1951008,{958AF65B-B7F5-4A14-AB6C-38B3E7B63121}
16.6369128850001,49.13788085,818,0,819,60206172653,-596749.637,-1167309.373,2017/12/11 00:00:00+00,1,2017,12,havárie,"nepřizpůsobení rychlosti stavu vozovky (náledí, výtluky, bláto, mokrý povrch apod.)",Ne,řidičem nemotorového vozidla,nehoda s následky na životě nebo zdraví,povrch mokrý,neztížené,"ve dne, viditelnost nezhoršená vlivem povětrnostních podmínek",dobré,parkoviště přiléhající ke komunikaci,komunikace místní,jízdní kolo,dobrý -žádné nepříznivé okolnosti nebyly zjiště,1,řidič,"s přilbou (pouze u motocyklistů, příp. cyklistů)",muž,lehké zranění,0,0,1,10,1420,14,prosinec,pondělí,33-44,,16.63691288,49.13788085,{6E638DB1-88B5-4184-BB01-1E3C1525F053}