X,Y,objectid,join_count,target_fid,id,d,e,datum,den,rok,mesic,srazka,pricina,alkohol,zavineni,nasledky,stav_vozovky,povetrnostni_podm,viditelnost,rozhled,misto_nehody,druh_komun,druh_vozidla,stav_ridic,ovlivneni_ridice,osoba,ozn_osoba,pohlavi,nasledek,usmrceno_os,tezce_zran_os,lehce_zran_os,hmotna_skoda,cas,hodina,mesic_t,den_v_tydnu,vek_skupina,nazev,point_x,point_y,globalid
16.5550698700001,49.1694965350001,819,1,820,60206172716,-602306.243,-1163171.642,2017/12/19 00:00:00+00,2,2017,12,srážka s jedoucím nekolejovým vozidlem,proti příkazu dopravní značky DEJ PŘEDNOST,Ne,řidičem motorového vozidla,nehoda s následky na životě nebo zdraví,povrch mokrý,neztížené,"v noci - s veřejným osvětlením, viditelnost nezhoršená vlivem povětrnostních podmínek",dobré,žádné nebo žádné z uvedených,komunikace sledovaná (ve vybraných městech),jízdní kolo,dobrý -žádné nepříznivé okolnosti nebyly zjiště,1,řidič,"s přilbou (pouze u motocyklistů, příp. cyklistů)",muž,lehké zranění,0,0,1,340,545,5,prosinec,úterý,45-60,Brno-Starý Lískovec,16.55506986,49.16949653,{40622829-A240-4548-AA5E-52B3CE74C125}
16.585795777,49.2420401840001,820,1,821,60206172747,-599209.706,-1155393.351,2017/12/22 00:00:00+00,5,2017,12,jiný druh nehody,jiný druh nesprávného způsobu jízdy,Ne,řidičem motorového vozidla,nehoda s následky na životě nebo zdraví,povrch mokrý,neztížené,"ve dne, viditelnost nezhoršená vlivem povětrnostních podmínek",dobré,parkoviště přiléhající ke komunikaci,komunikace sledovaná (ve vybraných městech),jízdní kolo,dobrý -žádné nepříznivé okolnosti nebyly zjiště,1,řidič,"bez přilby (pouze u motocyklistů, příp. cyklistů)",žena,těžké zranění,0,1,0,10,1025,10,prosinec,pátek,45-60,Brno-Řečkovice a Mokrá Hora,16.58579577,49.24204018,{58A651B8-F6A4-4474-B96F-AC5431F2FC8E}
16.515651771,49.2381266840001,821,1,822,60206180420,-604334.183,-1155273.334,2018/03/10 00:00:00+00,6,2018,3,havárie,"nepřizpůsobení rychlosti dopravně technickému stavu vozovky (zatáčka, klesání, stoupání, šířka vozovky apod.)","Ano, obsah alkoholu v krvi 1,5‰ a více",řidičem nemotorového vozidla,nehoda s následky na životě nebo zdraví,"povrch suchý, neznečistěný",neztížené,"ve dne, viditelnost nezhoršená vlivem povětrnostních podmínek",dobré,žádné nebo žádné z uvedených,komunikace účelová - polní a lesní cesty atd.,jízdní kolo,pod vlivem alkoholu obsah alkoholu v krvi 1 ‰ a víc,1,řidič,"bez přilby (pouze u motocyklistů, příp. cyklistů)",muž,lehké zranění,0,0,1,0,1645,16,březen,sobota,45-60,Brno-Kníničky,16.51565176,49.23812668,{9E42C896-A1DC-4C05-9E09-8C1D5CF8EA6E}
16.5956759750001,49.191576696,822,1,823,60206180428,-599098.429,-1161049.948,2018/03/12 00:00:00+00,1,2018,3,srážka s jedoucím nekolejovým vozidlem,při odbočování vlevo,Ne,řidičem motorového vozidla,nehoda s následky na životě nebo zdraví,povrch mokrý,neztížené,"ve dne, viditelnost nezhoršená vlivem povětrnostních podmínek",dobré,přechod pro chodce,komunikace sledovaná (ve vybraných městech),jízdní kolo,dobrý -žádné nepříznivé okolnosti nebyly zjiště,1,řidič,"s přilbou (pouze u motocyklistů, příp. cyklistů)",muž,těžké zranění,0,1,0,910,740,7,březen,pondělí,19-24,Brno-střed,16.59567597,49.19157669,{457C9777-EF3F-4197-9F9E-C77B333B2892}
16.646142007,49.1951056730001,823,1,824,60206180435,-595399.519,-1161054.377,2018/03/13 00:00:00+00,2,2018,3,srážka s jedoucím nekolejovým vozidlem,při odbočování vlevo,Ne,řidičem motorového vozidla,nehoda s následky na životě nebo zdraví,"povrch suchý, neznečistěný",neztížené,"ve dne, viditelnost nezhoršená vlivem povětrnostních podmínek",dobré,v blízkosti přechodu pro chodce (do vzdálenosti 20 m),uzel (křižovatka sledovaná ve vybraných městech),jízdní kolo,dobrý -žádné nepříznivé okolnosti nebyly zjiště,1,řidič,"bez přilby (pouze u motocyklistů, příp. cyklistů)",muž,lehké zranění,0,0,1,300,1650,16,březen,úterý,33-44,Brno-Židenice,16.646142,49.19510567,{3CEA1C4C-61E8-4B59-ADA2-31BE1BB2C0DD}
16.652481031,49.1958345560001,824,1,825,60206180601,-594931.524,-1161023.178,2018/04/07 00:00:00+00,6,2018,4,havárie,nepřizpůsobení rychlosti vlastnostem vozidla a nákladu,Ne,řidičem nemotorového vozidla,nehoda s následky na životě nebo zdraví,"povrch suchý, neznečistěný",neztížené,"ve dne, viditelnost nezhoršená vlivem povětrnostních podmínek",dobré,žádné nebo žádné z uvedených,komunikace sledovaná (ve vybraných městech),jízdní kolo,dobrý -žádné nepříznivé okolnosti nebyly zjiště,1,řidič,"s přilbou (pouze u motocyklistů, příp. cyklistů)",muž,lehké zranění,0,0,1,70,823,8,duben,sobota,71 a více,Brno-Židenice,16.65248102,49.19583455,{5BC3068C-81BD-47EF-B057-6F06DF6D8093}
16.534378455,49.2259254800001,825,1,826,60206180604,-603125.756,-1156770.17,2018/04/07 00:00:00+00,6,2018,4,srážka s jedoucím nekolejovým vozidlem,řidič se plně nevěnoval řízení vozidla,Ne,řidičem nemotorového vozidla,nehoda s následky na životě nebo zdraví,"povrch suchý, neznečistěný",neztížené,"ve dne, viditelnost nezhoršená vlivem povětrnostních podmínek",dobré,"most, nadjezd, podjezd, tunel",komunikace místní,jízdní kolo,dobrý -žádné nepříznivé okolnosti nebyly zjiště,1,řidič,"s přilbou (pouze u motocyklistů, příp. cyklistů)",žena,bez zraněn,0,0,1,10,1450,14,duben,sobota,12-15,Brno-Bystrc,16.53437845,49.22592548,{CDA0FCFA-6A5C-46DF-8DD3-871C4B51079E}
16.534378455,49.2259254800001,826,1,827,60206180604,-603125.756,-1156770.17,2018/04/07 00:00:00+00,6,2018,4,srážka s jedoucím nekolejovým vozidlem,řidič se plně nevěnoval řízení vozidla,Ne,řidičem nemotorového vozidla,nehoda s následky na životě nebo zdraví,"povrch suchý, neznečistěný",neztížené,"ve dne, viditelnost nezhoršená vlivem povětrnostních podmínek",dobré,"most, nadjezd, podjezd, tunel",komunikace místní,jízdní kolo,"pod vlivem alkoholu, obsah alkoholu v krvi do 0,99 ‰",0,řidič,"s přilbou (pouze u motocyklistů, příp. cyklistů)",muž,lehké zranění,0,0,1,10,1450,14,duben,sobota,45-60,Brno-Bystrc,16.53437845,49.22592548,{D0936FFD-0426-4073-A3D5-4954B3AC84C7}
16.526968459,49.196656569,827,1,828,60206180627,-604015.48,-1159947.214,2018/04/10 00:00:00+00,2,2018,4,srážka s jedoucím nekolejovým vozidlem,nesprávné otáčení nebo couvání,Ne,řidičem motorového vozidla,nehoda s následky na životě nebo zdraví,"povrch suchý, neznečistěný",neztížené,"ve dne, viditelnost nezhoršená vlivem povětrnostních podmínek",dobré,žádné nebo žádné z uvedených,komunikace sledovaná (ve vybraných městech),jízdní kolo,dobrý -žádné nepříznivé okolnosti nebyly zjiště,1,řidič,"s přilbou (pouze u motocyklistů, příp. cyklistů)",muž,lehké zranění,0,0,1,160,1650,16,duben,úterý,33-44,Brno-Žebětín,16.52696845,49.19665657,{DD6D0BD5-914D-470E-A5FE-C08AF128112C}
16.59350805,49.210982663,828,1,829,60206180628,-599023.219,-1158887.472,2018/04/10 00:00:00+00,2,2018,4,srážka s jedoucím nekolejovým vozidlem,proti příkazu dopravní značky DEJ PŘEDNOST,Ne,řidičem motorového vozidla,nehoda s následky na životě nebo zdraví,"povrch suchý, neznečistěný",neztížené,"v noci - s veřejným osvětlením, viditelnost nezhoršená vlivem povětrnostních podmínek",dobré,v blízkosti přechodu pro chodce (do vzdálenosti 20 m),uzel (křižovatka sledovaná ve vybraných městech),jízdní kolo,dobrý -žádné nepříznivé okolnosti nebyly zjiště,1,řidič,"s přilbou (pouze u motocyklistů, příp. cyklistů)",muž,lehké zranění,0,0,1,15,2200,22,duben,úterý,24-32,Brno-střed,16.59350804,49.21098266,{38F38E1E-AFB2-4799-B6AF-C5A07F4EDD3B}
16.6233675030001,49.1665177630001,829,1,830,60206180663,-597390.713,-1164037.334,2018/04/15 00:00:00+00,7,2018,4,srážka s jedoucím nekolejovým vozidlem,vyhýbání bez dostatečného bočního odstupu (vůle),Ne,řidičem nemotorového vozidla,nehoda s následky na životě nebo zdraví,"povrch suchý, neznečistěný",neztížené,"ve dne, viditelnost nezhoršená vlivem povětrnostních podmínek",dobré,v blízkosti přechodu pro chodce (do vzdálenosti 20 m),komunikace účelová - polní a lesní cesty atd.,jízdní kolo,dobrý -žádné nepříznivé okolnosti nebyly zjiště,1,řidič,"s přilbou (pouze u motocyklistů, příp. cyklistů)",muž,těžké zranění,0,1,0,20,1550,15,duben,neděle,33-44,Brno-jih,16.62336749,49.16651776,{46FB927A-12C1-4D68-8487-21DC174982ED}
16.6233675030001,49.1665177630001,830,1,831,60206180663,-597390.713,-1164037.334,2018/04/15 00:00:00+00,7,2018,4,srážka s jedoucím nekolejovým vozidlem,vyhýbání bez dostatečného bočního odstupu (vůle),Ne,řidičem nemotorového vozidla,nehoda s následky na životě nebo zdraví,"povrch suchý, neznečistěný",neztížené,"ve dne, viditelnost nezhoršená vlivem povětrnostních podmínek",dobré,v blízkosti přechodu pro chodce (do vzdálenosti 20 m),komunikace účelová - polní a lesní cesty atd.,jízdní kolo,dobrý -žádné nepříznivé okolnosti nebyly zjiště,1,řidič,"s přilbou (pouze u motocyklistů, příp. cyklistů)",žena,bez zraněn,0,1,0,20,1550,15,duben,neděle,33-44,Brno-jih,16.62336749,49.16651776,{3CAD9A05-6D0D-4139-A79B-30826585954C}
16.5571017090001,49.1665203310001,831,1,832,60206180664,-602194.742,-1163516.685,2018/04/15 00:00:00+00,7,2018,4,srážka s jedoucím nekolejovým vozidlem,při vjíždění na silnici,Ne,řidičem nemotorového vozidla,nehoda s následky na životě nebo zdraví,"povrch suchý, neznečistěný",neztížené,"ve dne, viditelnost nezhoršená vlivem povětrnostních podmínek",dobré,přechod pro chodce,komunikace místní,jízdní kolo,dobrý -žádné nepříznivé okolnosti nebyly zjiště,1,řidič,"bez přilby (pouze u motocyklistů, příp. cyklistů)",chlapec (do 15 let),lehké zranění,0,0,1,120,1820,18,duben,neděle,12-15,Brno-Starý Lískovec,16.5571017,49.16652033,{7769AEA2-D779-4694-BDD9-AD5D0CF89D3C}
16.5857355810001,49.220249261,832,1,833,60206180678,-599475.161,-1157802.007,2018/04/17 00:00:00+00,2,2018,4,srážka s jedoucím nekolejovým vozidlem,při odbočování vlevo,Ne,řidičem motorového vozidla,nehoda s následky na životě nebo zdraví,"povrch suchý, neznečistěný",neztížené,"v noci - s veřejným osvětlením, viditelnost nezhoršená vlivem povětrnostních podmínek",dobré,v blízkosti přechodu pro chodce (do vzdálenosti 20 m),komunikace sledovaná (ve vybraných městech),jízdní kolo,dobrý -žádné nepříznivé okolnosti nebyly zjiště,1,řidič,"bez přilby (pouze u motocyklistů, příp. cyklistů)",muž,lehké zranění,0,0,1,100,650,6,duben,úterý,19-24,Brno-Královo Pole,16.58573557,49.22024926,{558037D1-AEDF-4F4D-B08D-491FA75796A8}
16.611515878,49.1907952870001,833,1,834,60206180705,-597959.978,-1161260.461,2018/04/19 00:00:00+00,4,2018,4,srážka s jedoucím nekolejovým vozidlem,řidič se plně nevěnoval řízení vozidla,Ne,řidičem nemotorového vozidla,nehoda s následky na životě nebo zdraví,"povrch suchý, neznečistěný",neztížené,"ve dne, viditelnost nezhoršená vlivem povětrnostních podmínek",dobré,přechod pro chodce,komunikace sledovaná (ve vybraných městech),jízdní kolo,dobrý -žádné nepříznivé okolnosti nebyly zjiště,1,řidič,"s přilbou (pouze u motocyklistů, příp. cyklistů)",muž,lehké zranění,0,0,1,280,1530,15,duben,čtvrtek,45-60,Brno-střed,16.61151587,49.19079528,{149E01AE-029E-4DEE-9E18-79CCBDB05329}
16.5966548550001,49.2258262490001,834,1,835,60206180712,-598617.671,-1157271.069,2018/04/20 00:00:00+00,5,2018,4,srážka s chodcem,chodci na vyznačeném přechodu,Ne,řidičem nemotorového vozidla,nehoda s následky na životě nebo zdraví,"povrch suchý, neznečistěný",neztížené,"ve dne, viditelnost nezhoršená vlivem povětrnostních podmínek",dobré,přechod pro chodce,uzel (křižovatka sledovaná ve vybraných městech),jízdní kolo,dobrý -žádné nepříznivé okolnosti nebyly zjiště,1,řidič,"s přilbou (pouze u motocyklistů, příp. cyklistů)",muž,bez zraněn,0,0,1,0,1525,15,duben,pátek,61-70,Brno-Královo Pole,16.59665485,49.22582625,{054423A6-1313-4A72-917C-04A1DA145C9A}
16.6078640760001,49.196211813,835,1,836,60206180713,-598159.875,-1160633.019,2018/04/20 00:00:00+00,5,2018,4,havárie,řidič se plně nevěnoval řízení vozidla,Ne,řidičem nemotorového vozidla,nehoda s následky na životě nebo zdraví,"povrch suchý, neznečistěný",neztížené,"ve dne, viditelnost nezhoršená vlivem povětrnostních podmínek",dobré,žádné nebo žádné z uvedených,komunikace sledovaná (ve vybraných městech),jízdní kolo,dobrý -žádné nepříznivé okolnosti nebyly zjiště,1,řidič,"bez přilby (pouze u motocyklistů, příp. cyklistů)",žena,lehké zranění,0,0,1,10,1720,17,duben,pátek,24-32,Brno-střed,16.60786407,49.19621181,{89179B50-A994-4E2A-89A5-CDA7A0A92D54}
16.596788926,49.220514162,836,1,837,60206180744,-598671.526,-1157859.414,2018/04/24 00:00:00+00,2,2018,4,srážka s jedoucím nekolejovým vozidlem,proti příkazu dopravní značky STŮJ DEJ PŘEDNOST,Nezjišťován,řidičem motorového vozidla,nehoda pouze s hmotnou škodou,"povrch suchý, neznečistěný",neztížené,"ve dne, viditelnost nezhoršená vlivem povětrnostních podmínek",dobré,v blízkosti přechodu pro chodce (do vzdálenosti 20 m),uzel (křižovatka sledovaná ve vybraných městech),jízdní kolo,dobrý -žádné nepříznivé okolnosti nebyly zjiště,1,řidič,"s přilbou (pouze u motocyklistů, příp. cyklistů)",muž,bez zraněn,0,0,0,1,1844,18,duben,úterý,33-44,Brno-Královo Pole,16.59678892,49.22051416,{FD9CB5FD-C7AD-4C78-89F3-5981810FA0BA}
16.630018239,49.1984222180001,837,1,838,60206180746,-596528.323,-1160561.887,2018/04/24 00:00:00+00,2,2018,4,havárie,"nepřizpůsobení rychlosti dopravně technickému stavu vozovky (zatáčka, klesání, stoupání, šířka vozovky apod.)","Ano, obsah alkoholu v krvi 1,5‰ a více",řidičem nemotorového vozidla,nehoda s následky na životě nebo zdraví,"povrch suchý, neznečistěný",neztížené,"v noci - s veřejným osvětlením, viditelnost nezhoršená vlivem povětrnostních podmínek",dobré,"most, nadjezd, podjezd, tunel",komunikace místní,jízdní kolo,pod vlivem alkoholu obsah alkoholu v krvi 1 ‰ a víc,1,řidič,"s přilbou (pouze u motocyklistů, příp. cyklistů)",muž,těžké zranění,0,1,0,0,2300,23,duben,úterý,33-44,Brno-Židenice,16.63001823,49.19842221,{809E5AD8-803F-4C85-9657-D1CDAA8A124E}
16.5945831970001,49.1956719240001,838,1,839,60206180747,-599128.597,-1160588.619,2018/04/25 00:00:00+00,3,2018,4,srážka s jedoucím nekolejovým vozidlem,proti příkazu dopravní značky DEJ PŘEDNOST,Ne,řidičem motorového vozidla,nehoda s následky na životě nebo zdraví,"povrch suchý, neznečistěný",neztížené,"ve dne, viditelnost nezhoršená vlivem povětrnostních podmínek",dobré,parkoviště přiléhající ke komunikaci,komunikace sledovaná (ve vybraných městech),jízdní kolo,dobrý -žádné nepříznivé okolnosti nebyly zjiště,1,řidič,"s přilbou (pouze u motocyklistů, příp. cyklistů)",muž,lehké zranění,0,0,1,500,635,6,duben,středa,33-44,Brno-střed,16.59458319,49.19567192,{34D045F2-FADB-4EA4-BD72-D0C2CC785711}
16.6369163850001,49.201286184,839,1,840,60206180764,-595994.419,-1160299.084,2018/04/26 00:00:00+00,4,2018,4,havárie,řidič se plně nevěnoval řízení vozidla,Ne,řidičem nemotorového vozidla,nehoda s následky na životě nebo zdraví,"povrch suchý, neznečistěný",neztížené,"ve dne, viditelnost nezhoršená vlivem povětrnostních podmínek",dobré,žádné nebo žádné z uvedených,komunikace sledovaná (ve vybraných městech),jízdní kolo,dobrý -žádné nepříznivé okolnosti nebyly zjiště,1,řidič,"bez přilby (pouze u motocyklistů, příp. cyklistů)",muž,těžké zranění,0,1,0,50,1945,19,duben,čtvrtek,19-24,Brno-Židenice,16.63691638,49.20128618,{A22294C4-02DA-46E0-B071-ABDA38D97914}
16.571204886,49.2069270100001,840,1,841,60206180774,-600687.34,-1159160.688,2018/04/27 00:00:00+00,5,2018,4,srážka s jedoucím nekolejovým vozidlem,vozidlu přijíždějícímu zprava,Ne,řidičem motorového vozidla,nehoda s následky na životě nebo zdraví,"povrch suchý, neznečistěný",neztížené,"ve dne, viditelnost nezhoršená vlivem povětrnostních podmínek",dobré,žádné nebo žádné z uvedených,komunikace místní,jízdní kolo,dobrý -žádné nepříznivé okolnosti nebyly zjiště,1,řidič,"s přilbou (pouze u motocyklistů, příp. cyklistů)",dívka (do 15 let),těžké zranění,0,1,0,450,1819,18,duben,pátek,7-11,Brno-Žabovřesky,16.57120488,49.20692701,{CDD82C1E-9759-4689-A621-F6028AC123BD}
16.6435044130001,49.2204129020001,841,1,842,60206180779,-595289.55,-1158235.716,2018/04/28 00:00:00+00,6,2018,4,havárie,jiný druh nepřiměřené rychlosti,"Ano, obsah alkoholu v krvi od 1,0‰ do 1,5‰",řidičem nemotorového vozidla,nehoda s následky na životě nebo zdraví,"povrch suchý, neznečistěný",neztížené,"ve dne, viditelnost nezhoršená vlivem povětrnostních podmínek",dobré,přechod pro chodce,komunikace sledovaná (ve vybraných městech),jízdní kolo,pod vlivem alkoholu obsah alkoholu v krvi 1 ‰ a víc,1,řidič,"bez přilby (pouze u motocyklistů, příp. cyklistů)",žena,těžké zranění,0,1,0,10,1640,16,duben,sobota,45-60,Brno-Maloměřice a Obřany,16.6435044,49.2204129,{1126CA7F-A984-44C7-AC1B-DC1FB27790AF}
16.7133264870001,49.2437192300001,842,1,843,60206180798,-589957.632,-1156200.384,2018/05/01 00:00:00+00,2,2018,5,srážka s jedoucím nekolejovým vozidlem,nepřizpůsobení rychlosti vlastnostem vozidla a nákladu,Nezjišťován,řidičem nemotorového vozidla,nehoda s následky na životě nebo zdraví,"povrch suchý, neznečistěný",neztížené,"ve dne, viditelnost nezhoršená vlivem povětrnostních podmínek",dobré,žádné nebo žádné z uvedených,komunikace účelová - polní a lesní cesty atd.,jízdní kolo,dobrý -žádné nepříznivé okolnosti nebyly zjiště,1,řidič,"s přilbou (pouze u motocyklistů, příp. cyklistů)",muž,těžké zranění,0,1,0,30,1120,11,květen,úterý,61-70,Brno-Líšeň,16.71332648,49.24371923,{53E8DE89-4B8D-403D-BBC9-524A0E244570}
16.53537277,49.22098249,843,1,844,60206180800,-603113.354,-1157324.461,2018/05/01 00:00:00+00,2,2018,5,srážka s pevnou překážkou,"nepřizpůsobení rychlosti dopravně technickému stavu vozovky (zatáčka, klesání, stoupání, šířka vozovky apod.)",Ne,řidičem nemotorového vozidla,nehoda s následky na životě nebo zdraví,"povrch suchý, neznečistěný",neztížené,"ve dne, viditelnost nezhoršená vlivem povětrnostních podmínek",dobré,"most, nadjezd, podjezd, tunel",komunikace místní,jízdní kolo,dobrý -žádné nepříznivé okolnosti nebyly zjiště,1,řidič,"s přilbou (pouze u motocyklistů, příp. cyklistů)",žena,lehké zranění,0,0,1,30,1750,17,květen,úterý,45-60,Brno-Bystrc,16.53537276,49.22098249,{CBC849E2-DDC0-444F-94BA-2CC017A75909}
16.5799418990001,49.2464806900001,844,1,845,60206180801,-599580.199,-1154856.487,2018/05/01 00:00:00+00,2,2018,5,havárie,řidič se plně nevěnoval řízení vozidla,Ne,řidičem nemotorového vozidla,nehoda s následky na životě nebo zdraví,"povrch suchý, neznečistěný",neztížené,"ve dne, viditelnost nezhoršená vlivem povětrnostních podmínek",dobré,žádné nebo žádné z uvedených,komunikace sledovaná (ve vybraných městech),jízdní kolo,dobrý -žádné nepříznivé okolnosti nebyly zjiště,1,řidič,"s přilbou (pouze u motocyklistů, příp. cyklistů)",muž,lehké zranění,0,0,1,70,1820,18,květen,úterý,19-24,Brno-Řečkovice a Mokrá Hora,16.57994189,49.24648069,{9C58FACF-7665-42D2-8938-BEDF4005068B}
16.6143718070001,49.189722159,845,1,846,60206180859,-597765.84,-1161401.46,2018/05/10 00:00:00+00,4,2018,5,srážka s jedoucím nekolejovým vozidlem,nepřizpůsobení rychlosti vlastnostem vozidla a nákladu,Ne,řidičem nemotorového vozidla,nehoda s následky na životě nebo zdraví,"povrch suchý, neznečistěný",neztížené,"ve dne, viditelnost nezhoršená vlivem povětrnostních podmínek",dobré,přechod pro chodce,uzel (křižovatka sledovaná ve vybraných městech),jízdní kolo,dobrý -žádné nepříznivé okolnosti nebyly zjiště,1,řidič,"bez přilby (pouze u motocyklistů, příp. cyklistů)",muž,lehké zranění,0,0,1,1,1810,18,květen,čtvrtek,24-32,Brno-střed,16.6143718,49.18972216,{A9353A60-0E91-4045-94F7-809B859F92B0}
16.579506086,49.2472075330001,846,1,847,60206180873,-599603.027,-1154772.709,2018/05/12 00:00:00+00,6,2018,5,srážka s jedoucím nekolejovým vozidlem,proti příkazu dopravní značky STŮJ DEJ PŘEDNOST,Ne,řidičem motorového vozidla,nehoda s následky na životě nebo zdraví,"povrch suchý, neznečistěný",neztížené,"ve dne, viditelnost nezhoršená vlivem povětrnostních podmínek",dobré,v blízkosti přechodu pro chodce (do vzdálenosti 20 m),uzel (křižovatka sledovaná ve vybraných městech),jízdní kolo,dobrý -žádné nepříznivé okolnosti nebyly zjiště,1,řidič,"s přilbou (pouze u motocyklistů, příp. cyklistů)",muž,lehké zranění,0,0,1,500,802,8,květen,sobota,45-60,Brno-Řečkovice a Mokrá Hora,16.57950608,49.24720753,{8C7E8D2C-948E-4764-87BC-F76FE631497F}
16.5409562880001,49.1942731230001,847,1,848,60206180920,-603030.819,-1160321.231,2018/05/18 00:00:00+00,5,2018,5,srážka s jedoucím nekolejovým vozidlem,proti příkazu dopravní značky DEJ PŘEDNOST,Ne,řidičem motorového vozidla,nehoda s následky na životě nebo zdraví,"povrch suchý, neznečistěný",neztížené,"ve dne, viditelnost nezhoršená vlivem povětrnostních podmínek",dobré,v blízkosti přechodu pro chodce (do vzdálenosti 20 m),komunikace sledovaná (ve vybraných městech),jízdní kolo,dobrý -žádné nepříznivé okolnosti nebyly zjiště,1,řidič,"s přilbou (pouze u motocyklistů, příp. cyklistů)",muž,lehké zranění,0,0,1,310,820,8,květen,pátek,24-32,Brno-Kohoutovice,16.54095628,49.19427312,{9706B8D0-4760-4AA6-8D14-78FB7AE8C40D}
16.6136381420001,49.1955984680001,848,1,849,60206180933,-597748.836,-1160746.032,2018/05/19 00:00:00+00,6,2018,5,jiný druh nehody,"nepřizpůsobení rychlosti stavu vozovky (náledí, výtluky, bláto, mokrý povrch apod.)",Ne,řidičem nemotorového vozidla,nehoda s následky na životě nebo zdraví,povrch mokrý,neztížené,"ve dne, viditelnost nezhoršená vlivem povětrnostních podmínek",dobré,žádné nebo žádné z uvedených,komunikace místní,jízdní kolo,dobrý -žádné nepříznivé okolnosti nebyly zjiště,1,ostatní spolucestující (i v postranním vozíku motocyklu),"bez přilby (pouze u motocyklistů, příp. cyklistů)",žena,bez zraněn,0,0,3,0,1438,14,květen,sobota,24-32,Brno-střed,16.61363813,49.19559846,{5C436715-E521-4D1F-BB7A-2B6AA2A3E1AA}
16.6136381420001,49.1955984680001,849,1,850,60206180933,-597748.836,-1160746.032,2018/05/19 00:00:00+00,6,2018,5,jiný druh nehody,"nepřizpůsobení rychlosti stavu vozovky (náledí, výtluky, bláto, mokrý povrch apod.)",Ne,řidičem nemotorového vozidla,nehoda s následky na životě nebo zdraví,povrch mokrý,neztížené,"ve dne, viditelnost nezhoršená vlivem povětrnostních podmínek",dobré,žádné nebo žádné z uvedených,komunikace místní,jízdní kolo,dobrý -žádné nepříznivé okolnosti nebyly zjiště,1,ostatní spolucestující (i v postranním vozíku motocyklu),"bez přilby (pouze u motocyklistů, příp. cyklistů)",žena,bez zraněn,0,0,3,0,1438,14,květen,sobota,33-44,Brno-střed,16.61363813,49.19559846,{730F51D8-39CB-42F0-8629-24F808A5807D}
16.6136381420001,49.1955984680001,850,1,851,60206180933,-597748.836,-1160746.032,2018/05/19 00:00:00+00,6,2018,5,jiný druh nehody,"nepřizpůsobení rychlosti stavu vozovky (náledí, výtluky, bláto, mokrý povrch apod.)",Ne,řidičem nemotorového vozidla,nehoda s následky na životě nebo zdraví,povrch mokrý,neztížené,"ve dne, viditelnost nezhoršená vlivem povětrnostních podmínek",dobré,žádné nebo žádné z uvedených,komunikace místní,jízdní kolo,dobrý -žádné nepříznivé okolnosti nebyly zjiště,1,ostatní spolucestující (i v postranním vozíku motocyklu),"bez přilby (pouze u motocyklistů, příp. cyklistů)",žena,bez zraněn,0,0,3,0,1438,14,květen,sobota,24-32,Brno-střed,16.61363813,49.19559846,{DDE2B3A6-57A0-4B33-BED3-15D75AF4D2A0}
16.6136381420001,49.1955984680001,851,1,852,60206180933,-597748.836,-1160746.032,2018/05/19 00:00:00+00,6,2018,5,jiný druh nehody,"nepřizpůsobení rychlosti stavu vozovky (náledí, výtluky, bláto, mokrý povrch apod.)",Ne,řidičem nemotorového vozidla,nehoda s následky na životě nebo zdraví,povrch mokrý,neztížené,"ve dne, viditelnost nezhoršená vlivem povětrnostních podmínek",dobré,žádné nebo žádné z uvedených,komunikace místní,jízdní kolo,dobrý -žádné nepříznivé okolnosti nebyly zjiště,1,ostatní spolucestující (i v postranním vozíku motocyklu),"bez přilby (pouze u motocyklistů, příp. cyklistů)",žena,bez zraněn,0,0,3,0,1438,14,květen,sobota,24-32,Brno-střed,16.61363813,49.19559846,{CCC57242-BEEC-4C02-B582-5509A2BF1C8F}
16.6136381420001,49.1955984680001,852,1,853,60206180933,-597748.836,-1160746.032,2018/05/19 00:00:00+00,6,2018,5,jiný druh nehody,"nepřizpůsobení rychlosti stavu vozovky (náledí, výtluky, bláto, mokrý povrch apod.)",Ne,řidičem nemotorového vozidla,nehoda s následky na životě nebo zdraví,povrch mokrý,neztížené,"ve dne, viditelnost nezhoršená vlivem povětrnostních podmínek",dobré,žádné nebo žádné z uvedených,komunikace místní,jízdní kolo,dobrý -žádné nepříznivé okolnosti nebyly zjiště,1,ostatní spolucestující (i v postranním vozíku motocyklu),"bez přilby (pouze u motocyklistů, příp. cyklistů)",žena,bez zraněn,0,0,3,0,1438,14,květen,sobota,24-32,Brno-střed,16.61363813,49.19559846,{7D2D401F-C695-438F-ABBC-0DD262B478C8}
16.6136381420001,49.1955984680001,853,1,854,60206180933,-597748.836,-1160746.032,2018/05/19 00:00:00+00,6,2018,5,jiný druh nehody,"nepřizpůsobení rychlosti stavu vozovky (náledí, výtluky, bláto, mokrý povrch apod.)",Ne,řidičem nemotorového vozidla,nehoda s následky na životě nebo zdraví,povrch mokrý,neztížené,"ve dne, viditelnost nezhoršená vlivem povětrnostních podmínek",dobré,žádné nebo žádné z uvedených,komunikace místní,jízdní kolo,dobrý -žádné nepříznivé okolnosti nebyly zjiště,1,ostatní spolucestující (i v postranním vozíku motocyklu),"bez přilby (pouze u motocyklistů, příp. cyklistů)",žena,bez zraněn,0,0,3,0,1438,14,květen,sobota,33-44,Brno-střed,16.61363813,49.19559846,{71C0021C-6749-470F-A72F-5F99088C0F7D}