X,Y,objectid,join_count,target_fid,id,d,e,datum,den,rok,mesic,srazka,pricina,alkohol,zavineni,nasledky,stav_vozovky,povetrnostni_podm,viditelnost,rozhled,misto_nehody,druh_komun,druh_vozidla,stav_ridic,ovlivneni_ridice,osoba,ozn_osoba,pohlavi,nasledek,usmrceno_os,tezce_zran_os,lehce_zran_os,hmotna_skoda,cas,hodina,mesic_t,den_v_tydnu,vek_skupina,nazev,point_x,point_y,globalid
16.6136381420001,49.1955984680001,854,1,855,60206180933,-597748.836,-1160746.032,2018/05/19 00:00:00+00,6,2018,5,jiný druh nehody,"nepřizpůsobení rychlosti stavu vozovky (náledí, výtluky, bláto, mokrý povrch apod.)",Ne,řidičem nemotorového vozidla,nehoda s následky na životě nebo zdraví,povrch mokrý,neztížené,"ve dne, viditelnost nezhoršená vlivem povětrnostních podmínek",dobré,žádné nebo žádné z uvedených,komunikace místní,jízdní kolo,dobrý -žádné nepříznivé okolnosti nebyly zjiště,1,ostatní spolucestující (i v postranním vozíku motocyklu),"bez přilby (pouze u motocyklistů, příp. cyklistů)",žena,lehké zranění,0,0,3,0,1438,14,květen,sobota,24-32,Brno-střed,16.61363813,49.19559846,{3EC37A0A-D59C-4FDC-849F-8F364250ECDF}
16.6136381420001,49.1955984680001,855,1,856,60206180933,-597748.836,-1160746.032,2018/05/19 00:00:00+00,6,2018,5,jiný druh nehody,"nepřizpůsobení rychlosti stavu vozovky (náledí, výtluky, bláto, mokrý povrch apod.)",Ne,řidičem nemotorového vozidla,nehoda s následky na životě nebo zdraví,povrch mokrý,neztížené,"ve dne, viditelnost nezhoršená vlivem povětrnostních podmínek",dobré,žádné nebo žádné z uvedených,komunikace místní,jízdní kolo,dobrý -žádné nepříznivé okolnosti nebyly zjiště,1,řidič,"bez přilby (pouze u motocyklistů, příp. cyklistů)",muž,bez zraněn,0,0,3,0,1438,14,květen,sobota,45-60,Brno-střed,16.61363813,49.19559846,{B334F529-76D2-40BB-8857-3A68ACCC0EAA}
16.6136381420001,49.1955984680001,856,1,857,60206180933,-597748.836,-1160746.032,2018/05/19 00:00:00+00,6,2018,5,jiný druh nehody,"nepřizpůsobení rychlosti stavu vozovky (náledí, výtluky, bláto, mokrý povrch apod.)",Ne,řidičem nemotorového vozidla,nehoda s následky na životě nebo zdraví,povrch mokrý,neztížené,"ve dne, viditelnost nezhoršená vlivem povětrnostních podmínek",dobré,žádné nebo žádné z uvedených,komunikace místní,jízdní kolo,dobrý -žádné nepříznivé okolnosti nebyly zjiště,1,ostatní spolucestující (i v postranním vozíku motocyklu),"bez přilby (pouze u motocyklistů, příp. cyklistů)",žena,bez zraněn,0,0,3,0,1438,14,květen,sobota,33-44,Brno-střed,16.61363813,49.19559846,{3E92396B-270C-494C-AD69-787ED11FC5BB}
16.6136381420001,49.1955984680001,857,1,858,60206180933,-597748.836,-1160746.032,2018/05/19 00:00:00+00,6,2018,5,jiný druh nehody,"nepřizpůsobení rychlosti stavu vozovky (náledí, výtluky, bláto, mokrý povrch apod.)",Ne,řidičem nemotorového vozidla,nehoda s následky na životě nebo zdraví,povrch mokrý,neztížené,"ve dne, viditelnost nezhoršená vlivem povětrnostních podmínek",dobré,žádné nebo žádné z uvedených,komunikace místní,jízdní kolo,dobrý -žádné nepříznivé okolnosti nebyly zjiště,1,ostatní spolucestující (i v postranním vozíku motocyklu),"bez přilby (pouze u motocyklistů, příp. cyklistů)",žena,bez zraněn,0,0,3,0,1438,14,květen,sobota,24-32,Brno-střed,16.61363813,49.19559846,{4A4CACD6-67E2-4EC9-B275-B91F94C8DCFC}
16.6136381420001,49.1955984680001,858,1,859,60206180933,-597748.836,-1160746.032,2018/05/19 00:00:00+00,6,2018,5,jiný druh nehody,"nepřizpůsobení rychlosti stavu vozovky (náledí, výtluky, bláto, mokrý povrch apod.)",Ne,řidičem nemotorového vozidla,nehoda s následky na životě nebo zdraví,povrch mokrý,neztížené,"ve dne, viditelnost nezhoršená vlivem povětrnostních podmínek",dobré,žádné nebo žádné z uvedených,komunikace místní,jízdní kolo,dobrý -žádné nepříznivé okolnosti nebyly zjiště,1,ostatní spolucestující (i v postranním vozíku motocyklu),"bez přilby (pouze u motocyklistů, příp. cyklistů)",muž,bez zraněn,0,0,3,0,1438,14,květen,sobota,33-44,Brno-střed,16.61363813,49.19559846,{0CCF6C16-A76B-4D65-A85F-E28EC596CB4F}
16.6136381420001,49.1955984680001,859,1,860,60206180933,-597748.836,-1160746.032,2018/05/19 00:00:00+00,6,2018,5,jiný druh nehody,"nepřizpůsobení rychlosti stavu vozovky (náledí, výtluky, bláto, mokrý povrch apod.)",Ne,řidičem nemotorového vozidla,nehoda s následky na životě nebo zdraví,povrch mokrý,neztížené,"ve dne, viditelnost nezhoršená vlivem povětrnostních podmínek",dobré,žádné nebo žádné z uvedených,komunikace místní,jízdní kolo,dobrý -žádné nepříznivé okolnosti nebyly zjiště,1,ostatní spolucestující (i v postranním vozíku motocyklu),"bez přilby (pouze u motocyklistů, příp. cyklistů)",žena,bez zraněn,0,0,3,0,1438,14,květen,sobota,33-44,Brno-střed,16.61363813,49.19559846,{800EA310-843A-4729-BB7B-92C1792B08C9}
16.6136381420001,49.1955984680001,860,1,861,60206180933,-597748.836,-1160746.032,2018/05/19 00:00:00+00,6,2018,5,jiný druh nehody,"nepřizpůsobení rychlosti stavu vozovky (náledí, výtluky, bláto, mokrý povrch apod.)",Ne,řidičem nemotorového vozidla,nehoda s následky na životě nebo zdraví,povrch mokrý,neztížené,"ve dne, viditelnost nezhoršená vlivem povětrnostních podmínek",dobré,žádné nebo žádné z uvedených,komunikace místní,jízdní kolo,dobrý -žádné nepříznivé okolnosti nebyly zjiště,1,ostatní spolucestující (i v postranním vozíku motocyklu),"bez přilby (pouze u motocyklistů, příp. cyklistů)",muž,lehké zranění,0,0,3,0,1438,14,květen,sobota,33-44,Brno-střed,16.61363813,49.19559846,{E567639D-137E-4820-B50B-184CD2B77EF5}
16.6136381420001,49.1955984680001,861,1,862,60206180933,-597748.836,-1160746.032,2018/05/19 00:00:00+00,6,2018,5,jiný druh nehody,"nepřizpůsobení rychlosti stavu vozovky (náledí, výtluky, bláto, mokrý povrch apod.)",Ne,řidičem nemotorového vozidla,nehoda s následky na životě nebo zdraví,povrch mokrý,neztížené,"ve dne, viditelnost nezhoršená vlivem povětrnostních podmínek",dobré,žádné nebo žádné z uvedených,komunikace místní,jízdní kolo,dobrý -žádné nepříznivé okolnosti nebyly zjiště,1,ostatní spolucestující (i v postranním vozíku motocyklu),"bez přilby (pouze u motocyklistů, příp. cyklistů)",žena,lehké zranění,0,0,3,0,1438,14,květen,sobota,33-44,Brno-střed,16.61363813,49.19559846,{2ABE1611-B335-45AA-9DC7-BC7392715CE7}
16.6311929460001,49.2295005890001,862,1,863,60206180941,-596072.898,-1157134.931,2018/05/21 00:00:00+00,1,2018,5,srážka s chodcem,nezaviněná řidičem,Ne,chodcem,nehoda s následky na životě nebo zdraví,"povrch suchý, neznečistěný",neztížené,"ve dne, zhoršená viditelnost (svítání, soumrak)",dobré,"zastávka tramvaje, autobusu, trolejbusu bez nástup. ostrůvku",komunikace sledovaná (ve vybraných městech),jízdní kolo,dobrý -žádné nepříznivé okolnosti nebyly zjiště,1,řidič,"s přilbou (pouze u motocyklistů, příp. cyklistů)",muž,lehké zranění,0,0,2,220,2040,20,květen,pondělí,45-60,Brno-sever,16.63119294,49.22950059,{4DF38EE4-F02A-482A-AAD9-5A4FE4BF5D7E}
16.6551260480001,49.1963015150001,863,1,864,60206180948,-594734.317,-1160992.145,2018/05/22 00:00:00+00,2,2018,5,srážka s jedoucím nekolejovým vozidlem,při odbočování vlevo,Ne,řidičem motorového vozidla,nehoda s následky na životě nebo zdraví,"povrch suchý, neznečistěný",neztížené,"ve dne, viditelnost nezhoršená vlivem povětrnostních podmínek",dobré,v blízkosti přechodu pro chodce (do vzdálenosti 20 m),komunikace sledovaná (ve vybraných městech),jízdní kolo,dobrý -žádné nepříznivé okolnosti nebyly zjiště,1,řidič,"s přilbou (pouze u motocyklistů, příp. cyklistů)",muž,lehké zranění,0,0,1,250,1138,11,květen,úterý,33-44,Brno-Židenice,16.65512604,49.19630151,{E3CAE2F4-81C1-48A1-9F4D-7CE54CF1491F}
16.597998325,49.2100904580001,864,1,865,60206180965,-598708.652,-1159021.318,2018/05/24 00:00:00+00,4,2018,5,srážka s chodcem,nezaviněná řidičem,Ne,chodcem,nehoda s následky na životě nebo zdraví,"povrch suchý, neznečistěný",neztížené,"ve dne, viditelnost nezhoršená vlivem povětrnostních podmínek",dobré,v blízkosti přechodu pro chodce (do vzdálenosti 20 m),komunikace sledovaná (ve vybraných městech),jízdní kolo,dobrý -žádné nepříznivé okolnosti nebyly zjiště,1,řidič,"s přilbou (pouze u motocyklistů, příp. cyklistů)",muž,bez zraněn,0,0,1,0,825,8,květen,čtvrtek,33-44,Brno-Královo Pole,16.59799832,49.21009045,{D402277D-318B-4462-A79B-2006A81891E3}
16.6533728110001,49.2281880100001,865,1,866,60206180986,-594482.449,-1157452.905,2018/05/27 00:00:00+00,7,2018,5,srážka s pevnou překážkou,řidič se plně nevěnoval řízení vozidla,Ne,řidičem nemotorového vozidla,nehoda s následky na životě nebo zdraví,"povrch suchý, neznečistěný",neztížené,"ve dne, viditelnost nezhoršená vlivem povětrnostních podmínek",dobré,žádné nebo žádné z uvedených,komunikace místní,jízdní kolo,dobrý -žádné nepříznivé okolnosti nebyly zjiště,1,řidič,"s přilbou (pouze u motocyklistů, příp. cyklistů)",žena,lehké zranění,0,0,1,10,1140,11,květen,neděle,45-60,Brno-Maloměřice a Obřany,16.6533728,49.22818801,{569C86CE-AD9F-4D53-BC94-8077C0B434E9}
16.629176477,49.2026394310001,866,1,867,60206180990,-596539.05,-1160089.046,2018/05/28 00:00:00+00,1,2018,5,srážka s jedoucím nekolejovým vozidlem,řidič se plně nevěnoval řízení vozidla,Ne,řidičem motorového vozidla,nehoda s následky na životě nebo zdraví,"povrch suchý, neznečistěný",neztížené,"ve dne, viditelnost nezhoršená vlivem povětrnostních podmínek",dobré,v blízkosti přechodu pro chodce (do vzdálenosti 20 m),komunikace sledovaná (ve vybraných městech),jízdní kolo,dobrý -žádné nepříznivé okolnosti nebyly zjiště,1,řidič,"bez přilby (pouze u motocyklistů, příp. cyklistů)",žena,lehké zranění,0,0,1,0,740,7,květen,pondělí,24-32,Brno-Židenice,16.62917647,49.20263943,{300E7F82-1E51-4025-AE5C-B37FB65B3FEE}
16.6286409800001,49.1936540200001,867,1,868,60206180993,-596684.944,-1161078.315,2018/05/28 00:00:00+00,1,2018,5,havárie,řidič se plně nevěnoval řízení vozidla,Ne,řidičem nemotorového vozidla,nehoda s následky na životě nebo zdraví,"povrch suchý, neznečistěný",neztížené,"ve dne, viditelnost nezhoršená vlivem povětrnostních podmínek",dobré,"most, nadjezd, podjezd, tunel",komunikace místní,jízdní kolo,dobrý -žádné nepříznivé okolnosti nebyly zjiště,1,řidič,"bez přilby (pouze u motocyklistů, příp. cyklistů)",žena,lehké zranění,0,0,1,30,1030,10,květen,pondělí,33-44,Brno-střed,16.62864097,49.19365402,{F83C0B37-C6E7-4BD9-9223-883FC5A0A926}
16.6182399200001,49.191828177,868,1,869,60206181005,-597460.401,-1161198.881,2018/05/29 00:00:00+00,2,2018,5,jiný druh nehody,nezaviněná řidičem,Nezjišťován,jiné zaviněn,nehoda s následky na životě nebo zdraví,"povrch suchý, neznečistěný",neztížené,"ve dne, viditelnost nezhoršená vlivem povětrnostních podmínek",dobré,"zastávka autobusu, trolejbusu, tramvaje s nástup. ostrůvkem",komunikace sledovaná (ve vybraných městech),jízdní kolo,dobrý -žádné nepříznivé okolnosti nebyly zjiště,1,řidič,"bez přilby (pouze u motocyklistů, příp. cyklistů)",žena,lehké zranění,0,0,1,200,750,7,květen,úterý,24-32,Brno-střed,16.61823991,49.19182817,{3DCCEF6B-3AA0-46BA-B790-DC35D6DF0DE0}
16.532276261,49.2297819440001,869,1,870,60206181043,-603231.454,-1156327.243,2018/06/02 00:00:00+00,6,2018,6,havárie,řidič se plně nevěnoval řízení vozidla,Ne,řidičem nemotorového vozidla,nehoda s následky na životě nebo zdraví,"povrch suchý, neznečistěný",neztížené,"ve dne, viditelnost nezhoršená vlivem povětrnostních podmínek",dobré,parkoviště přiléhající ke komunikaci,komunikace sledovaná (ve vybraných městech),jízdní kolo,dobrý -žádné nepříznivé okolnosti nebyly zjiště,1,řidič,"s přilbou (pouze u motocyklistů, příp. cyklistů)",žena,těžké zranění,0,1,0,5,1440,14,červen,sobota,61-70,Brno-Bystrc,16.53227625,49.22978194,{BA070275-402F-463C-863A-886F487A52DD}
16.59984644,49.218379844,870,1,871,60206181052,-598475.634,-1158119.341,2018/06/04 00:00:00+00,1,2018,6,jiný druh nehody,jiný druh nesprávného způsobu jízdy,Ne,řidičem motorového vozidla,nehoda s následky na životě nebo zdraví,"povrch suchý, neznečistěný",neztížené,"ve dne, viditelnost nezhoršená vlivem povětrnostních podmínek",dobré,parkoviště přiléhající ke komunikaci,komunikace sledovaná (ve vybraných městech),jízdní kolo,dobrý -žádné nepříznivé okolnosti nebyly zjiště,1,řidič,"s přilbou (pouze u motocyklistů, příp. cyklistů)",muž,lehké zranění,0,0,1,30,1004,10,červen,pondělí,24-32,Brno-Královo Pole,16.59984643,49.21837984,{939FEF5A-C911-4AD4-BBF8-AC40B5C5CD14}
16.6340946560001,49.189731726,871,1,872,60206181066,-596336.482,-1161554.565,2018/06/05 00:00:00+00,2,2018,6,srážka s jedoucím nekolejovým vozidlem,vyhýbání bez dostatečného bočního odstupu (vůle),Ne,řidičem motorového vozidla,nehoda s následky na životě nebo zdraví,"povrch suchý, neznečistěný",neztížené,"ve dne, viditelnost nezhoršená vlivem povětrnostních podmínek",dobré,"zastávka tramvaje, autobusu, trolejbusu bez nástup. ostrůvku",komunikace sledovaná (ve vybraných městech),jízdní kolo,dobrý -žádné nepříznivé okolnosti nebyly zjiště,1,řidič,"s přilbou (pouze u motocyklistů, příp. cyklistů)",muž,lehké zranění,0,0,1,70,1550,15,červen,úterý,33-44,Brno-Černovice,16.63409465,49.18973172,{2D5EA9A7-DADD-448C-BD86-8DFE8D89B1DA}
16.650121058,49.2323842590001,872,1,873,60206181141,-594668.034,-1156963.628,2018/06/15 00:00:00+00,5,2018,6,srážka s jedoucím nekolejovým vozidlem,"nepřizpůsobení rychlosti dopravně technickému stavu vozovky (zatáčka, klesání, stoupání, šířka vozovky apod.)",Ne,řidičem nemotorového vozidla,nehoda s následky na životě nebo zdraví,"povrch suchý, neznečistěný",neztížené,"ve dne, viditelnost nezhoršená vlivem povětrnostních podmínek",dobré,žádné nebo žádné z uvedených,komunikace místní,jízdní kolo,dobrý -žádné nepříznivé okolnosti nebyly zjiště,1,řidič,"bez přilby (pouze u motocyklistů, příp. cyklistů)",muž,lehké zranění,0,0,1,120,1410,14,červen,pátek,45-60,Brno-Maloměřice a Obřany,16.65012105,49.23238426,{11EEDFDA-032B-4A53-AF48-4119C258B1A2}
16.649178944,49.194013548,873,1,874,60206181142,-595192.444,-1161198.796,2018/06/15 00:00:00+00,5,2018,6,srážka s jedoucím nekolejovým vozidlem,"jízda po nesprávné straně vozovky, vjetí do protisměru","Ano, obsah alkoholu v krvi 1,5‰ a více",řidičem nemotorového vozidla,nehoda pouze s hmotnou škodou,"povrch suchý, neznečistěný",neztížené,"ve dne, viditelnost nezhoršená vlivem povětrnostních podmínek",dobré,žádné nebo žádné z uvedených,komunikace místní,jízdní kolo,pod vlivem alkoholu obsah alkoholu v krvi 1 ‰ a víc,1,řidič,"bez přilby (pouze u motocyklistů, příp. cyklistů)",muž,bez zraněn,0,0,0,200,1455,14,červen,pátek,33-44,Brno-Židenice,16.64917894,49.19401354,{2ECA368F-20FD-4199-9745-18D791C1B405}
16.649178944,49.194013548,874,1,875,60206181142,-595192.444,-1161198.796,2018/06/15 00:00:00+00,5,2018,6,srážka s jedoucím nekolejovým vozidlem,"jízda po nesprávné straně vozovky, vjetí do protisměru","Ano, obsah alkoholu v krvi 1,5‰ a více",řidičem nemotorového vozidla,nehoda pouze s hmotnou škodou,"povrch suchý, neznečistěný",neztížené,"ve dne, viditelnost nezhoršená vlivem povětrnostních podmínek",dobré,žádné nebo žádné z uvedených,komunikace místní,jízdní kolo,pod vlivem alkoholu obsah alkoholu v krvi 1 ‰ a víc,1,ostatní spolucestující (i v postranním vozíku motocyklu),"bez přilby (pouze u motocyklistů, příp. cyklistů)",chlapec (do 15 let),bez zraněn,0,0,0,200,1455,14,červen,pátek,0-6,Brno-Židenice,16.64917894,49.19401354,{3B78A1ED-A3B3-415D-BA35-DA8FA099AAE0}
16.607788321,49.198701758,875,1,876,60206181147,-598135.61,-1160357.139,2018/06/15 00:00:00+00,5,2018,6,srážka s jedoucím nekolejovým vozidlem,při odbočování vlevo,Ne,řidičem motorového vozidla,nehoda s následky na životě nebo zdraví,"povrch suchý, neznečistěný",neztížené,"ve dne, viditelnost nezhoršená vlivem povětrnostních podmínek",dobré,žádné nebo žádné z uvedených,uzel (křižovatka sledovaná ve vybraných městech),jízdní kolo,dobrý -žádné nepříznivé okolnosti nebyly zjiště,1,řidič,"bez přilby (pouze u motocyklistů, příp. cyklistů)",žena,lehké zranění,0,0,1,210,1850,18,červen,pátek,45-60,Brno-střed,16.60778831,49.19870175,{0B845D9E-F759-4FE5-AE1B-551C80E280CE}
16.518750621,49.235478501,876,1,877,60206181151,-604141.864,-1155590.596,2018/06/16 00:00:00+00,6,2018,6,havárie,řidič se plně nevěnoval řízení vozidla,Ne,řidičem nemotorového vozidla,nehoda s následky na životě nebo zdraví,"povrch suchý, neznečistěný",neztížené,"ve dne, viditelnost nezhoršená vlivem povětrnostních podmínek",dobré,žádné nebo žádné z uvedených,komunikace místní,jízdní kolo,dobrý -žádné nepříznivé okolnosti nebyly zjiště,1,řidič,"s přilbou (pouze u motocyklistů, příp. cyklistů)",žena,lehké zranění,0,0,1,60,1315,13,červen,sobota,33-44,Brno-Kníničky,16.51875061,49.2354785,{53DE9D6E-0511-4608-9772-12314EDB4EB1}
16.612787428,49.2008037350001,877,1,878,60206181162,-597748.313,-1160163.879,2018/06/17 00:00:00+00,7,2018,6,havárie,řidič se plně nevěnoval řízení vozidla,Ne,řidičem nemotorového vozidla,nehoda s následky na životě nebo zdraví,"povrch suchý, neznečistěný",neztížené,"ve dne, viditelnost nezhoršená vlivem povětrnostních podmínek",dobré,žádné nebo žádné z uvedených,komunikace sledovaná (ve vybraných městech),jízdní kolo,pod vlivem alkoholu obsah alkoholu v krvi 1 ‰ a víc,0,řidič,"bez přilby (pouze u motocyklistů, příp. cyklistů)",muž,lehké zranění,0,0,1,30,2030,20,červen,neděle,45-60,Brno-střed,16.61278742,49.20080373,{D58E44E1-462D-4AB9-B388-3BB99D9C9C34}
16.581416887,49.2435613430001,878,1,879,60206181174,-599508.439,-1155190.816,2018/06/18 00:00:00+00,1,2018,6,srážka s jedoucím nekolejovým vozidlem,proti příkazu dopravní značky DEJ PŘEDNOST,Ne,řidičem motorového vozidla,nehoda s následky na životě nebo zdraví,"povrch suchý, neznečistěný",neztížené,"ve dne, viditelnost nezhoršená vlivem povětrnostních podmínek",dobré,žádné nebo žádné z uvedených,uzel (křižovatka sledovaná ve vybraných městech),jízdní kolo,dobrý -žádné nepříznivé okolnosti nebyly zjiště,1,řidič,"s přilbou (pouze u motocyklistů, příp. cyklistů)",muž,lehké zranění,0,0,1,60,1640,16,červen,pondělí,61-70,Brno-Řečkovice a Mokrá Hora,16.58141688,49.24356134,{2AAC9702-1457-4E7D-819D-A35A1E221EB4}
16.581671106,49.2114359650001,879,1,880,60206181186,-599875.153,-1158744.458,2018/06/19 00:00:00+00,2,2018,6,"srážka s vozidlem zaparkovaným, odstaveným",řidič se plně nevěnoval řízení vozidla,Nezjišťován,řidičem nemotorového vozidla,nehoda pouze s hmotnou škodou,"povrch suchý, neznečistěný",neztížené,"ve dne, viditelnost nezhoršená vlivem povětrnostních podmínek",dobré,žádné nebo žádné z uvedených,komunikace místní,jízdní kolo,dobrý -žádné nepříznivé okolnosti nebyly zjiště,1,řidič,"bez přilby (pouze u motocyklistů, příp. cyklistů)",muž,bez zraněn,0,0,0,310,2055,20,červen,úterý,45-60,Brno-Žabovřesky,16.5816711,49.21143596,{BAF86795-846E-4D40-A55F-5661208D4047}
16.5966266070001,49.2214200550001,880,1,881,60206181204,-598672.441,-1157757.988,2018/06/22 00:00:00+00,5,2018,6,srážka s pevnou překážkou,"nepřizpůsobení rychlosti dopravně technickému stavu vozovky (zatáčka, klesání, stoupání, šířka vozovky apod.)","Ano, obsah alkoholu v krvi 1,5‰ a více",řidičem nemotorového vozidla,nehoda s následky na životě nebo zdraví,"povrch suchý, neznečistěný",neztížené,"v noci - s veřejným osvětlením, viditelnost nezhoršená vlivem povětrnostních podmínek",dobré,žádné nebo žádné z uvedených,komunikace sledovaná (ve vybraných městech),jízdní kolo,pod vlivem alkoholu obsah alkoholu v krvi 1 ‰ a víc,1,řidič,"bez přilby (pouze u motocyklistů, příp. cyklistů)",žena,lehké zranění,0,0,1,10,320,3,červen,pátek,24-32,Brno-Královo Pole,16.5966266,49.22142005,{E48FF6B9-98AB-402E-A6DA-E7F904E511C7}
16.62507643,49.2014774780001,881,1,882,60206181209,-596849.945,-1160185.486,2018/06/22 00:00:00+00,5,2018,6,"srážka s vozidlem zaparkovaným, odstaveným",řidič se plně nevěnoval řízení vozidla,"Ano, obsah alkoholu v krvi 1,5‰ a více",řidičem motorového vozidla,nehoda pouze s hmotnou škodou,"povrch suchý, neznečistěný",neztížené,"ve dne, viditelnost nezhoršená vlivem povětrnostních podmínek",dobré,parkoviště přiléhající ke komunikaci,komunikace místní,jízdní kolo,,,,,,,0,0,0,400,1010,10,červen,pátek,,Brno-sever,16.62507642,49.20147747,{BFB35736-491B-47C5-9B99-BC7E31221FCE}
16.579229839,49.260778058,882,1,883,60206181220,-599460.29,-1153270.239,2018/06/24 00:00:00+00,7,2018,6,srážka s jedoucím nekolejovým vozidlem,řidič se plně nevěnoval řízení vozidla,Ne,řidičem nemotorového vozidla,nehoda s následky na životě nebo zdraví,"povrch suchý, neznečistěný",neztížené,"ve dne, viditelnost nezhoršená vlivem povětrnostních podmínek",dobré,parkoviště přiléhající ke komunikaci,"komunikace účelová - ostatní (parkoviště, odpočívky apod.",jízdní kolo,dobrý -žádné nepříznivé okolnosti nebyly zjiště,1,řidič,"bez přilby (pouze u motocyklistů, příp. cyklistů)",chlapec (do 15 let),lehké zranění,0,0,1,80,1720,17,červen,neděle,12-15,Brno-Ivanovice,16.57922983,49.26077805,{4F2D84FF-955C-4323-B975-87B60A7412B9}
16.629477487,49.220888255,883,1,884,60206181249,-596299.754,-1158073.751,2018/06/28 00:00:00+00,4,2018,6,srážka s jedoucím nekolejovým vozidlem,proti příkazu dopravní značky DEJ PŘEDNOST,Ne,řidičem motorového vozidla,nehoda s následky na životě nebo zdraví,"povrch suchý, neznečistěný",neztížené,"ve dne, viditelnost nezhoršená vlivem povětrnostních podmínek",dobré,žádné nebo žádné z uvedených,komunikace sledovaná (ve vybraných městech),jízdní kolo,dobrý -žádné nepříznivé okolnosti nebyly zjiště,1,řidič,"s přilbou (pouze u motocyklistů, příp. cyklistů)",muž,těžké zranění,0,1,0,200,1810,18,červen,čtvrtek,24-32,Brno-sever,16.62947748,49.22088825,{B78A5DA7-2CB5-4A27-9D01-C8D91BF591BE}
16.5566697720001,49.167703401,884,1,885,60206181254,-602211.829,-1163382.49,2018/06/29 00:00:00+00,5,2018,6,srážka s jedoucím nekolejovým vozidlem,nedodržení bezpečné vzdálenosti za vozidlem,Ne,řidičem nemotorového vozidla,nehoda s následky na životě nebo zdraví,"povrch suchý, neznečistěný",neztížené,"ve dne, viditelnost nezhoršená vlivem povětrnostních podmínek",dobré,žádné nebo žádné z uvedených,komunikace sledovaná (ve vybraných městech),jízdní kolo,dobrý -žádné nepříznivé okolnosti nebyly zjiště,1,řidič,"bez přilby (pouze u motocyklistů, příp. cyklistů)",muž,lehké zranění,0,0,1,450,1540,15,červen,pátek,61-70,Brno-Starý Lískovec,16.55666976,49.1677034,{75B8600E-0EC3-4293-8801-A7C8B5FB226B}
16.6385602840001,49.199699073,885,1,886,60206181255,-595894.211,-1160487.387,2018/06/29 00:00:00+00,5,2018,6,srážka s jedoucím nekolejovým vozidlem,vozidlu přijíždějícímu zprava,Ne,řidičem nemotorového vozidla,nehoda s následky na životě nebo zdraví,"povrch suchý, neznečistěný",neztížené,"ve dne, viditelnost nezhoršená vlivem povětrnostních podmínek",dobré,žádné nebo žádné z uvedených,komunikace místní,jízdní kolo,dobrý -žádné nepříznivé okolnosti nebyly zjiště,1,řidič,"bez přilby (pouze u motocyklistů, příp. cyklistů)",muž,lehké zranění,0,0,1,0,1435,14,červen,pátek,19-24,Brno-Židenice,16.63856028,49.19969907,{BD1A92DC-2B29-47CD-AB76-1EF437FA8920}
16.612409138,49.19554149,886,1,887,60206181269,-597838.566,-1160742.713,2018/07/02 00:00:00+00,1,2018,7,"srážka s vozidlem zaparkovaným, odstaveným","nepřizpůsobení rychlosti dopravně technickému stavu vozovky (zatáčka, klesání, stoupání, šířka vozovky apod.)","Ano, obsah alkoholu v krvi 1,5‰ a více",řidičem nemotorového vozidla,nehoda pouze s hmotnou škodou,"povrch suchý, neznečistěný",neztížené,"v noci - s veřejným osvětlením, viditelnost nezhoršená vlivem povětrnostních podmínek",dobré,žádné nebo žádné z uvedených,komunikace místní,jízdní kolo,pod vlivem alkoholu obsah alkoholu v krvi 1 ‰ a víc,1,řidič,"bez přilby (pouze u motocyklistů, příp. cyklistů)",muž,bez zraněn,0,0,0,100,20,2,červenec,pondělí,33-44,Brno-střed,16.61240913,49.19554149,{E50C9CEC-CD2F-4868-A101-20CD15528114}
16.6316807760001,49.1899567660001,887,1,888,60206181290,-596508.728,-1161510.836,2018/07/04 00:00:00+00,3,2018,7,srážka s jedoucím nekolejovým vozidlem,při odbočování vlevo,Ne,řidičem motorového vozidla,nehoda s následky na životě nebo zdraví,"povrch suchý, neznečistěný",neztížené,"ve dne, viditelnost nezhoršená vlivem povětrnostních podmínek",dobré,v blízkosti přechodu pro chodce (do vzdálenosti 20 m),uzel (křižovatka sledovaná ve vybraných městech),jízdní kolo,dobrý -žádné nepříznivé okolnosti nebyly zjiště,1,řidič,"s přilbou (pouze u motocyklistů, příp. cyklistů)",muž,lehké zranění,0,0,1,200,2015,20,červenec,středa,71 a více,Brno-Černovice,16.63168077,49.18995676,{9247E19F-E874-432B-8BD2-ACD06D823311}
16.5123662400001,49.2282833530001,888,1,889,60206181294,-604691.002,-1156335.461,2018/07/05 00:00:00+00,4,2018,7,havárie,řidič se plně nevěnoval řízení vozidla,"Ano, obsah alkoholu v krvi do 0,24 ‰",řidičem nemotorového vozidla,nehoda s následky na životě nebo zdraví,"povrch suchý, neznečistěný",neztížené,"ve dne, viditelnost nezhoršená vlivem povětrnostních podmínek",dobré,žádné nebo žádné z uvedených,komunikace účelová - polní a lesní cesty atd.,jízdní kolo,"pod vlivem alkoholu, obsah alkoholu v krvi do 0,99 ‰",1,řidič,"s přilbou (pouze u motocyklistů, příp. cyklistů)",muž,těžké zranění,0,1,0,20,1200,12,červenec,čtvrtek,61-70,Brno-Bystrc,16.51236623,49.22828335,{E6FA36EC-6585-40C2-B254-58F0D909FE69}