X,Y,objectid,join_count,target_fid,id,d,e,datum,den,rok,mesic,srazka,pricina,alkohol,zavineni,nasledky,stav_vozovky,povetrnostni_podm,viditelnost,rozhled,misto_nehody,druh_komun,druh_vozidla,stav_ridic,ovlivneni_ridice,osoba,ozn_osoba,pohlavi,nasledek,usmrceno_os,tezce_zran_os,lehce_zran_os,hmotna_skoda,cas,hodina,mesic_t,den_v_tydnu,vek_skupina,nazev,point_x,point_y,globalid
16.6359764530001,49.2026652760001,889,1,890,60206181305,-596046.095,-1160139.272,2018/07/08 00:00:00+00,7,2018,7,srážka s pevnou překážkou,řidič se plně nevěnoval řízení vozidla,Ne,řidičem nemotorového vozidla,nehoda s následky na životě nebo zdraví,"povrch suchý, neznečistěný",neztížené,"ve dne, viditelnost nezhoršená vlivem povětrnostních podmínek",dobré,žádné nebo žádné z uvedených,komunikace místní,jízdní kolo,dobrý -žádné nepříznivé okolnosti nebyly zjiště,1,řidič,"bez přilby (pouze u motocyklistů, příp. cyklistů)",muž,lehké zranění,0,0,1,10,1940,19,červenec,neděle,24-32,Brno-Židenice,16.63597644,49.20266527,{65872CD8-657F-4B68-94AA-B64F685E835F}
16.6022215560001,49.1481192580001,890,1,891,60206181333,-599143.779,-1165905.838,2018/07/12 00:00:00+00,4,2018,7,srážka s jedoucím nekolejovým vozidlem,řidič se plně nevěnoval řízení vozidla,Ne,řidičem nemotorového vozidla,nehoda s následky na životě nebo zdraví,"povrch suchý, neznečistěný",neztížené,"ve dne, viditelnost nezhoršená vlivem povětrnostních podmínek",dobré,žádné nebo žádné z uvedených,komunikace místní,jízdní kolo,dobrý -žádné nepříznivé okolnosti nebyly zjiště,1,řidič,"s přilbou (pouze u motocyklistů, příp. cyklistů)",žena,lehké zranění,0,0,1,420,1800,18,červenec,čtvrtek,45-60,Brno-jih,16.60222155,49.14811925,{312D2C7E-198B-4F2D-814E-C3101B4FF541}
16.6107322010001,49.18220746,891,1,892,60206181340,-598119.35,-1162203.793,2018/07/13 00:00:00+00,5,2018,7,havárie,řidič se plně nevěnoval řízení vozidla,Ne,řidičem nemotorového vozidla,nehoda s následky na životě nebo zdraví,"povrch suchý, neznečistěný",neztížené,"ve dne, viditelnost nezhoršená vlivem povětrnostních podmínek",dobré,žádné nebo žádné z uvedených,komunikace místní,jízdní kolo,dobrý -žádné nepříznivé okolnosti nebyly zjiště,1,řidič,"s přilbou (pouze u motocyklistů, příp. cyklistů)",žena,lehké zranění,0,0,1,0,1125,11,červenec,pátek,16-18,Brno-střed,16.61073219,49.18220746,{967150D9-E8D7-4222-BF47-FAA2A883A918}
16.656259059,49.1964815040001,892,1,893,60206181344,-594650.081,-1160981.065,2018/07/13 00:00:00+00,5,2018,7,havárie,jiný druh nesprávného způsobu jízdy,Ne,řidičem nemotorového vozidla,nehoda s následky na životě nebo zdraví,"povrch suchý, neznečistěný",neztížené,"ve dne, viditelnost nezhoršená vlivem povětrnostních podmínek",dobré,žádné nebo žádné z uvedených,komunikace sledovaná (ve vybraných městech),jízdní kolo,dobrý -žádné nepříznivé okolnosti nebyly zjiště,1,řidič,"bez přilby (pouze u motocyklistů, příp. cyklistů)",muž,lehké zranění,0,0,1,30,1830,18,červenec,pátek,61-70,Brno-Židenice,16.65625905,49.1964815,{FA848B0A-70E7-4E21-983C-C85E647DDC45}
16.579710517,49.2188443420001,893,1,894,60206181373,-599928.327,-1157910.023,2018/07/17 00:00:00+00,2,2018,7,"srážka s vozidlem zaparkovaným, odstaveným","nepřizpůsobení rychlosti stavu vozovky (náledí, výtluky, bláto, mokrý povrch apod.)","Ano, obsah alkoholu v krvi od 1,0‰ do 1,5‰",řidičem nemotorového vozidla,nehoda s následky na životě nebo zdraví,povrch mokrý,"na počátku deště, slabý déšť, mrholení apod.","v noci - s veřejným osvětlením, zhoršená viditelnost vlivem povětrnostních podmínek (mlha, déšť, sněžení apod.)",dobré,žádné nebo žádné z uvedených,komunikace místní,jízdní kolo,pod vlivem alkoholu obsah alkoholu v krvi 1 ‰ a víc,1,řidič,"s přilbou (pouze u motocyklistů, příp. cyklistů)",muž,lehké zranění,0,0,1,310,2314,23,červenec,úterý,24-32,Brno-Žabovřesky,16.57971051,49.21884434,{021777CA-4049-4D46-9AB2-538D1E434069}
16.593918333,49.197964047,894,1,895,60206181386,-599149.333,-1160329.993,2018/07/19 00:00:00+00,4,2018,7,srážka s jedoucím nekolejovým vozidlem,nezaviněná řidičem,Ne,jiným účastníkem silničního provozu,nehoda s následky na životě nebo zdraví,"povrch suchý, neznečistěný",neztížené,"ve dne, viditelnost nezhoršená vlivem povětrnostních podmínek",dobré,žádné nebo žádné z uvedených,komunikace sledovaná (ve vybraných městech),jízdní kolo,dobrý -žádné nepříznivé okolnosti nebyly zjiště,1,řidič,"s přilbou (pouze u motocyklistů, příp. cyklistů)",muž,lehké zranění,0,0,1,120,1725,17,červenec,čtvrtek,45-60,Brno-střed,16.59391832,49.19796404,{EA6AAC26-0AFA-4CE2-8A2F-1E6E8DE3F7E1}
16.566266894,49.1886512460001,895,1,896,60206181403,-601264.524,-1161142.279,2018/07/23 00:00:00+00,1,2018,7,srážka s jedoucím nekolejovým vozidlem,vyhýbání bez dostatečného bočního odstupu (vůle),Ne,řidičem nemotorového vozidla,nehoda pouze s hmotnou škodou,"povrch suchý, neznečistěný",neztížené,"ve dne, viditelnost nezhoršená vlivem povětrnostních podmínek",dobré,žádné nebo žádné z uvedených,komunikace účelová - polní a lesní cesty atd.,jízdní kolo,dobrý -žádné nepříznivé okolnosti nebyly zjiště,1,řidič,"s přilbou (pouze u motocyklistů, příp. cyklistů)",muž,bez zraněn,0,0,0,20,1435,14,červenec,pondělí,61-70,Brno-střed,16.56626689,49.18865124,{0310DD35-EEE9-4564-8BA6-B0537BBBC4B6}
16.566266894,49.1886512460001,896,1,897,60206181403,-601264.524,-1161142.279,2018/07/23 00:00:00+00,1,2018,7,srážka s jedoucím nekolejovým vozidlem,vyhýbání bez dostatečného bočního odstupu (vůle),Ne,řidičem nemotorového vozidla,nehoda pouze s hmotnou škodou,"povrch suchý, neznečistěný",neztížené,"ve dne, viditelnost nezhoršená vlivem povětrnostních podmínek",dobré,žádné nebo žádné z uvedených,komunikace účelová - polní a lesní cesty atd.,jízdní kolo,dobrý -žádné nepříznivé okolnosti nebyly zjiště,1,řidič,"s přilbou (pouze u motocyklistů, příp. cyklistů)",žena,bez zraněn,0,0,0,20,1435,14,červenec,pondělí,61-70,Brno-střed,16.56626689,49.18865124,{C9E83AC3-93B8-488C-BE40-657A063CBBBE}
16.602528272,49.19742082,897,1,898,60206181412,-598532.024,-1160457.554,2018/07/25 00:00:00+00,3,2018,7,havárie,"nepřizpůsobení rychlosti dopravně technickému stavu vozovky (zatáčka, klesání, stoupání, šířka vozovky apod.)","Ano, obsah alkoholu v krvi od 0,24‰ do 0,5‰",řidičem nemotorového vozidla,nehoda s následky na životě nebo zdraví,"povrch suchý, neznečistěný",neztížené,"v noci - s veřejným osvětlením, viditelnost nezhoršená vlivem povětrnostních podmínek",dobré,žádné nebo žádné z uvedených,komunikace sledovaná (ve vybraných městech),jízdní kolo,"pod vlivem alkoholu, obsah alkoholu v krvi do 0,99 ‰",1,řidič,"bez přilby (pouze u motocyklistů, příp. cyklistů)",žena,lehké zranění,0,0,1,10,25,2,červenec,středa,24-32,Brno-střed,16.60252826,49.19742082,{A92DB66A-8C96-4601-B1BD-A0C4726D9BA9}
16.627097285,49.1989933130001,898,1,899,60206181417,-596733.15,-1160475.93,2018/07/25 00:00:00+00,3,2018,7,srážka s jedoucím nekolejovým vozidlem,při odbočování vlevo,Ne,řidičem motorového vozidla,nehoda s následky na životě nebo zdraví,"povrch suchý, neznečistěný",neztížené,"ve dne, viditelnost nezhoršená vlivem povětrnostních podmínek",dobré,žádné nebo žádné z uvedených,komunikace místní,jízdní kolo,dobrý -žádné nepříznivé okolnosti nebyly zjiště,1,řidič,"bez přilby (pouze u motocyklistů, příp. cyklistů)",žena,lehké zranění,0,0,1,150,1318,13,červenec,středa,24-32,Brno-sever,16.62709728,49.19899331,{45F6E662-E37A-44B0-BC7A-AB9C558F6ECD}
16.6237614240001,49.204508365,899,1,900,60206181420,-596909.069,-1159840.109,2018/07/25 00:00:00+00,3,2018,7,srážka s jedoucím nekolejovým vozidlem,při odbočování vlevo,Ne,řidičem motorového vozidla,nehoda s následky na životě nebo zdraví,"povrch suchý, neznečistěný",neztížené,"ve dne, viditelnost nezhoršená vlivem povětrnostních podmínek",dobré,žádné nebo žádné z uvedených,uzel (křižovatka sledovaná ve vybraných městech),jízdní kolo,dobrý -žádné nepříznivé okolnosti nebyly zjiště,1,řidič,"s přilbou (pouze u motocyklistů, příp. cyklistů)",muž,těžké zranění,0,1,0,50,1815,18,červenec,středa,33-44,Brno-sever,16.62376142,49.20450836,{574C11C3-F0E6-4547-848F-6F145A7B2709}
16.6132539820001,49.1926593330001,900,1,901,60206181440,-597811.769,-1161067.977,2018/07/29 00:00:00+00,7,2018,7,jiný druh nehody,jiný druh nepřiměřené rychlosti,Ne,řidičem nemotorového vozidla,nehoda s následky na životě nebo zdraví,"povrch suchý, neznečistěný",neztížené,"ve dne, viditelnost nezhoršená vlivem povětrnostních podmínek",dobré,v blízkosti přechodu pro chodce (do vzdálenosti 20 m),komunikace sledovaná (ve vybraných městech),jízdní kolo,dobrý -žádné nepříznivé okolnosti nebyly zjiště,1,řidič,"s přilbou (pouze u motocyklistů, příp. cyklistů)",muž,lehké zranění,0,0,1,20,1815,18,červenec,neděle,24-32,Brno-střed,16.61325397,49.19265933,{E9868C9E-3B68-46C0-871E-94F5C050A401}
16.6041244940001,49.1833070850001,901,1,902,60206181443,-598585.102,-1162030.457,2018/07/30 00:00:00+00,1,2018,7,srážka s jedoucím nekolejovým vozidlem,řidič se plně nevěnoval řízení vozidla,Ne,řidičem nemotorového vozidla,nehoda s následky na životě nebo zdraví,"povrch suchý, neznečistěný",neztížené,"ve dne, viditelnost nezhoršená vlivem povětrnostních podmínek",dobré,žádné nebo žádné z uvedených,komunikace místní,jízdní kolo,dobrý -žádné nepříznivé okolnosti nebyly zjiště,1,řidič,"bez přilby (pouze u motocyklistů, příp. cyklistů)",muž,lehké zranění,0,0,1,40,1105,11,červenec,pondělí,45-60,Brno-střed,16.60412449,49.18330708,{6A7A7249-80CD-45E0-A569-6754F869F4B6}
16.6041244940001,49.1833070850001,902,1,903,60206181443,-598585.102,-1162030.457,2018/07/30 00:00:00+00,1,2018,7,srážka s jedoucím nekolejovým vozidlem,řidič se plně nevěnoval řízení vozidla,Ne,řidičem nemotorového vozidla,nehoda s následky na životě nebo zdraví,"povrch suchý, neznečistěný",neztížené,"ve dne, viditelnost nezhoršená vlivem povětrnostních podmínek",dobré,žádné nebo žádné z uvedených,komunikace místní,jízdní kolo,dobrý -žádné nepříznivé okolnosti nebyly zjiště,1,řidič,"s přilbou (pouze u motocyklistů, příp. cyklistů)",muž,bez zraněn,0,0,1,40,1105,11,červenec,pondělí,33-44,Brno-střed,16.60412449,49.18330708,{0502A9AF-DB1E-4A5B-80C3-84C411A6F22E}
16.6221353890001,49.174998703,903,1,904,60206181469,-597378.876,-1163090.034,2018/08/02 00:00:00+00,4,2018,8,srážka s jedoucím nekolejovým vozidlem,"jízda na ""červenou"" 3-barevného semaforu","Ano, obsah alkoholu v krvi od 1,0‰ do 1,5‰",řidičem nemotorového vozidla,nehoda s následky na životě nebo zdraví,"povrch suchý, neznečistěný",neztížené,"v noci - s veřejným osvětlením, viditelnost nezhoršená vlivem povětrnostních podmínek",dobré,přechod pro chodce,uzel (křižovatka sledovaná ve vybraných městech),jízdní kolo,pod vlivem alkoholu obsah alkoholu v krvi 1 ‰ a víc,1,řidič,"s přilbou (pouze u motocyklistů, příp. cyklistů)",muž,lehké zranění,0,0,1,350,2123,21,srpen,čtvrtek,61-70,Brno-jih,16.62213538,49.1749987,{AD84AACF-8C8F-4369-AFEA-78B1ACA5A319}
16.6264764750001,49.2023974890001,904,1,905,60206181473,-596737.544,-1160094.706,2018/08/03 00:00:00+00,5,2018,8,srážka s jedoucím nekolejovým vozidlem,"jízda na ""červenou"" 3-barevného semaforu",Ne,řidičem nemotorového vozidla,nehoda s následky na životě nebo zdraví,"povrch suchý, neznečistěný",neztížené,"ve dne, zhoršená viditelnost (svítání, soumrak)",dobré,v blízkosti přechodu pro chodce (do vzdálenosti 20 m),uzel (křižovatka sledovaná ve vybraných městech),jízdní kolo,dobrý -žádné nepříznivé okolnosti nebyly zjiště,1,řidič,"bez přilby (pouze u motocyklistů, příp. cyklistů)",muž,lehké zranění,0,0,1,50,2025,20,srpen,pátek,33-44,Brno-sever,16.62647647,49.20239749,{80792E0F-DC85-4605-B00E-8F62EC80DB10}
16.599463271,49.2154917300001,905,1,906,60206181483,-598537.931,-1158435.644,2018/08/05 00:00:00+00,7,2018,8,srážka s jedoucím nekolejovým vozidlem,"nepřizpůsobení rychlosti dopravně technickému stavu vozovky (zatáčka, klesání, stoupání, šířka vozovky apod.)","Ano, obsah alkoholu v krvi od 0,24‰ do 0,5‰",řidičem nemotorového vozidla,nehoda s následky na životě nebo zdraví,"povrch suchý, neznečistěný",neztížené,"ve dne, viditelnost nezhoršená vlivem povětrnostních podmínek",dobré,přechod pro chodce,uzel (křižovatka sledovaná ve vybraných městech),jízdní kolo,"pod vlivem alkoholu, obsah alkoholu v krvi do 0,99 ‰",1,řidič,"bez přilby (pouze u motocyklistů, příp. cyklistů)",muž,lehké zranění,0,0,1,20,1920,19,srpen,neděle,24-32,Brno-Královo Pole,16.59946326,49.21549173,{1F9176B4-BCD4-4E03-B567-39CB69E3F0FD}
16.55387869,49.2205350310001,906,1,907,60206181491,-601778.677,-1157519.899,2018/08/06 00:00:00+00,1,2018,8,havárie,řidič se plně nevěnoval řízení vozidla,Ne,řidičem nemotorového vozidla,nehoda s následky na životě nebo zdraví,"povrch suchý, neznečistěný",neztížené,"ve dne, viditelnost nezhoršená vlivem povětrnostních podmínek",dobré,v blízkosti přechodu pro chodce (do vzdálenosti 20 m),komunikace sledovaná (ve vybraných městech),jízdní kolo,dobrý -žádné nepříznivé okolnosti nebyly zjiště,1,řidič,"s přilbou (pouze u motocyklistů, příp. cyklistů)",muž,lehké zranění,0,0,1,40,1025,10,srpen,pondělí,61-70,Brno-Komín,16.55387868,49.22053503,{55323037-9A49-41FC-A24D-DC230AFCD5FC}
16.5892616130001,49.1848645150001,907,1,908,60206181494,-599643.606,-1161741.691,2018/08/06 00:00:00+00,1,2018,8,havárie,"nepřizpůsobení rychlosti dopravně technickému stavu vozovky (zatáčka, klesání, stoupání, šířka vozovky apod.)",Ne,řidičem nemotorového vozidla,nehoda s následky na životě nebo zdraví,"povrch suchý, neznečistěný",neztížené,"ve dne, viditelnost nezhoršená vlivem povětrnostních podmínek",dobré,žádné nebo žádné z uvedených,komunikace místní,jízdní kolo,dobrý -žádné nepříznivé okolnosti nebyly zjiště,1,řidič,"s přilbou (pouze u motocyklistů, příp. cyklistů)",žena,lehké zranění,0,0,1,50,1600,16,srpen,pondělí,19-24,Brno-střed,16.5892616,49.18486451,{20701378-ED15-455E-8AF7-9498488333F4}
16.499108069,49.2424282520001,908,1,909,60206181506,-605479.588,-1154666.788,2018/08/07 00:00:00+00,2,2018,8,srážka s jedoucím nekolejovým vozidlem,jiné nedání přednosti,Ne,řidičem motorového vozidla,nehoda s následky na životě nebo zdraví,"povrch suchý, neznečistěný",neztížené,"ve dne, viditelnost nezhoršená vlivem povětrnostních podmínek",dobré,žádné nebo žádné z uvedených,komunikace sledovaná (ve vybraných městech),jízdní kolo,dobrý -žádné nepříznivé okolnosti nebyly zjiště,1,řidič,"bez přilby (pouze u motocyklistů, příp. cyklistů)",žena,lehké zranění,0,0,1,100,1750,17,srpen,úterý,71 a více,Brno-Bystrc,16.49910806,49.24242825,{FFCA599A-762E-4ACA-B6CB-160AD698AE0F}
16.536409812,49.221743492,909,1,910,60206181538,-603029.087,-1157248.522,2018/08/11 00:00:00+00,6,2018,8,srážka s jedoucím nekolejovým vozidlem,jiné nedání přednosti,Ne,řidičem motorového vozidla,nehoda s následky na životě nebo zdraví,"povrch suchý, neznečistěný",neztížené,"ve dne, viditelnost nezhoršená vlivem povětrnostních podmínek",dobré,přechod pro chodce,komunikace sledovaná (ve vybraných městech),jízdní kolo,dobrý -žádné nepříznivé okolnosti nebyly zjiště,1,řidič,"bez přilby (pouze u motocyklistů, příp. cyklistů)",žena,lehké zranění,0,0,1,300,1200,12,srpen,sobota,33-44,Brno-Komín,16.5364098,49.22174349,{9CB55A54-FF19-4E28-8EA3-6B42C5997532}
16.593662022,49.2105886460001,910,1,911,60206181550,-599016.783,-1158932.241,2018/08/14 00:00:00+00,2,2018,8,srážka s jedoucím nekolejovým vozidlem,při odbočování vlevo,Ne,řidičem motorového vozidla,nehoda s následky na životě nebo zdraví,"povrch suchý, neznečistěný",neztížené,"ve dne, viditelnost nezhoršená vlivem povětrnostních podmínek",dobré,žádné nebo žádné z uvedených,komunikace sledovaná (ve vybraných městech),jízdní kolo,dobrý -žádné nepříznivé okolnosti nebyly zjiště,1,řidič,"s přilbou (pouze u motocyklistů, příp. cyklistů)",žena,lehké zranění,0,0,1,350,745,7,srpen,úterý,33-44,Brno-střed,16.59366201,49.21058864,{FB4BC8E6-6240-4A88-ADDA-6DC2B1E4B5AD}
16.6152631590001,49.1960774510001,911,1,912,60206181554,-597625.374,-1160705.791,2018/08/14 00:00:00+00,2,2018,8,srážka s jedoucím nekolejovým vozidlem,při odbočování vlevo,Ne,řidičem nemotorového vozidla,nehoda s následky na životě nebo zdraví,"povrch suchý, neznečistěný",neztížené,"ve dne, viditelnost nezhoršená vlivem povětrnostních podmínek",dobré,přechod pro chodce,uzel (křižovatka sledovaná ve vybraných městech),jízdní kolo,dobrý -žádné nepříznivé okolnosti nebyly zjiště,1,řidič,"bez přilby (pouze u motocyklistů, příp. cyklistů)",muž,lehké zranění,0,0,1,250,1910,19,srpen,úterý,24-32,Brno-střed,16.61526315,49.19607745,{6E11391C-93E0-4F7D-9BC4-B06FD48EB47C}
16.7187979400001,49.2159279250001,912,1,913,60206181560,-589889.103,-1159315.713,2018/08/15 00:00:00+00,3,2018,8,srážka s jedoucím nekolejovým vozidlem,"jízda po nesprávné straně vozovky, vjetí do protisměru",Ne,řidičem nemotorového vozidla,nehoda s následky na životě nebo zdraví,"povrch suchý, neznečistěný",neztížené,"ve dne, viditelnost nezhoršená vlivem povětrnostních podmínek",dobré,žádné nebo žádné z uvedených,komunikace místní,jízdní kolo,dobrý -žádné nepříznivé okolnosti nebyly zjiště,1,řidič,"bez přilby (pouze u motocyklistů, příp. cyklistů)",muž,bez zraněn,0,1,0,50,1855,18,srpen,středa,33-44,Brno-Líšeň,16.71879793,49.21592792,{344938DD-0951-477A-B8DE-A3BAE7266C4C}
16.7187979400001,49.2159279250001,913,1,914,60206181560,-589889.103,-1159315.713,2018/08/15 00:00:00+00,3,2018,8,srážka s jedoucím nekolejovým vozidlem,"jízda po nesprávné straně vozovky, vjetí do protisměru",Ne,řidičem nemotorového vozidla,nehoda s následky na životě nebo zdraví,"povrch suchý, neznečistěný",neztížené,"ve dne, viditelnost nezhoršená vlivem povětrnostních podmínek",dobré,žádné nebo žádné z uvedených,komunikace místní,jízdní kolo,dobrý -žádné nepříznivé okolnosti nebyly zjiště,1,řidič,"s přilbou (pouze u motocyklistů, příp. cyklistů)",muž,těžké zranění,0,1,0,50,1855,18,srpen,středa,45-60,Brno-Líšeň,16.71879793,49.21592792,{4CE7F9DE-3A57-4862-A3B0-F280522A6790}
16.5799940380001,49.2463034880001,914,1,915,60206181581,-599578.55,-1154876.487,2018/08/19 00:00:00+00,7,2018,8,havárie,řidič se plně nevěnoval řízení vozidla,Ne,řidičem nemotorového vozidla,nehoda s následky na životě nebo zdraví,"povrch suchý, neznečistěný",neztížené,"ve dne, zhoršená viditelnost (svítání, soumrak)",dobré,žádné nebo žádné z uvedených,komunikace sledovaná (ve vybraných městech),jízdní kolo,dobrý -žádné nepříznivé okolnosti nebyly zjiště,1,řidič,"bez přilby (pouze u motocyklistů, příp. cyklistů)",žena,lehké zranění,0,0,1,10,2010,20,srpen,neděle,24-32,Brno-Řečkovice a Mokrá Hora,16.57999403,49.24630348,{CA159D2F-30F4-46E5-80C7-4768B9880C1B}
16.631633745,49.20762261,915,1,916,60206181607,-596301.652,-1159557.277,2018/08/23 00:00:00+00,4,2018,8,srážka s jedoucím nekolejovým vozidlem,při vjíždění na silnici,Ne,řidičem nemotorového vozidla,nehoda s následky na životě nebo zdraví,"povrch suchý, neznečistěný",neztížené,"ve dne, viditelnost nezhoršená vlivem povětrnostních podmínek",dobré,žádné nebo žádné z uvedených,komunikace místní,jízdní kolo,dobrý -žádné nepříznivé okolnosti nebyly zjiště,1,řidič,"s přilbou (pouze u motocyklistů, příp. cyklistů)",muž,lehké zranění,0,0,1,20,1830,18,srpen,čtvrtek,61-70,Brno-sever,16.63163374,49.20762261,{0FC0A116-22C8-46C0-B3D5-6FB2EA72593D}
16.631633745,49.20762261,916,1,917,60206181607,-596301.652,-1159557.277,2018/08/23 00:00:00+00,4,2018,8,srážka s jedoucím nekolejovým vozidlem,při vjíždění na silnici,Ne,řidičem nemotorového vozidla,nehoda s následky na životě nebo zdraví,"povrch suchý, neznečistěný",neztížené,"ve dne, viditelnost nezhoršená vlivem povětrnostních podmínek",dobré,žádné nebo žádné z uvedených,komunikace místní,jízdní kolo,dobrý -žádné nepříznivé okolnosti nebyly zjiště,1,řidič,"s přilbou (pouze u motocyklistů, příp. cyklistů)",muž,bez zraněn,0,0,1,20,1830,18,srpen,čtvrtek,33-44,Brno-sever,16.63163374,49.20762261,{CE5F94F9-B20F-4639-8D64-3B404DFD7380}
16.643779151,49.2155836800001,917,1,918,60206181608,-595327.106,-1158771.802,2018/08/23 00:00:00+00,4,2018,8,havárie,"nepřizpůsobení rychlosti stavu vozovky (náledí, výtluky, bláto, mokrý povrch apod.)",Ne,řidičem nemotorového vozidla,nehoda s následky na životě nebo zdraví,"povrch suchý, neznečistěný",neztížené,"ve dne, viditelnost nezhoršená vlivem povětrnostních podmínek",dobré,žádné nebo žádné z uvedených,uzel (křižovatka sledovaná ve vybraných městech),jízdní kolo,dobrý -žádné nepříznivé okolnosti nebyly zjiště,1,řidič,"s přilbou (pouze u motocyklistů, příp. cyklistů)",muž,lehké zranění,0,0,1,10,1850,18,srpen,čtvrtek,71 a více,Brno-Maloměřice a Obřany,16.64377914,49.21558368,{9442277F-D7E5-40CF-BF79-1F84B44B19D4}
16.6165701960001,49.1967904580001,918,1,919,60206181638,-597522.16,-1160637.186,2018/08/29 00:00:00+00,3,2018,8,srážka s jedoucím nekolejovým vozidlem,při odbočování vlevo,Pod vlivem drog,řidičem motorového vozidla,nehoda s následky na životě nebo zdraví,"povrch suchý, neznečistěný",neztížené,"ve dne, viditelnost nezhoršená vlivem povětrnostních podmínek",dobré,přechod pro chodce,komunikace sledovaná (ve vybraných městech),jízdní kolo,dobrý -žádné nepříznivé okolnosti nebyly zjiště,1,řidič,"s přilbou (pouze u motocyklistů, příp. cyklistů)",muž,těžké zranění,0,1,0,600,1106,11,srpen,středa,24-32,Brno-střed,16.61657019,49.19679045,{4DC531CA-4639-469B-A5CA-180A99F1F127}
16.655178059,49.1963995190001,919,1,920,60206181680,-594729.384,-1160981.714,2018/09/06 00:00:00+00,4,2018,9,srážka s jedoucím nekolejovým vozidlem,při odbočování vlevo,Ne,řidičem motorového vozidla,nehoda s následky na životě nebo zdraví,"povrch suchý, neznečistěný",neztížené,"ve dne, zhoršená viditelnost (svítání, soumrak)",dobré,v blízkosti přechodu pro chodce (do vzdálenosti 20 m),komunikace sledovaná (ve vybraných městech),jízdní kolo,dobrý -žádné nepříznivé okolnosti nebyly zjiště,1,řidič,"s přilbou (pouze u motocyklistů, příp. cyklistů)",muž,lehké zranění,0,0,1,140,610,6,září,čtvrtek,45-60,Brno-Židenice,16.65517805,49.19639952,{6C1E54FF-4FCC-4A8B-B952-42F5A33C90CA}
16.579487151,49.21219605,920,1,921,60206181684,-600024.223,-1158643.272,2018/09/07 00:00:00+00,5,2018,9,havárie,nepřizpůsobení rychlosti vlastnostem vozidla a nákladu,"Ano, obsah alkoholu v krvi do 0,24 ‰",řidičem nemotorového vozidla,nehoda s následky na životě nebo zdraví,"povrch suchý, neznečistěný",neztížené,"ve dne, viditelnost nezhoršená vlivem povětrnostních podmínek",dobré,žádné nebo žádné z uvedených,komunikace sledovaná (ve vybraných městech),jízdní kolo,"pod vlivem alkoholu, obsah alkoholu v krvi do 0,99 ‰",1,řidič,"bez přilby (pouze u motocyklistů, příp. cyklistů)",žena,lehké zranění,0,0,1,0,1515,15,září,pátek,33-44,Brno-Žabovřesky,16.57948714,49.21219605,{A6A2257E-25BE-4C79-A1F6-EB0A4A92F313}
16.6223328470001,49.2089688930001,921,1,922,60206181693,-596959.355,-1159335.78,2018/09/09 00:00:00+00,7,2018,9,havárie,nezvládnutí řízení vozidla,Ne,řidičem nemotorového vozidla,nehoda s následky na životě nebo zdraví,"povrch suchý, neznečistěný",neztížené,"ve dne, viditelnost nezhoršená vlivem povětrnostních podmínek",dobré,žádné nebo žádné z uvedených,komunikace místní,jízdní kolo,dobrý -žádné nepříznivé okolnosti nebyly zjiště,1,řidič,"bez přilby (pouze u motocyklistů, příp. cyklistů)",muž,lehké zranění,0,0,1,0,800,8,září,neděle,61-70,Brno-sever,16.62233284,49.20896889,{4548CC1C-3942-44AC-B818-29138F138005}
16.5939090140001,49.2103926300001,922,1,923,60206181695,-599001.239,-1158955.849,2018/09/09 00:00:00+00,7,2018,9,"srážka s vozidlem zaparkovaným, odstaveným",řidič se plně nevěnoval řízení vozidla,Ne,řidičem motorového vozidla,nehoda s následky na životě nebo zdraví,"povrch suchý, neznečistěný",neztížené,"ve dne, viditelnost nezhoršená vlivem povětrnostních podmínek",dobré,žádné nebo žádné z uvedených,komunikace sledovaná (ve vybraných městech),jízdní kolo,dobrý -žádné nepříznivé okolnosti nebyly zjiště,1,řidič,"s přilbou (pouze u motocyklistů, příp. cyklistů)",žena,lehké zranění,0,0,1,110,1720,17,září,neděle,45-60,Brno-střed,16.59390901,49.21039263,{E3278F85-28D4-4B28-B431-C63BEEC1AEDD}
16.5998302690001,49.215416718,923,1,924,60206181719,-598512.248,-1158446.813,2018/09/12 00:00:00+00,3,2018,9,srážka s jedoucím nekolejovým vozidlem,při odbočování vlevo,Ne,řidičem motorového vozidla,nehoda s následky na životě nebo zdraví,"povrch suchý, neznečistěný",neztížené,"v noci - s veřejným osvětlením, viditelnost nezhoršená vlivem povětrnostních podmínek",dobré,žádné nebo žádné z uvedených,uzel (křižovatka sledovaná ve vybraných městech),jízdní kolo,"pod vlivem alkoholu, obsah alkoholu v krvi do 0,99 ‰",0,řidič,"s přilbou (pouze u motocyklistů, příp. cyklistů)",muž,lehké zranění,0,0,1,20,2028,20,září,středa,24-32,Brno-Královo Pole,16.59983026,49.21541671,{921FC137-D791-4440-B366-2A22630146C0}