X,Y,objectid,join_count,target_fid,id,d,e,datum,den,rok,mesic,srazka,pricina,alkohol,zavineni,nasledky,stav_vozovky,povetrnostni_podm,viditelnost,rozhled,misto_nehody,druh_komun,druh_vozidla,stav_ridic,ovlivneni_ridice,osoba,ozn_osoba,pohlavi,nasledek,usmrceno_os,tezce_zran_os,lehce_zran_os,hmotna_skoda,cas,hodina,mesic_t,den_v_tydnu,vek_skupina,nazev,point_x,point_y,globalid
16.623079622,49.2048216800001,924,1,925,60206181721,-596954.725,-1159800.14,2018/09/12 00:00:00+00,3,2018,9,srážka s jedoucím nekolejovým vozidlem,při odbočování vlevo,Nezjišťován,řidičem motorového vozidla,nehoda s následky na životě nebo zdraví,"povrch suchý, neznečistěný",neztížené,"v noci - s veřejným osvětlením, viditelnost nezhoršená vlivem povětrnostních podmínek",dobré,žádné nebo žádné z uvedených,uzel (křižovatka sledovaná ve vybraných městech),jízdní kolo,"pod vlivem alkoholu, obsah alkoholu v krvi do 0,99 ‰",1,řidič,"s přilbou (pouze u motocyklistů, příp. cyklistů)",muž,lehké zranění,0,0,1,390,2200,22,září,středa,33-44,Brno-sever,16.62307961,49.20482168,{3E110EEC-4B77-4922-A214-937FFF341C81}
16.5768736420001,49.239093273,925,1,926,60206181742,-599890.887,-1155649.115,2018/09/15 00:00:00+00,6,2018,9,srážka s jedoucím nekolejovým vozidlem,při odbočování vlevo souběžně jedoucímu vozidlu,Ne,řidičem nemotorového vozidla,nehoda s následky na životě nebo zdraví,"povrch suchý, neznečistěný",neztížené,"ve dne, viditelnost nezhoršená vlivem povětrnostních podmínek",dobré,parkoviště přiléhající ke komunikaci,komunikace sledovaná (ve vybraných městech),jízdní kolo,dobrý -žádné nepříznivé okolnosti nebyly zjiště,1,řidič,"s přilbou (pouze u motocyklistů, příp. cyklistů)",chlapec (do 15 let),lehké zranění,0,0,1,210,1055,10,září,sobota,12-15,Brno-Medlánky,16.57687363,49.23909327,{3057CB2B-354E-4137-B6E7-4873E66911B3}
16.628618021,49.1942440440001,926,1,927,60206181748,-596679.575,-1161012.901,2018/09/16 00:00:00+00,7,2018,9,jiný druh nehody,nezvládnutí řízení vozidla,Ne,řidičem nemotorového vozidla,nehoda s následky na životě nebo zdraví,"povrch suchý, neznečistěný",neztížené,"ve dne, viditelnost nezhoršená vlivem povětrnostních podmínek",dobré,žádné nebo žádné z uvedených,komunikace účelová - polní a lesní cesty atd.,jízdní kolo,dobrý -žádné nepříznivé okolnosti nebyly zjiště,1,řidič,"s přilbou (pouze u motocyklistů, příp. cyklistů)",muž,lehké zranění,0,0,1,20,1305,13,září,neděle,61-70,Brno-střed,16.62861801,49.19424404,{B29A419D-0CFD-4664-AEFA-53676123A6D6}
16.5537584420001,49.2161038410001,927,1,928,60206181762,-601840.686,-1158008.825,2018/09/18 00:00:00+00,2,2018,9,srážka s jedoucím nekolejovým vozidlem,nepřizpůsobení rychlosti intenzitě (hustotě) provozu,Nezjišťován,řidičem nemotorového vozidla,nehoda s následky na životě nebo zdraví,"povrch suchý, neznečistěný",neztížené,"ve dne, viditelnost nezhoršená vlivem povětrnostních podmínek",dobré,žádné nebo žádné z uvedených,komunikace místní,jízdní kolo,,,,,,,0,0,1,5,1709,17,září,úterý,,Brno-Komín,16.55375843,49.21610384,{65F729BB-92F2-40A7-90BF-3E553E06F605}
16.5537584420001,49.2161038410001,928,1,929,60206181762,-601840.686,-1158008.825,2018/09/18 00:00:00+00,2,2018,9,srážka s jedoucím nekolejovým vozidlem,nepřizpůsobení rychlosti intenzitě (hustotě) provozu,Nezjišťován,řidičem nemotorového vozidla,nehoda s následky na životě nebo zdraví,"povrch suchý, neznečistěný",neztížené,"ve dne, viditelnost nezhoršená vlivem povětrnostních podmínek",dobré,žádné nebo žádné z uvedených,komunikace místní,jízdní kolo,dobrý -žádné nepříznivé okolnosti nebyly zjiště,1,řidič,"s přilbou (pouze u motocyklistů, příp. cyklistů)",chlapec (do 15 let),lehké zranění,0,0,1,5,1709,17,září,úterý,12-15,Brno-Komín,16.55375843,49.21610384,{6635DB91-DD10-4420-A9E5-1173C23E4C06}
16.506635901,49.185578504,929,1,930,60206181787,-605622.492,-1161010.82,2018/09/21 00:00:00+00,5,2018,9,srážka s jedoucím nekolejovým vozidlem,nepřizpůsobení rychlosti intenzitě (hustotě) provozu,Ne,řidičem motorového vozidla,nehoda s následky na životě nebo zdraví,"povrch suchý, neznečistěný",neztížené,"ve dne, viditelnost nezhoršená vlivem povětrnostních podmínek",dobré,žádné nebo žádné z uvedených,komunikace sledovaná (ve vybraných městech),jízdní kolo,dobrý -žádné nepříznivé okolnosti nebyly zjiště,1,řidič,"bez přilby (pouze u motocyklistů, příp. cyklistů)",muž,lehké zranění,0,0,1,20,1730,17,září,pátek,61-70,Brno-Bosonohy,16.50663589,49.1855785,{22E30D61-E544-4CF8-BDE2-42E616362FA6}
16.6183487970001,49.2226163720001,930,1,931,60206181833,-597085.079,-1157795.752,2018/09/26 00:00:00+00,3,2018,9,srážka s jedoucím nekolejovým vozidlem,při odbočování vlevo,Ne,řidičem motorového vozidla,nehoda s následky na životě nebo zdraví,"povrch suchý, neznečistěný",neztížené,"ve dne, viditelnost nezhoršená vlivem povětrnostních podmínek",dobré,žádné nebo žádné z uvedených,komunikace sledovaná (ve vybraných městech),jízdní kolo,dobrý -žádné nepříznivé okolnosti nebyly zjiště,1,řidič,"s přilbou (pouze u motocyklistů, příp. cyklistů)",muž,lehké zranění,0,0,1,500,1805,18,září,středa,19-24,Brno-Královo Pole,16.61834879,49.22261637,{67445316-387C-4175-B982-A086780567E1}
16.58534071,49.2384523370001,931,1,932,60206181877,-599285.638,-1155786.441,2018/09/19 00:00:00+00,3,2018,9,srážka s jedoucím nekolejovým vozidlem,vyhýbání bez dostatečného bočního odstupu (vůle),Nezjišťován,řidičem motorového vozidla,nehoda s následky na životě nebo zdraví,"povrch suchý, neznečistěný",neztížené,"ve dne, viditelnost nezhoršená vlivem povětrnostních podmínek",dobré,přechod pro chodce,uzel (křižovatka sledovaná ve vybraných městech),jízdní kolo,dobrý -žádné nepříznivé okolnosti nebyly zjiště,1,řidič,"s přilbou (pouze u motocyklistů, příp. cyklistů)",žena,těžké zranění,0,1,0,100,1645,16,září,středa,45-60,Brno-Řečkovice a Mokrá Hora,16.5853407,49.23845233,{CE304BBF-CC67-45DD-9F06-9C9CBCF281FC}
16.5793341520001,49.212260056,932,1,933,60206181890,-600034.537,-1158634.994,2018/10/06 00:00:00+00,6,2018,10,havárie,nepřizpůsobení rychlosti vlastnostem vozidla a nákladu,Ne,řidičem nemotorového vozidla,nehoda s následky na životě nebo zdraví,"povrch suchý, neznečistěný",neztížené,"ve dne, viditelnost nezhoršená vlivem povětrnostních podmínek",dobré,žádné nebo žádné z uvedených,komunikace sledovaná (ve vybraných městech),jízdní kolo,dobrý -žádné nepříznivé okolnosti nebyly zjiště,1,řidič,"bez přilby (pouze u motocyklistů, příp. cyklistů)",muž,lehké zranění,0,0,1,10,1455,14,říjen,sobota,61-70,Brno-Žabovřesky,16.57933414,49.21226005,{1AE64B58-8D27-4603-90D6-1152183450BB}
16.5542957060001,49.220789036,933,1,934,60206181915,-601745.424,-1157495.104,2018/10/10 00:00:00+00,3,2018,10,srážka s jedoucím nekolejovým vozidlem,při odbočování vlevo,Ne,řidičem motorového vozidla,nehoda s následky na životě nebo zdraví,"povrch suchý, neznečistěný",neztížené,"ve dne, viditelnost nezhoršená vlivem povětrnostních podmínek",dobré,v blízkosti přechodu pro chodce (do vzdálenosti 20 m),uzel (křižovatka sledovaná ve vybraných městech),jízdní kolo,dobrý -žádné nepříznivé okolnosti nebyly zjiště,1,řidič,"bez přilby (pouze u motocyklistů, příp. cyklistů)",muž,lehké zranění,0,0,1,150,1650,16,říjen,středa,61-70,Brno-Komín,16.5542957,49.22078903,{9C6A0AB3-6320-4561-BC82-7D44D62B4260}
16.5367009340001,49.2240655890001,934,1,935,60206181937,-602980.017,-1156994.116,2018/10/14 00:00:00+00,7,2018,10,srážka s jedoucím nekolejovým vozidlem,proti příkazu dopravní značky DEJ PŘEDNOST,Ne,řidičem motorového vozidla,nehoda s následky na životě nebo zdraví,"povrch suchý, neznečistěný",neztížené,"ve dne, viditelnost nezhoršená vlivem povětrnostních podmínek",dobré,v blízkosti přechodu pro chodce (do vzdálenosti 20 m),komunikace místní,jízdní kolo,dobrý -žádné nepříznivé okolnosti nebyly zjiště,1,řidič,"bez přilby (pouze u motocyklistů, příp. cyklistů)",žena,lehké zranění,0,0,1,300,1330,13,říjen,neděle,61-70,Brno-Komín,16.53670093,49.22406559,{F527A258-5676-4225-B73D-93B7014BE8C3}
16.6297276670001,49.2242754010001,935,1,936,60206181939,-596241.269,-1157701.21,2018/10/14 00:00:00+00,7,2018,10,havárie,řidič se plně nevěnoval řízení vozidla,Ne,řidičem nemotorového vozidla,nehoda s následky na životě nebo zdraví,"povrch suchý, neznečistěný",neztížené,"ve dne, viditelnost nezhoršená vlivem povětrnostních podmínek",dobré,žádné nebo žádné z uvedených,komunikace sledovaná (ve vybraných městech),jízdní kolo,dobrý -žádné nepříznivé okolnosti nebyly zjiště,1,řidič,"s přilbou (pouze u motocyklistů, příp. cyklistů)",muž,lehké zranění,0,0,1,50,1615,16,říjen,neděle,45-60,Brno-sever,16.62972766,49.2242754,{0B8FD385-FF47-4123-9DF0-6A623EC6DFDA}
16.667163369,49.202771544,936,1,937,60206181946,-593785.333,-1160370.413,2018/10/15 00:00:00+00,1,2018,10,jiný druh nehody,řidič se plně nevěnoval řízení vozidla,"Ano, obsah alkoholu v krvi 1,5‰ a více",řidičem nemotorového vozidla,nehoda s následky na životě nebo zdraví,"povrch suchý, neznečistěný",neztížené,"ve dne, viditelnost nezhoršená vlivem povětrnostních podmínek",dobré,"výjezd z parkoviště, lesní cesty apod. (pol.36=7,8)","komunikace účelová - ostatní (parkoviště, odpočívky apod.",jízdní kolo,pod vlivem alkoholu obsah alkoholu v krvi 1 ‰ a víc,1,řidič,"bez přilby (pouze u motocyklistů, příp. cyklistů)",muž,lehké zranění,0,0,1,5,1355,13,říjen,pondělí,45-60,Brno-Líšeň,16.66716336,49.20277154,{FD5639EA-90A8-4A10-949E-49B6BFFF445A}
16.639852639,49.2242131570001,937,1,938,60206181983,-595508.79,-1157787.076,2018/10/20 00:00:00+00,6,2018,10,havárie,řidič se plně nevěnoval řízení vozidla,Ne,řidičem nemotorového vozidla,nehoda s následky na životě nebo zdraví,"povrch suchý, neznečistěný",neztížené,"ve dne, viditelnost nezhoršená vlivem povětrnostních podmínek",dobré,žádné nebo žádné z uvedených,komunikace místní,jízdní kolo,dobrý -žádné nepříznivé okolnosti nebyly zjiště,1,řidič,"s přilbou (pouze u motocyklistů, příp. cyklistů)",muž,lehké zranění,0,0,1,20,1635,16,říjen,sobota,45-60,Brno-Maloměřice a Obřany,16.63985263,49.22421315,{77AF1E2E-43B6-4CD0-8437-C31E02D249E4}
16.6254398730001,49.1914939870001,938,1,939,60206182019,-596942.655,-1161292.122,2018/10/25 00:00:00+00,4,2018,10,srážka s jedoucím nekolejovým vozidlem,nedodržení bezpečné vzdálenosti za vozidlem,Ne,řidičem nemotorového vozidla,nehoda s následky na životě nebo zdraví,"povrch suchý, neznečistěný",neztížené,"ve dne, viditelnost nezhoršená vlivem povětrnostních podmínek",dobré,žádné nebo žádné z uvedených,uzel (křižovatka sledovaná ve vybraných městech),jízdní kolo,dobrý -žádné nepříznivé okolnosti nebyly zjiště,1,řidič,"s přilbou (pouze u motocyklistů, příp. cyklistů)",muž,lehké zranění,0,0,1,10,850,8,říjen,čtvrtek,33-44,Brno-střed,16.62543986,49.19149398,{B048C114-702E-4F72-B6CA-C3335AA265BE}
16.5339677760001,49.22090052,939,1,940,60206182043,-603216.08,-1157322.427,2018/10/26 00:00:00+00,5,2018,10,havárie,řidič se plně nevěnoval řízení vozidla,"Ano, obsah alkoholu v krvi 1,5‰ a více",řidičem nemotorového vozidla,nehoda s následky na životě nebo zdraví,"povrch suchý, neznečistěný",neztížené,"v noci - s veřejným osvětlením, viditelnost nezhoršená vlivem povětrnostních podmínek",dobré,žádné nebo žádné z uvedených,komunikace místní,jízdní kolo,pod vlivem alkoholu obsah alkoholu v krvi 1 ‰ a víc,1,řidič,"bez přilby (pouze u motocyklistů, příp. cyklistů)",muž,těžké zranění,0,1,0,10,2240,22,říjen,pátek,71 a více,Brno-Bystrc,16.53396777,49.22090052,{75AB077A-D4C1-4726-8355-F91E819F91C6}
16.6258973720001,49.2006584220001,940,1,941,60206182059,-596800.234,-1160282.457,2018/10/29 00:00:00+00,1,2018,10,srážka s jedoucím nekolejovým vozidlem,řidič se plně nevěnoval řízení vozidla,Ne,řidičem motorového vozidla,nehoda s následky na životě nebo zdraví,povrch mokrý,déšť,"v noci - s veřejným osvětlením, zhoršená viditelnost vlivem povětrnostních podmínek (mlha, déšť, sněžení apod.)",dobré,v blízkosti přechodu pro chodce (do vzdálenosti 20 m),uzel (křižovatka sledovaná ve vybraných městech),jízdní kolo,dobrý -žádné nepříznivé okolnosti nebyly zjiště,1,řidič,"bez přilby (pouze u motocyklistů, příp. cyklistů)",muž,lehké zranění,0,0,1,60,600,6,říjen,pondělí,24-32,Brno-sever,16.62589736,49.20065842,{54BD7FF7-4920-4B8F-ACC9-53782F65C3DE}
16.6018033890001,49.1995459350001,941,1,942,60206182070,-598559.131,-1160216.924,2018/10/29 00:00:00+00,1,2018,10,havárie,řidič se plně nevěnoval řízení vozidla,Ne,řidičem nemotorového vozidla,nehoda s následky na životě nebo zdraví,"povrch suchý, neznečistěný",neztížené,"v noci - s veřejným osvětlením, viditelnost nezhoršená vlivem povětrnostních podmínek",dobré,v blízkosti přechodu pro chodce (do vzdálenosti 20 m),komunikace sledovaná (ve vybraných městech),jízdní kolo,dobrý -žádné nepříznivé okolnosti nebyly zjiště,1,řidič,"s přilbou (pouze u motocyklistů, příp. cyklistů)",muž,lehké zranění,0,0,1,20,1935,19,říjen,pondělí,33-44,Brno-střed,16.60180338,49.19954593,{4C05D482-FE70-4181-98AB-FDAE52EC9164}
16.638295548,49.2044773050001,942,1,943,60206182106,-595856.507,-1159957.02,2018/11/02 00:00:00+00,5,2018,11,srážka s chodcem,nezaviněná řidičem,Ne,chodcem,nehoda s následky na životě nebo zdraví,"povrch suchý, neznečistěný",neztížené,"ve dne, viditelnost nezhoršená vlivem povětrnostních podmínek",dobré,žádné nebo žádné z uvedených,komunikace místní,jízdní kolo,dobrý -žádné nepříznivé okolnosti nebyly zjiště,1,řidič,"s přilbou (pouze u motocyklistů, příp. cyklistů)",muž,lehké zranění,0,0,1,100,1525,15,listopad,pátek,45-60,Brno-Židenice,16.63829554,49.2044773,{D41A677E-C172-46DA-948E-7AED64A4D9A5}
16.6465140380001,49.1956366860001,943,1,944,60206182142,-595366.246,-1160998.565,2018/11/06 00:00:00+00,2,2018,11,srážka s jedoucím nekolejovým vozidlem,při odbočování vlevo,Ne,řidičem motorového vozidla,nehoda s následky na životě nebo zdraví,"povrch suchý, neznečistěný",neztížené,"ve dne, viditelnost nezhoršená vlivem povětrnostních podmínek",dobré,žádné nebo žádné z uvedených,uzel (křižovatka sledovaná ve vybraných městech),jízdní kolo,dobrý -žádné nepříznivé okolnosti nebyly zjiště,1,řidič,"bez přilby (pouze u motocyklistů, příp. cyklistů)",muž,lehké zranění,0,0,1,220,915,9,listopad,úterý,45-60,Brno-Židenice,16.64651403,49.19563668,{11A186B1-D598-4856-BA2B-2A6F945DCFB7}
16.605942998,49.1925485040001,944,1,945,60206182174,-598342.852,-1161022.985,2018/11/11 00:00:00+00,7,2018,11,srážka s pevnou překážkou,řidič se plně nevěnoval řízení vozidla,Ne,řidičem nemotorového vozidla,nehoda pouze s hmotnou škodou,"povrch suchý, neznečistěný",neztížené,"ve dne, viditelnost nezhoršená vlivem povětrnostních podmínek",dobré,žádné nebo žádné z uvedených,komunikace místní,jízdní kolo,dobrý -žádné nepříznivé okolnosti nebyly zjiště,1,řidič,"bez přilby (pouze u motocyklistů, příp. cyklistů)",muž,bez zraněn,0,0,0,50,805,8,listopad,neděle,19-24,Brno-střed,16.60594299,49.1925485,{1DFF4176-DBD0-45A4-AE5F-5992F3920BFE}
16.6791252150001,49.180836361,945,1,946,60206182219,-593178.498,-1162888.711,2018/11/17 00:00:00+00,6,2018,11,havárie,řidič se plně nevěnoval řízení vozidla,Ne,řidičem nemotorového vozidla,nehoda s následky na životě nebo zdraví,"povrch suchý, neznečistěný",neztížené,"ve dne, viditelnost nezhoršená vlivem povětrnostních podmínek",dobré,žádné nebo žádné z uvedených,komunikace sledovaná (ve vybraných městech),jízdní kolo,dobrý -žádné nepříznivé okolnosti nebyly zjiště,1,řidič,"s přilbou (pouze u motocyklistů, příp. cyklistů)",muž,lehké zranění,0,0,1,1100,920,9,listopad,sobota,33-44,Brno-Slatina,16.67912521,49.18083636,{D9D6F864-CCD9-43D5-B819-8B4A3942B854}
16.602962597,49.1852572110001,946,1,947,60206182222,-598645.992,-1161805.748,2018/11/17 00:00:00+00,6,2018,11,srážka s jedoucím nekolejovým vozidlem,jiný druh nesprávného způsobu jízdy,Ne,řidičem nemotorového vozidla,nehoda s následky na životě nebo zdraví,"povrch suchý, neznečistěný",neztížené,"ve dne, viditelnost nezhoršená vlivem povětrnostních podmínek",dobré,přechod pro chodce,komunikace sledovaná (ve vybraných městech),jízdní kolo,dobrý -žádné nepříznivé okolnosti nebyly zjiště,1,řidič,"s přilbou (pouze u motocyklistů, příp. cyklistů)",chlapec (do 15 let),těžké zranění,0,1,0,70,1340,13,listopad,sobota,0-6,Brno-střed,16.60296259,49.18525721,{4B72BC47-36C9-4A45-9316-2B02351F5675}
16.5446090250001,49.1898898210001,947,1,948,60206190298,-602818.957,-1160834.636,2019/02/17 00:00:00+00,7,2019,2,srážka s jedoucím nekolejovým vozidlem,"jízda po nesprávné straně vozovky, vjetí do protisměru",Ne,řidičem motorového vozidla,nehoda s následky na životě nebo zdraví,"povrch suchý, neznečistěný",neztížené,"ve dne, viditelnost nezhoršená vlivem povětrnostních podmínek",dobré,žádné nebo žádné z uvedených,uzel (křižovatka sledovaná ve vybraných městech),jízdní kolo,dobrý -žádné nepříznivé okolnosti nebyly zjiště,1,řidič,"s přilbou (pouze u motocyklistů, příp. cyklistů)",muž,lehké zranění,0,0,1,160,1515,15,únor,neděle,33-44,Brno-Kohoutovice,16.54460902,49.18988982,{7796F0D0-7D73-4D2B-99C6-7B88E6FAB7DD}
16.5299918900001,49.2227276880001,948,1,949,60206190320,-603481.937,-1157089.029,2019/02/19 00:00:00+00,2,2019,2,havárie,řidič se plně nevěnoval řízení vozidla,Ne,řidičem nemotorového vozidla,nehoda s následky na životě nebo zdraví,"povrch suchý, neznečistěný",neztížené,"ve dne, viditelnost nezhoršená vlivem povětrnostních podmínek",dobré,parkoviště přiléhající ke komunikaci,komunikace sledovaná (ve vybraných městech),jízdní kolo,dobrý -žádné nepříznivé okolnosti nebyly zjiště,1,řidič,"bez přilby (pouze u motocyklistů, příp. cyklistů)",žena,lehké zranění,0,0,1,20,1155,11,únor,úterý,45-60,Brno-Bystrc,16.52999188,49.22272768,{1A8C6542-EB3F-4993-AC4F-2F3B82789C32}
16.525844776,49.2204376920001,949,1,950,60206190420,-603809.861,-1157309.404,2019/03/03 00:00:00+00,7,2019,3,srážka s jedoucím nekolejovým vozidlem,proti příkazu dopravní značky DEJ PŘEDNOST,Ne,řidičem motorového vozidla,nehoda s následky na životě nebo zdraví,"povrch suchý, neznečistěný",neztížené,"ve dne, viditelnost nezhoršená vlivem povětrnostních podmínek",dobré,v blízkosti přechodu pro chodce (do vzdálenosti 20 m),uzel (křižovatka sledovaná ve vybraných městech),jízdní kolo,dobrý -žádné nepříznivé okolnosti nebyly zjiště,1,řidič,"s přilbou (pouze u motocyklistů, příp. cyklistů)",muž,lehké zranění,0,0,1,120,1035,10,březen,neděle,33-44,Brno-Bystrc,16.52584477,49.22043769,{19EF8BF2-AC89-4038-BFFB-9B276737D77C}
16.681375068,49.179961086,950,1,951,60206190536,-593025.782,-1163002.959,2019/03/18 00:00:00+00,1,2019,3,srážka s chodcem,řidič se plně nevěnoval řízení vozidla,Ne,řidičem nemotorového vozidla,nehoda s následky na životě nebo zdraví,"povrch suchý, neznečistěný",neztížené,"ve dne, viditelnost nezhoršená vlivem povětrnostních podmínek",dobré,žádné nebo žádné z uvedených,komunikace místní,jízdní kolo,dobrý -žádné nepříznivé okolnosti nebyly zjiště,1,řidič,"bez přilby (pouze u motocyklistů, příp. cyklistů)",muž,lehké zranění,0,0,2,70,830,8,březen,pondělí,24-32,Brno-Slatina,16.68137506,49.17996108,{0AAE2D93-60F1-4DF9-96B9-E50C806BD658}
16.6917702850001,49.1662821300001,951,1,952,60206190595,-592434.041,-1164596.119,2019/03/27 00:00:00+00,3,2019,3,srážka s jedoucím nekolejovým vozidlem,proti příkazu dopravní značky DEJ PŘEDNOST,Ne,řidičem motorového vozidla,nehoda s následky na životě nebo zdraví,"povrch suchý, neznečistěný",neztížené,"ve dne, zhoršená viditelnost (svítání, soumrak)",dobré,žádné nebo žádné z uvedených,uzel (křižovatka sledovaná ve vybraných městech),jízdní kolo,dobrý -žádné nepříznivé okolnosti nebyly zjiště,1,řidič,"s přilbou (pouze u motocyklistů, příp. cyklistů)",muž,lehké zranění,0,0,1,200,540,5,březen,středa,33-44,Brno-Slatina,16.69177028,49.16628213,{A5634F39-5835-449B-B366-232C81F541A6}
16.5243874550001,49.196586623,952,1,953,60206190622,-604203.308,-1159934.531,2019/03/29 00:00:00+00,5,2019,3,havárie,"nepřizpůsobení rychlosti dopravně technickému stavu vozovky (zatáčka, klesání, stoupání, šířka vozovky apod.)",Ne,řidičem nemotorového vozidla,nehoda s následky na životě nebo zdraví,"povrch suchý, neznečistěný",neztížené,"ve dne, viditelnost nezhoršená vlivem povětrnostních podmínek",dobré,žádné nebo žádné z uvedených,komunikace sledovaná (ve vybraných městech),jízdní kolo,dobrý -žádné nepříznivé okolnosti nebyly zjiště,1,řidič,"s přilbou (pouze u motocyklistů, příp. cyklistů)",žena,lehké zranění,0,0,1,10,1625,16,březen,pátek,24-32,Brno-Žebětín,16.52438745,49.19658662,{2A6852EB-7826-4A50-A75A-150B2BDB6632}
16.6071325250001,49.2022579420001,953,1,954,60206190647,-598140.625,-1159958.834,2019/04/01 00:00:00+00,1,2019,4,"srážka s vozidlem zaparkovaným, odstaveným",řidič se plně nevěnoval řízení vozidla,Ne,řidičem nemotorového vozidla,nehoda pouze s hmotnou škodou,"povrch suchý, neznečistěný",neztížené,"ve dne, viditelnost nezhoršená vlivem povětrnostních podmínek",dobré,parkoviště přiléhající ke komunikaci,komunikace sledovaná (ve vybraných městech),jízdní kolo,dobrý -žádné nepříznivé okolnosti nebyly zjiště,1,řidič,"s přilbou (pouze u motocyklistů, příp. cyklistů)",muž,bez zraněn,0,0,0,100,1830,18,duben,pondělí,24-32,Brno-střed,16.60713252,49.20225794,{890EAFB1-F850-4276-A9FE-B24E75F9549C}
16.6152334540001,49.183205818,954,1,955,60206190687,-597781.197,-1162128.652,2019/04/04 00:00:00+00,4,2019,4,srážka s pevnou překážkou,řidič se plně nevěnoval řízení vozidla,Ne,řidičem nemotorového vozidla,nehoda pouze s hmotnou škodou,"povrch suchý, neznečistěný",neztížené,"ve dne, viditelnost nezhoršená vlivem povětrnostních podmínek",dobré,v blízkosti přechodu pro chodce (do vzdálenosti 20 m),komunikace místní,jízdní kolo,dobrý -žádné nepříznivé okolnosti nebyly zjiště,1,řidič,"s přilbou (pouze u motocyklistů, příp. cyklistů)",muž,bez zraněn,0,0,0,10,1810,18,duben,čtvrtek,19-24,Brno-střed,16.61523345,49.18320581,{95FAF63F-B83A-4CCB-98EB-2A2FEE917399}
16.5883051170001,49.211980838,955,1,956,60206190706,-599388.121,-1158736.3,2019/04/07 00:00:00+00,7,2019,4,havárie,řidič se plně nevěnoval řízení vozidla,Ne,řidičem nemotorového vozidla,nehoda s následky na životě nebo zdraví,"povrch suchý, neznečistěný",neztížené,"ve dne, viditelnost nezhoršená vlivem povětrnostních podmínek",dobré,přechod pro chodce,komunikace sledovaná (ve vybraných městech),jízdní kolo,dobrý -žádné nepříznivé okolnosti nebyly zjiště,1,řidič,"s přilbou (pouze u motocyklistů, příp. cyklistů)",žena,lehké zranění,0,0,1,10,1635,16,duben,neděle,45-60,Brno-Žabovřesky,16.58830511,49.21198083,{A9DA9411-8EC6-4FFB-9A5E-4E2F133E045D}
16.6037951480001,49.177059775,956,1,957,60206190753,-598683.66,-1162718.569,2019/04/12 00:00:00+00,5,2019,4,"srážka s vozidlem zaparkovaným, odstaveným",řidič se plně nevěnoval řízení vozidla,Ne,řidičem motorového vozidla,nehoda pouze s hmotnou škodou,"povrch suchý, neznečistěný",neztížené,"ve dne, viditelnost nezhoršená vlivem povětrnostních podmínek",dobré,žádné nebo žádné z uvedených,komunikace místní,jízdní kolo,,,,,,,0,0,0,260,1300,13,duben,pátek,,Brno-střed,16.60379514,49.17705977,{A1378513-28BE-4461-B1C5-1628DFF7F870}
16.615677039,49.2119901880001,957,1,958,60206190758,-597405.418,-1158949.705,2019/04/12 00:00:00+00,5,2019,4,srážka s jedoucím nekolejovým vozidlem,řidič se plně nevěnoval řízení vozidla,Nezjišťován,řidičem motorového vozidla,nehoda s následky na životě nebo zdraví,"povrch suchý, neznečistěný",neztížené,"v noci - s veřejným osvětlením, viditelnost nezhoršená vlivem povětrnostních podmínek",dobré,žádné nebo žádné z uvedených,komunikace sledovaná (ve vybraných městech),jízdní kolo,dobrý -žádné nepříznivé okolnosti nebyly zjiště,1,řidič,"s přilbou (pouze u motocyklistů, příp. cyklistů)",muž,lehké zranění,0,0,1,30,2144,21,duben,pátek,19-24,Brno-Královo Pole,16.61567703,49.21199018,{9F679E17-116D-44C4-A009-EA81784CE86F}
16.6449065510001,49.222963985,958,1,959,60206190783,-595157.656,-1157964.58,2019/04/16 00:00:00+00,2,2019,4,havárie,řidič se plně nevěnoval řízení vozidla,"Ano, obsah alkoholu v krvi do 0,24 ‰",řidičem nemotorového vozidla,nehoda s následky na životě nebo zdraví,"povrch suchý, neznečistěný",neztížené,"ve dne, viditelnost nezhoršená vlivem povětrnostních podmínek",dobré,žádné nebo žádné z uvedených,komunikace sledovaná (ve vybraných městech),jízdní kolo,"pod vlivem alkoholu, obsah alkoholu v krvi do 0,99 ‰",1,řidič,"s přilbou (pouze u motocyklistů, příp. cyklistů)",muž,lehké zranění,0,0,1,0,1435,14,duben,úterý,45-60,Brno-Maloměřice a Obřany,16.64490654,49.22296398,{BEBD92B5-B47A-413B-B55B-EE6629E59758}
16.621858042,49.1762083040001,959,1,960,60206190806,-597384.551,-1162954.13,2019/04/19 00:00:00+00,5,2019,4,srážka s jedoucím nekolejovým vozidlem,proti příkazu dopravní značky DEJ PŘEDNOST,Ne,řidičem motorového vozidla,nehoda s následky na životě nebo zdraví,"povrch suchý, neznečistěný",neztížené,"v noci - s veřejným osvětlením, viditelnost nezhoršená vlivem povětrnostních podmínek",dobré,žádné nebo žádné z uvedených,uzel (křižovatka sledovaná ve vybraných městech),jízdní kolo,dobrý -žádné nepříznivé okolnosti nebyly zjiště,1,řidič,"s přilbou (pouze u motocyklistů, příp. cyklistů)",žena,těžké zranění,0,1,0,320,435,4,duben,pátek,45-60,Brno-jih,16.62185803,49.1762083,{1509297D-A476-4A2B-AD14-231C1D5978F0}