X,Y,objectid,join_count,target_fid,id,d,e,datum,den,rok,mesic,srazka,pricina,alkohol,zavineni,nasledky,stav_vozovky,povetrnostni_podm,viditelnost,rozhled,misto_nehody,druh_komun,druh_vozidla,stav_ridic,ovlivneni_ridice,osoba,ozn_osoba,pohlavi,nasledek,usmrceno_os,tezce_zran_os,lehce_zran_os,hmotna_skoda,cas,hodina,mesic_t,den_v_tydnu,vek_skupina,nazev,point_x,point_y,globalid
16.607453811,49.1894633160001,960,1,961,60206190808,-598270.246,-1161375.915,2019/04/19 00:00:00+00,5,2019,4,havárie,řidič se plně nevěnoval řízení vozidla,Ne,řidičem nemotorového vozidla,nehoda s následky na životě nebo zdraví,"povrch suchý, neznečistěný",neztížené,"ve dne, viditelnost nezhoršená vlivem povětrnostních podmínek",dobré,parkoviště přiléhající ke komunikaci,komunikace sledovaná (ve vybraných městech),jízdní kolo,dobrý -žádné nepříznivé okolnosti nebyly zjiště,1,řidič,"s přilbou (pouze u motocyklistů, příp. cyklistů)",muž,těžké zranění,0,1,0,100,1510,15,duben,pátek,45-60,Brno-střed,16.6074538,49.18946331,{42EF29C7-476D-4666-A208-AE627E6F75D5}
16.6110039050001,49.1913043230001,961,1,962,60206190809,-597990.997,-1161200.174,2019/04/19 00:00:00+00,5,2019,4,havárie,řidič se plně nevěnoval řízení vozidla,Ne,řidičem nemotorového vozidla,nehoda s následky na životě nebo zdraví,"povrch suchý, neznečistěný",neztížené,"ve dne, viditelnost nezhoršená vlivem povětrnostních podmínek",dobré,žádné nebo žádné z uvedených,komunikace místní,jízdní kolo,dobrý -žádné nepříznivé okolnosti nebyly zjiště,1,řidič,"s přilbou (pouze u motocyklistů, příp. cyklistů)",muž,lehké zranění,0,0,1,0,1710,17,duben,pátek,61-70,Brno-střed,16.6110039,49.19130432,{C572D2A4-E1FF-46F7-89D9-7315FA3EC25A}
16.6489658580001,49.22886814,962,1,963,60206190813,-594793.483,-1157343.399,2019/04/21 00:00:00+00,7,2019,4,srážka s jedoucím nekolejovým vozidlem,řidič se plně nevěnoval řízení vozidla,Pod vlivem drog,řidičem motorového vozidla,nehoda pouze s hmotnou škodou,"povrch suchý, neznečistěný",neztížené,"ve dne, viditelnost nezhoršená vlivem povětrnostních podmínek",dobré,"most, nadjezd, podjezd, tunel",komunikace sledovaná (ve vybraných městech),jízdní kolo,dobrý -žádné nepříznivé okolnosti nebyly zjiště,1,řidič,"s přilbou (pouze u motocyklistů, příp. cyklistů)",žena,bez zraněn,0,0,0,210,1750,17,duben,neděle,45-60,Brno-Maloměřice a Obřany,16.64896585,49.22886814,{A1F965DF-2DBD-45EB-A4FF-4FE2EF03170E}
16.5369269030001,49.2235125660001,963,1,964,60206190824,-602970.321,-1157057.036,2019/04/24 00:00:00+00,3,2019,4,srážka s jedoucím nekolejovým vozidlem,proti příkazu dopravní značky DEJ PŘEDNOST,Ne,řidičem motorového vozidla,nehoda s následky na životě nebo zdraví,"povrch suchý, neznečistěný",neztížené,"ve dne, viditelnost nezhoršená vlivem povětrnostních podmínek",dobré,žádné nebo žádné z uvedených,komunikace sledovaná (ve vybraných městech),jízdní kolo,dobrý -žádné nepříznivé okolnosti nebyly zjiště,1,řidič,"bez přilby (pouze u motocyklistů, příp. cyklistů)",muž,lehké zranění,0,0,1,350,1720,17,duben,středa,71 a více,Brno-Komín,16.53692689,49.22351256,{CD0AB539-7E6D-401A-A965-0714A78A85E9}
16.559522497,49.18099103,964,1,965,60206190825,-601845.311,-1161936.013,2019/04/24 00:00:00+00,3,2019,4,srážka s chodcem,nezaviněná řidičem,Ne,chodcem,nehoda s následky na životě nebo zdraví,"povrch suchý, neznečistěný",neztížené,"ve dne, viditelnost nezhoršená vlivem povětrnostních podmínek","špatné - vlivem průběhu komunikace, nebo podélného profilu nebo trasování (nepřehledný vrchol stoupání, zářez komunikace apod.)",žádné nebo žádné z uvedených,komunikace místní,jízdní kolo,dobrý -žádné nepříznivé okolnosti nebyly zjiště,1,řidič,"s přilbou (pouze u motocyklistů, příp. cyklistů)",muž,lehké zranění,0,0,2,20,1720,17,duben,středa,45-60,Brno-Nový Lískovec,16.55952249,49.18099103,{68889F21-935D-4D07-BEBB-E3C1E5FFEE3A}
16.556195825,49.2049402740001,965,1,966,60206190836,-601798.412,-1159262.177,2019/04/26 00:00:00+00,5,2019,4,havárie,řidič se plně nevěnoval řízení vozidla,Ne,řidičem nemotorového vozidla,nehoda s následky na životě nebo zdraví,"povrch suchý, neznečistěný",neztížené,"ve dne, viditelnost nezhoršená vlivem povětrnostních podmínek",dobré,parkoviště přiléhající ke komunikaci,komunikace místní,jízdní kolo,dobrý -žádné nepříznivé okolnosti nebyly zjiště,1,řidič,"s přilbou (pouze u motocyklistů, příp. cyklistů)",muž,těžké zranění,0,1,0,50,1055,10,duben,pátek,71 a více,Brno-Jundrov,16.55619582,49.20494027,{57C3782F-53A6-4ABD-A4BB-BAA37674CF6E}
16.6114958960001,49.1910662940001,966,1,967,60206190842,-597958.189,-1161230.342,2019/04/27 00:00:00+00,6,2019,4,srážka s jedoucím nekolejovým vozidlem,vyhýbání bez dostatečného bočního odstupu (vůle),Ne,řidičem nemotorového vozidla,nehoda s následky na životě nebo zdraví,"povrch suchý, neznečistěný",neztížené,"ve dne, viditelnost nezhoršená vlivem povětrnostních podmínek",dobré,přechod pro chodce,komunikace sledovaná (ve vybraných městech),jízdní kolo,,,,,,,0,0,1,50,1052,10,duben,sobota,,Brno-střed,16.61149589,49.19106629,{BABD3877-551E-4DDF-8AEB-872FAECEF1FE}
16.6114958960001,49.1910662940001,967,1,968,60206190842,-597958.189,-1161230.342,2019/04/27 00:00:00+00,6,2019,4,srážka s jedoucím nekolejovým vozidlem,vyhýbání bez dostatečného bočního odstupu (vůle),Ne,řidičem nemotorového vozidla,nehoda s následky na životě nebo zdraví,"povrch suchý, neznečistěný",neztížené,"ve dne, viditelnost nezhoršená vlivem povětrnostních podmínek",dobré,přechod pro chodce,komunikace sledovaná (ve vybraných městech),jízdní kolo,dobrý -žádné nepříznivé okolnosti nebyly zjiště,1,řidič,"s přilbou (pouze u motocyklistů, příp. cyklistů)",muž,lehké zranění,0,0,1,50,1052,10,duben,sobota,33-44,Brno-střed,16.61149589,49.19106629,{57A46946-8D44-4E2A-869E-8EBB1AB30C6A}
16.570724313,49.214574369,968,1,969,60206190880,-600630.353,-1158311.464,2019/05/01 00:00:00+00,3,2019,5,havárie,řidič se plně nevěnoval řízení vozidla,"Ano, obsah alkoholu v krvi od 1,0‰ do 1,5‰",řidičem nemotorového vozidla,nehoda s následky na životě nebo zdraví,povrch mokrý,neztížené,"ve dne, zhoršená viditelnost (svítání, soumrak)",dobré,žádné nebo žádné z uvedených,komunikace sledovaná (ve vybraných městech),jízdní kolo,pod vlivem alkoholu obsah alkoholu v krvi 1 ‰ a víc,1,řidič,"bez přilby (pouze u motocyklistů, příp. cyklistů)",muž,lehké zranění,0,0,1,10,2010,20,květen,středa,45-60,Brno-Žabovřesky,16.5707243,49.21457437,{AD30D89F-DC44-4114-9EC4-C0BACBC302E7}
16.528060886,49.2211529420001,969,1,970,60206190883,-603640.759,-1157247.853,2019/05/02 00:00:00+00,4,2019,5,srážka s jedoucím nekolejovým vozidlem,proti příkazu dopravní značky DEJ PŘEDNOST,Ne,řidičem motorového vozidla,nehoda s následky na životě nebo zdraví,"povrch suchý, neznečistěný",neztížené,"ve dne, viditelnost nezhoršená vlivem povětrnostních podmínek",dobré,žádné nebo žádné z uvedených,komunikace sledovaná (ve vybraných městech),jízdní kolo,dobrý -žádné nepříznivé okolnosti nebyly zjiště,1,řidič,"s přilbou (pouze u motocyklistů, příp. cyklistů)",muž,lehké zranění,0,0,1,500,620,6,květen,čtvrtek,24-32,Brno-Bystrc,16.52806088,49.22115294,{2C6A6FBD-39BE-40D0-AD39-03C5A9D68361}
16.5672611520001,49.19323445,970,1,971,60206190887,-601137.439,-1160643.419,2019/05/02 00:00:00+00,4,2019,5,srážka s chodcem,jiný druh nesprávného způsobu jízdy,Nezjišťován,řidičem nemotorového vozidla,nehoda s následky na životě nebo zdraví,"povrch suchý, neznečistěný",neztížené,"ve dne, viditelnost nezhoršená vlivem povětrnostních podmínek",dobré,"zastávka autobusu, trolejbusu, tramvaje s nástup. ostrůvkem",komunikace sledovaná (ve vybraných městech),jízdní kolo,,,,,,,0,0,1,0,1120,11,květen,čtvrtek,,Brno-střed,16.56726114,49.19323445,{F7A429CC-54C8-45CC-AF44-C8B87E821105}
16.5742776720001,49.184974873,971,1,972,60206190899,-600728.155,-1161611.748,2019/05/04 00:00:00+00,6,2019,5,srážka s jedoucím nekolejovým vozidlem,"nepřizpůsobení rychlosti dopravně technickému stavu vozovky (zatáčka, klesání, stoupání, šířka vozovky apod.)",Ne,řidičem nemotorového vozidla,nehoda s následky na životě nebo zdraví,"povrch suchý, neznečistěný",neztížené,"ve dne, viditelnost nezhoršená vlivem povětrnostních podmínek",dobré,žádné nebo žádné z uvedených,komunikace místní,jízdní kolo,dobrý -žádné nepříznivé okolnosti nebyly zjiště,1,řidič,"s přilbou (pouze u motocyklistů, příp. cyklistů)",muž,těžké zranění,0,1,0,120,1335,13,květen,sobota,45-60,Brno-střed,16.57427766,49.18497487,{2EB886D6-BF5C-458C-A16B-EB7C03FB7ADE}
16.5742776720001,49.184974873,972,1,973,60206190899,-600728.155,-1161611.748,2019/05/04 00:00:00+00,6,2019,5,srážka s jedoucím nekolejovým vozidlem,"nepřizpůsobení rychlosti dopravně technickému stavu vozovky (zatáčka, klesání, stoupání, šířka vozovky apod.)",Ne,řidičem nemotorového vozidla,nehoda s následky na životě nebo zdraví,"povrch suchý, neznečistěný",neztížené,"ve dne, viditelnost nezhoršená vlivem povětrnostních podmínek",dobré,žádné nebo žádné z uvedených,komunikace místní,jízdní kolo,dobrý -žádné nepříznivé okolnosti nebyly zjiště,1,řidič,"bez přilby (pouze u motocyklistů, příp. cyklistů)",muž,bez zraněn,0,1,0,120,1335,13,květen,sobota,33-44,Brno-střed,16.57427766,49.18497487,{AB26EB30-9FE5-4AE5-8E47-BD2C40977039}
16.5953189370001,49.1909396730001,973,1,974,60206190934,-599131.924,-1161117.575,2019/05/09 00:00:00+00,4,2019,5,srážka s jedoucím nekolejovým vozidlem,při odbočování vlevo,Ne,řidičem motorového vozidla,nehoda s následky na životě nebo zdraví,povrch mokrý,déšť,"ve dne, zhoršená viditelnost vlivem povětrnostních podmínek (mlha, sněžení, déšť apod.)",dobré,v blízkosti přechodu pro chodce (do vzdálenosti 20 m),uzel (křižovatka sledovaná ve vybraných městech),jízdní kolo,dobrý -žádné nepříznivé okolnosti nebyly zjiště,1,řidič,"bez přilby (pouze u motocyklistů, příp. cyklistů)",muž,lehké zranění,0,0,1,100,800,8,květen,čtvrtek,24-32,Brno-střed,16.59531893,49.19093967,{EA5737D7-E652-448B-BE9E-E1822A62936A}
16.6335109020001,49.2106506980001,974,1,975,60206190978,-596129.598,-1159237.133,2019/05/15 00:00:00+00,3,2019,5,havárie,řidič se plně nevěnoval řízení vozidla,Ne,řidičem nemotorového vozidla,nehoda s následky na životě nebo zdraví,"povrch suchý, neznečistěný",neztížené,"ve dne, viditelnost nezhoršená vlivem povětrnostních podmínek",dobré,"zastávka tramvaje, autobusu, trolejbusu bez nástup. ostrůvku",komunikace sledovaná (ve vybraných městech),jízdní kolo,dobrý -žádné nepříznivé okolnosti nebyly zjiště,1,řidič,"bez přilby (pouze u motocyklistů, příp. cyklistů)",žena,lehké zranění,0,0,1,10,1420,14,květen,středa,24-32,Brno-sever,16.63351089,49.21065069,{44BAAF8F-FE19-4041-8B91-3C1A383C7D6C}
16.517394358,49.230690333,975,1,976,60206191003,-604297.892,-1156109.178,2019/05/17 00:00:00+00,5,2019,5,srážka s jedoucím nekolejovým vozidlem,"při předjíždění došlo k ohrožení předjížděného řidiče vozidla (vynucované zařazení, předjížděný řidič musel prudce brzdit, měnit směr jízdy apod.)",Ne,řidičem motorového vozidla,nehoda s následky na životě nebo zdraví,"povrch suchý, neznečistěný",neztížené,"ve dne, viditelnost nezhoršená vlivem povětrnostních podmínek",dobré,žádné nebo žádné z uvedených,komunikace sledovaná (ve vybraných městech),jízdní kolo,dobrý -žádné nepříznivé okolnosti nebyly zjiště,1,řidič,"bez přilby (pouze u motocyklistů, příp. cyklistů)",žena,lehké zranění,0,0,1,50,1710,17,květen,pátek,45-60,Brno-Bystrc,16.51739435,49.23069033,{9E6E6C49-2197-4402-A5FC-F83B4E533458}
16.5736860490001,49.173699319,976,1,977,60206191027,-600906.329,-1162853.649,2019/05/21 00:00:00+00,2,2019,5,srážka s jedoucím nekolejovým vozidlem,při vjíždění na silnici,Ne,řidičem motorového vozidla,nehoda s následky na životě nebo zdraví,"povrch suchý, neznečistěný",neztížené,"ve dne, viditelnost nezhoršená vlivem povětrnostních podmínek",dobré,parkoviště přiléhající ke komunikaci,komunikace sledovaná (ve vybraných městech),jízdní kolo,dobrý -žádné nepříznivé okolnosti nebyly zjiště,1,řidič,"bez přilby (pouze u motocyklistů, příp. cyklistů)",muž,lehké zranění,0,0,1,250,1435,14,květen,úterý,45-60,Brno-Bohunice,16.57368604,49.17369932,{4521144D-1AF3-45C4-979E-52165C458044}
16.5963871170001,49.1580929460001,977,1,978,60206191048,-599447.573,-1164757.396,2019/05/23 00:00:00+00,4,2019,5,srážka s jedoucím nekolejovým vozidlem,při odbočování vlevo,Ne,řidičem motorového vozidla,nehoda s následky na životě nebo zdraví,"povrch suchý, neznečistěný",neztížené,"ve dne, viditelnost nezhoršená vlivem povětrnostních podmínek",dobré,žádné nebo žádné z uvedených,uzel (křižovatka sledovaná ve vybraných městech),jízdní kolo,dobrý -žádné nepříznivé okolnosti nebyly zjiště,1,řidič,"s přilbou (pouze u motocyklistů, příp. cyklistů)",muž,lehké zranění,0,0,2,900,1310,13,květen,čtvrtek,24-32,Brno-jih,16.59638711,49.15809294,{D4FFFE27-3067-4AF8-91A7-9D41FA7AFE03}
16.5940644500001,49.163795307,978,1,979,60206191049,-599547.734,-1164108.731,2019/05/23 00:00:00+00,4,2019,5,srážka s jedoucím nekolejovým vozidlem,při odbočování vlevo,Ne,řidičem motorového vozidla,nehoda s následky na životě nebo zdraví,"povrch suchý, neznečistěný",neztížené,"ve dne, viditelnost nezhoršená vlivem povětrnostních podmínek",dobré,žádné nebo žádné z uvedených,komunikace sledovaná (ve vybraných městech),jízdní kolo,dobrý -žádné nepříznivé okolnosti nebyly zjiště,1,řidič,"s přilbou (pouze u motocyklistů, příp. cyklistů)",muž,lehké zranění,0,0,1,410,1515,15,květen,čtvrtek,33-44,Brno-jih,16.59406444,49.1637953,{CE6BA2D1-60A9-4C62-A348-9F4C8169CEEF}
16.5717938550001,49.2607362360001,979,1,980,60206191052,-599998.841,-1153216.476,2019/05/23 00:00:00+00,4,2019,5,srážka s jedoucím nekolejovým vozidlem,proti příkazu dopravní značky DEJ PŘEDNOST,Ne,řidičem motorového vozidla,nehoda s následky na životě nebo zdraví,"povrch suchý, neznečistěný",neztížené,"ve dne, viditelnost nezhoršená vlivem povětrnostních podmínek",dobré,žádné nebo žádné z uvedených,uzel (křižovatka sledovaná ve vybraných městech),jízdní kolo,dobrý -žádné nepříznivé okolnosti nebyly zjiště,1,řidič,"s přilbou (pouze u motocyklistů, příp. cyklistů)",muž,lehké zranění,0,0,1,150,1600,16,květen,čtvrtek,24-32,Brno-Ivanovice,16.57179385,49.26073623,{F78150ED-3B37-46AF-8B63-AE67AF1DACD6}
16.6333314560001,49.202510327,980,1,981,60206191060,-596239.567,-1160135.761,2019/05/24 00:00:00+00,5,2019,5,havárie,řidič se plně nevěnoval řízení vozidla,Ne,řidičem nemotorového vozidla,nehoda s následky na životě nebo zdraví,"povrch suchý, neznečistěný",neztížené,"ve dne, viditelnost nezhoršená vlivem povětrnostních podmínek",dobré,žádné nebo žádné z uvedených,komunikace místní,jízdní kolo,dobrý -žádné nepříznivé okolnosti nebyly zjiště,1,řidič,"bez přilby (pouze u motocyklistů, příp. cyklistů)",muž,lehké zranění,0,0,1,5,1120,11,květen,pátek,71 a více,Brno-Židenice,16.63333145,49.20251032,{46987B1E-1702-43D9-B260-27307E04228A}
16.6073761270001,49.2022652100001,981,1,982,60206191062,-598122.89,-1159959.938,2019/05/24 00:00:00+00,5,2019,5,"srážka s vozidlem zaparkovaným, odstaveným",řidič se plně nevěnoval řízení vozidla,Ne,řidičem nemotorového vozidla,nehoda s následky na životě nebo zdraví,"povrch suchý, neznečistěný",neztížené,"ve dne, viditelnost nezhoršená vlivem povětrnostních podmínek",dobré,žádné nebo žádné z uvedených,komunikace sledovaná (ve vybraných městech),jízdní kolo,dobrý -žádné nepříznivé okolnosti nebyly zjiště,1,řidič,"s přilbou (pouze u motocyklistů, příp. cyklistů)",muž,lehké zranění,0,0,1,10,1900,19,květen,pátek,71 a více,Brno-střed,16.60737612,49.20226521,{0A1C2F5C-41F0-44D9-A730-1D33F10A5371}
16.6195462490001,49.1979744390001,982,1,983,60206191076,-597292.401,-1160529.56,2019/05/27 00:00:00+00,1,2019,5,srážka s jedoucím nekolejovým vozidlem,řidič se plně nevěnoval řízení vozidla,Ne,řidičem nemotorového vozidla,nehoda s následky na životě nebo zdraví,"povrch suchý, neznečistěný",neztížené,"ve dne, viditelnost nezhoršená vlivem povětrnostních podmínek",dobré,"výjezd z parkoviště, lesní cesty apod. (pol.36=7,8)",komunikace místní,jízdní kolo,dobrý -žádné nepříznivé okolnosti nebyly zjiště,1,řidič,"bez přilby (pouze u motocyklistů, příp. cyklistů)",muž,lehké zranění,0,0,1,200,730,7,květen,pondělí,33-44,Brno-střed,16.61954624,49.19797444,{40A0DE5F-CB84-4A1F-98F4-8C4AB07E905A}
16.5193910360001,49.2186620890001,983,1,984,60206191108,-604298.63,-1157454.647,2019/05/30 00:00:00+00,4,2019,5,srážka s jedoucím nekolejovým vozidlem,při odbočování vlevo,Ne,řidičem motorového vozidla,nehoda s následky na životě nebo zdraví,"povrch suchý, neznečistěný",neztížené,"ve dne, viditelnost nezhoršená vlivem povětrnostních podmínek",dobré,žádné nebo žádné z uvedených,uzel (křižovatka sledovaná ve vybraných městech),jízdní kolo,dobrý -žádné nepříznivé okolnosti nebyly zjiště,1,řidič,"s přilbou (pouze u motocyklistů, příp. cyklistů)",muž,lehké zranění,0,0,1,110,1530,15,květen,čtvrtek,45-60,Brno-Bystrc,16.51939103,49.21866209,{ED2A40CD-D99F-4DEE-BA84-6B1E34A66279}
16.573377582,49.2558220110001,984,1,985,60206191158,-599943.218,-1153772.208,2019/06/05 00:00:00+00,3,2019,6,srážka s jedoucím nekolejovým vozidlem,jiný druh nesprávného způsobu jízdy,Ne,řidičem motorového vozidla,nehoda s následky na životě nebo zdraví,"povrch suchý, neznečistěný",neztížené,"ve dne, viditelnost nezhoršená vlivem povětrnostních podmínek",dobré,žádné nebo žádné z uvedených,komunikace sledovaná (ve vybraných městech),jízdní kolo,dobrý -žádné nepříznivé okolnosti nebyly zjiště,1,řidič,"s přilbou (pouze u motocyklistů, příp. cyklistů)",muž,lehké zranění,0,0,1,180,1405,14,červen,středa,45-60,Brno-Řečkovice a Mokrá Hora,16.57337757,49.25582201,{DF2686F4-A4D3-4510-BF50-27D62D76DCE9}
16.5780921800001,49.2125511,985,1,986,60206191165,-600121.001,-1158593.06,2019/06/06 00:00:00+00,4,2019,6,srážka s jedoucím nekolejovým vozidlem,při odbočování vlevo,Ne,řidičem motorového vozidla,nehoda s následky na životě nebo zdraví,"povrch suchý, neznečistěný",neztížené,"ve dne, viditelnost nezhoršená vlivem povětrnostních podmínek",dobré,v blízkosti přechodu pro chodce (do vzdálenosti 20 m),uzel (křižovatka sledovaná ve vybraných městech),jízdní kolo,dobrý -žádné nepříznivé okolnosti nebyly zjiště,1,řidič,"s přilbou (pouze u motocyklistů, příp. cyklistů)",muž,lehké zranění,0,0,1,200,730,7,červen,čtvrtek,33-44,Brno-Žabovřesky,16.57809217,49.2125511,{2E94AE78-8F4E-4502-AFC4-B1FF48802E8E}
16.5692051890001,49.1942014480001,986,1,987,60206191168,-600984.973,-1160551.813,2019/06/06 00:00:00+00,4,2019,6,srážka s jedoucím nekolejovým vozidlem,při odbočování vlevo,Ne,řidičem motorového vozidla,nehoda s následky na životě nebo zdraví,"povrch suchý, neznečistěný",neztížené,"ve dne, viditelnost nezhoršená vlivem povětrnostních podmínek",dobré,žádné nebo žádné z uvedených,uzel (křižovatka sledovaná ve vybraných městech),jízdní kolo,dobrý -žádné nepříznivé okolnosti nebyly zjiště,1,řidič,"s přilbou (pouze u motocyklistů, příp. cyklistů)",muž,lehké zranění,0,0,1,340,1600,16,červen,čtvrtek,61-70,Brno-střed,16.56920518,49.19420144,{59D2D6A8-5B4A-4354-B730-20E9C7DC06A5}
16.642341324,49.2187018600001,987,1,988,60206191171,-595394.145,-1158415.833,2019/06/07 00:00:00+00,5,2019,6,"srážka s vozidlem zaparkovaným, odstaveným",řidič se plně nevěnoval řízení vozidla,"Ano, obsah alkoholu v krvi 1,5‰ a více",řidičem nemotorového vozidla,nehoda s následky na životě nebo zdraví,povrch mokrý,déšť,"v noci - s veřejným osvětlením, zhoršená viditelnost vlivem povětrnostních podmínek (mlha, déšť, sněžení apod.)",dobré,žádné nebo žádné z uvedených,komunikace místní,jízdní kolo,pod vlivem alkoholu obsah alkoholu v krvi 1 ‰ a víc,0,řidič,"bez přilby (pouze u motocyklistů, příp. cyklistů)",muž,lehké zranění,0,0,1,260,100,1,červen,pátek,33-44,Brno-Maloměřice a Obřany,16.64234131,49.21870186,{36CB5D77-5CE3-4075-BC23-F71970E4A28E}
16.592355921,49.1905097220001,988,1,989,60206191172,-599351.776,-1161141.863,2019/06/07 00:00:00+00,5,2019,6,srážka s jedoucím nekolejovým vozidlem,při odbočování vlevo,Ne,řidičem nemotorového vozidla,nehoda s následky na životě nebo zdraví,"povrch suchý, neznečistěný",neztížené,"ve dne, viditelnost nezhoršená vlivem povětrnostních podmínek",dobré,žádné nebo žádné z uvedených,komunikace sledovaná (ve vybraných městech),jízdní kolo,dobrý -žádné nepříznivé okolnosti nebyly zjiště,1,řidič,"bez přilby (pouze u motocyklistů, příp. cyklistů)",muž,lehké zranění,0,0,1,305,756,7,červen,pátek,45-60,Brno-střed,16.59235591,49.19050972,{199B4A81-B30A-451E-B641-19BB8E64B245}
16.620963691,49.1897158150001,989,1,990,60206191179,-597288.23,-1161453.728,2019/06/07 00:00:00+00,5,2019,6,srážka s jedoucím nekolejovým vozidlem,proti příkazu dopravní značky DEJ PŘEDNOST,Ne,řidičem nemotorového vozidla,nehoda s následky na životě nebo zdraví,"povrch suchý, neznečistěný",neztížené,"ve dne, viditelnost nezhoršená vlivem povětrnostních podmínek",dobré,žádné nebo žádné z uvedených,uzel (křižovatka sledovaná ve vybraných městech),jízdní kolo,dobrý -žádné nepříznivé okolnosti nebyly zjiště,1,řidič,"s přilbou (pouze u motocyklistů, příp. cyklistů)",muž,lehké zranění,0,0,1,250,1550,15,červen,pátek,24-32,Brno-střed,16.62096368,49.18971581,{2F43784C-BC50-4F4D-B17B-5F035ACA2A7B}
16.572023975,49.2084940600001,990,1,991,60206191181,-600609.201,-1158993.886,2019/06/07 00:00:00+00,5,2019,6,jiný druh nehody,jiný druh nesprávného způsobu jízdy,Ne,řidičem motorového vozidla,nehoda s následky na životě nebo zdraví,"povrch suchý, neznečistěný",neztížené,"ve dne, viditelnost nezhoršená vlivem povětrnostních podmínek",dobré,žádné nebo žádné z uvedených,komunikace místní,jízdní kolo,dobrý -žádné nepříznivé okolnosti nebyly zjiště,1,řidič,"s přilbou (pouze u motocyklistů, příp. cyklistů)",žena,lehké zranění,0,0,1,100,1815,18,červen,pátek,45-60,Brno-Žabovřesky,16.57202397,49.20849406,{E772BD1C-3622-47EA-9304-C77FAC858040}
16.579398649,49.239359225,991,1,992,60206191186,-599704.914,-1155639.541,2019/06/08 00:00:00+00,6,2019,6,havárie,řidič se plně nevěnoval řízení vozidla,"Ano, obsah alkoholu v krvi 1,5‰ a více",řidičem nemotorového vozidla,nehoda s následky na životě nebo zdraví,"povrch suchý, neznečistěný",neztížené,"ve dne, viditelnost nezhoršená vlivem povětrnostních podmínek",dobré,v blízkosti přechodu pro chodce (do vzdálenosti 20 m),komunikace místní,jízdní kolo,pod vlivem alkoholu obsah alkoholu v krvi 1 ‰ a víc,1,řidič,"bez přilby (pouze u motocyklistů, příp. cyklistů)",muž,lehké zranění,0,0,1,50,1450,14,červen,sobota,33-44,Brno-Medlánky,16.57939864,49.23935922,{D3F0CCF9-4E6A-4574-8D47-42E2C06857CD}
16.5836125980001,49.2384680920001,992,1,993,60206191203,-599410.549,-1155771.139,2019/06/10 00:00:00+00,1,2019,6,srážka s jedoucím nekolejovým vozidlem,řidič se plně nevěnoval řízení vozidla,"Ano, obsah alkoholu v krvi 1,5‰ a více",řidičem nemotorového vozidla,nehoda pouze s hmotnou škodou,"povrch suchý, neznečistěný",neztížené,"ve dne, viditelnost nezhoršená vlivem povětrnostních podmínek",dobré,v blízkosti přechodu pro chodce (do vzdálenosti 20 m),komunikace místní,jízdní kolo,pod vlivem alkoholu obsah alkoholu v krvi 1 ‰ a víc,0,řidič,"bez přilby (pouze u motocyklistů, příp. cyklistů)",muž,bez zraněn,0,0,0,100,1801,18,červen,pondělí,24-32,Brno-Medlánky,16.58361259,49.23846809,{23747EB4-45D0-44AB-A885-E7F1E2C15DB1}
16.633994794,49.1903777300001,993,1,994,60206191211,-596336.024,-1161482.361,2019/06/11 00:00:00+00,2,2019,6,srážka s jedoucím nekolejovým vozidlem,proti příkazu dopravní značky DEJ PŘEDNOST,Ne,řidičem motorového vozidla,nehoda s následky na životě nebo zdraví,"povrch suchý, neznečistěný",neztížené,"ve dne, viditelnost nezhoršená vlivem povětrnostních podmínek",dobré,žádné nebo žádné z uvedených,uzel (křižovatka sledovaná ve vybraných městech),jízdní kolo,dobrý -žádné nepříznivé okolnosti nebyly zjiště,1,řidič,"bez přilby (pouze u motocyklistů, příp. cyklistů)",muž,lehké zranění,0,0,1,120,1620,16,červen,úterý,19-24,Brno-Židenice,16.63399479,49.19037773,{46A92F0C-DFE9-49B5-8418-66308B7D421C}
16.507167947,49.245926266,994,1,995,60206191263,-604853.925,-1154343.97,2019/06/16 00:00:00+00,7,2019,6,havárie,nedodržení bezpečné vzdálenosti za vozidlem,Ne,řidičem nemotorového vozidla,nehoda s následky na životě nebo zdraví,"povrch suchý, neznečistěný",neztížené,"ve dne, viditelnost nezhoršená vlivem povětrnostních podmínek",dobré,žádné nebo žádné z uvedených,komunikace místní,jízdní kolo,dobrý -žádné nepříznivé okolnosti nebyly zjiště,1,řidič,"bez přilby (pouze u motocyklistů, příp. cyklistů)",muž,lehké zranění,0,0,1,10,1845,18,červen,neděle,45-60,Brno-Kníničky,16.50716794,49.24592626,{75D38546-F66A-4595-A1E4-3A0CA9F809DA}
16.558482407,49.1792639650001,995,1,996,60206191286,-601941.451,-1162118.746,2019/06/19 00:00:00+00,3,2019,6,srážka s chodcem,nezaviněná řidičem,Ne,chodcem,nehoda s následky na životě nebo zdraví,"povrch suchý, neznečistěný",neztížené,"ve dne, viditelnost nezhoršená vlivem povětrnostních podmínek",dobré,žádné nebo žádné z uvedených,komunikace místní,jízdní kolo,dobrý -žádné nepříznivé okolnosti nebyly zjiště,1,řidič,"s přilbou (pouze u motocyklistů, příp. cyklistů)",muž,bez zraněn,0,0,1,50,1050,10,červen,středa,61-70,Brno-Nový Lískovec,16.5584824,49.17926396,{D26C1C45-1E9F-4DC4-9564-80D7152669F9}