X,Y,objectid,join_count,target_fid,id,d,e,datum,den,rok,mesic,srazka,pricina,alkohol,zavineni,nasledky,stav_vozovky,povetrnostni_podm,viditelnost,rozhled,misto_nehody,druh_komun,druh_vozidla,stav_ridic,ovlivneni_ridice,osoba,ozn_osoba,pohlavi,nasledek,usmrceno_os,tezce_zran_os,lehce_zran_os,hmotna_skoda,cas,hodina,mesic_t,den_v_tydnu,vek_skupina,nazev,point_x,point_y,globalid
16.5943105540001,49.2020432310001,996,1,997,60206191322,-599072.091,-1159882.086,2019/06/22 00:00:00+00,6,2019,6,srážka s jedoucím nekolejovým vozidlem,při vjíždění na silnici,Ne,řidičem nemotorového vozidla,nehoda s následky na životě nebo zdraví,"povrch suchý, neznečistěný",neztížené,"ve dne, viditelnost nezhoršená vlivem povětrnostních podmínek",dobré,parkoviště přiléhající ke komunikaci,komunikace místní,jízdní kolo,dobrý -žádné nepříznivé okolnosti nebyly zjiště,1,řidič,"s přilbou (pouze u motocyklistů, příp. cyklistů)",dívka (do 15 let),lehké zranění,0,0,1,1010,1335,13,červen,sobota,12-15,Brno-střed,16.59431055,49.20204323,{2A05E9C7-146D-4361-A4B9-7F4417069755}
16.582891121,49.2116399440001,997,1,998,60206191346,-599784.342,-1158731.488,2019/06/25 00:00:00+00,2,2019,6,havárie,řidič se plně nevěnoval řízení vozidla,Ne,řidičem nemotorového vozidla,nehoda pouze s hmotnou škodou,"povrch suchý, neznečistěný",neztížené,"ve dne, viditelnost nezhoršená vlivem povětrnostních podmínek",dobré,žádné nebo žádné z uvedených,komunikace sledovaná (ve vybraných městech),jízdní kolo,dobrý -žádné nepříznivé okolnosti nebyly zjiště,1,řidič,"bez přilby (pouze u motocyklistů, příp. cyklistů)",muž,bez zraněn,0,0,0,10,735,7,červen,úterý,24-32,Brno-Žabovřesky,16.58289111,49.21163994,{C6EFA207-5631-4AC4-854D-4DDE85DB9848}
16.561971187,49.1937276020001,998,1,999,60206191388,-601514.798,-1160547.252,2019/06/30 00:00:00+00,7,2019,6,srážka s jedoucím nekolejovým vozidlem,řidič se plně nevěnoval řízení vozidla,Nezjišťován,řidičem motorového vozidla,nehoda s následky na životě nebo zdraví,"povrch suchý, neznečistěný",neztížené,"ve dne, viditelnost nezhoršená vlivem povětrnostních podmínek",dobré,"zastávka tramvaje, autobusu, trolejbusu bez nástup. ostrůvku",komunikace sledovaná (ve vybraných městech),jízdní kolo,dobrý -žádné nepříznivé okolnosti nebyly zjiště,1,řidič,"s přilbou (pouze u motocyklistů, příp. cyklistů)",žena,lehké zranění,0,0,1,30,1045,10,červen,neděle,33-44,Brno-Kohoutovice,16.56197118,49.1937276,{62158FBF-F092-425F-84BD-692B0FC58A79}
16.5879551840001,49.195035047,999,1,1000,60206191397,-599616.454,-1160607.019,2019/07/01 00:00:00+00,1,2019,7,havárie,nezvládnutí řízení vozidla,Ne,řidičem nemotorového vozidla,nehoda s následky na životě nebo zdraví,povrch mokrý,déšť,"ve dne, viditelnost nezhoršená vlivem povětrnostních podmínek",dobré,v blízkosti přechodu pro chodce (do vzdálenosti 20 m),komunikace místní,jízdní kolo,dobrý -žádné nepříznivé okolnosti nebyly zjiště,1,řidič,"bez přilby (pouze u motocyklistů, příp. cyklistů)",žena,lehké zranění,0,0,1,0,1520,15,červenec,pondělí,45-60,Brno-střed,16.58795518,49.19503504,{E7413225-7027-45E5-A8A1-74E0759314BD}
16.630630239,49.198504201,1000,1,1001,60206191402,-596483.004,-1160557.602,2019/07/03 00:00:00+00,3,2019,7,"srážka s vozidlem zaparkovaným, odstaveným",řidič se plně nevěnoval řízení vozidla,"Ano, obsah alkoholu v krvi 1,5‰ a více",řidičem nemotorového vozidla,nehoda s následky na životě nebo zdraví,"povrch suchý, neznečistěný",neztížené,"ve dne, zhoršená viditelnost (svítání, soumrak)",dobré,žádné nebo žádné z uvedených,komunikace místní,jízdní kolo,pod vlivem alkoholu obsah alkoholu v krvi 1 ‰ a víc,1,řidič,"bez přilby (pouze u motocyklistů, příp. cyklistů)",žena,lehké zranění,0,0,1,120,425,4,červenec,středa,24-32,Brno-Židenice,16.63063023,49.1985042,{C93055AF-0BF9-4346-B407-CDF6A04EE352}
16.5382952800001,49.194039176,1001,1,1002,60206191410,-603226.431,-1160326.08,2019/07/03 00:00:00+00,3,2019,7,havárie,řidič se plně nevěnoval řízení vozidla,"Ano, obsah alkoholu v krvi od 1,0‰ do 1,5‰",řidičem nemotorového vozidla,nehoda s následky na životě nebo zdraví,"povrch suchý, neznečistěný",neztížené,"ve dne, viditelnost nezhoršená vlivem povětrnostních podmínek",dobré,žádné nebo žádné z uvedených,komunikace sledovaná (ve vybraných městech),jízdní kolo,pod vlivem alkoholu obsah alkoholu v krvi 1 ‰ a víc,1,řidič,"bez přilby (pouze u motocyklistů, příp. cyklistů)",muž,těžké zranění,0,1,0,50,2035,20,červenec,středa,33-44,Brno-Kohoutovice,16.53829527,49.19403917,{CC274A0E-A62C-4D0E-8818-87EAA590F209}
16.5962640920001,49.2120656500001,1002,1,1003,60206191414,-598810.633,-1158789.35,2019/07/04 00:00:00+00,4,2019,7,"srážka s vozidlem zaparkovaným, odstaveným",jiný druh nepřiměřené rychlosti,Pod vlivem drog,řidičem nemotorového vozidla,nehoda s následky na životě nebo zdraví,"povrch suchý, neznečistěný",neztížené,"ve dne, viditelnost nezhoršená vlivem povětrnostních podmínek",dobré,žádné nebo žádné z uvedených,komunikace sledovaná (ve vybraných městech),jízdní kolo,"pod vlivem léků, narkoti",1,řidič,"bez přilby (pouze u motocyklistů, příp. cyklistů)",muž,lehké zranění,0,0,1,160,955,9,červenec,čtvrtek,33-44,Brno-Královo Pole,16.59626408,49.21206565,{FFA0AC40-A2CC-486A-904E-E0D8FFCAFAA4}
16.5880098440001,49.1889737500001,1003,1,1004,60206191423,-599685.099,-1161277.562,2019/07/05 00:00:00+00,5,2019,7,srážka s jedoucím nekolejovým vozidlem,proti příkazu dopravní značky DEJ PŘEDNOST,Ne,řidičem motorového vozidla,nehoda s následky na životě nebo zdraví,"povrch suchý, neznečistěný",neztížené,"ve dne, viditelnost nezhoršená vlivem povětrnostních podmínek",dobré,v blízkosti přechodu pro chodce (do vzdálenosti 20 m),uzel (křižovatka sledovaná ve vybraných městech),jízdní kolo,"pod vlivem alkoholu, obsah alkoholu v krvi do 0,99 ‰",1,řidič,"s přilbou (pouze u motocyklistů, příp. cyklistů)",muž,lehké zranění,0,0,1,310,1805,18,červenec,pátek,33-44,Brno-střed,16.58800984,49.18897375,{740EBB6F-EDB6-4E47-A39B-C83A39C21F0C}
16.6336619570001,49.211528743,1004,1,1005,60206191425,-596108.197,-1159141.232,2019/07/06 00:00:00+00,6,2019,7,havárie,řidič se plně nevěnoval řízení vozidla,"Ano, obsah alkoholu v krvi od 0,24‰ do 0,5‰",řidičem nemotorového vozidla,nehoda s následky na životě nebo zdraví,"povrch suchý, neznečistěný",neztížené,"ve dne, viditelnost nezhoršená vlivem povětrnostních podmínek",dobré,žádné nebo žádné z uvedených,komunikace sledovaná (ve vybraných městech),jízdní kolo,"pod vlivem alkoholu, obsah alkoholu v krvi do 0,99 ‰",1,řidič,"bez přilby (pouze u motocyklistů, příp. cyklistů)",muž,lehké zranění,0,0,1,20,1720,17,červenec,sobota,71 a více,Brno-sever,16.63366195,49.21152874,{3E42DEF4-37F2-48BE-9AE2-340FF9085807}
16.607539231,49.1970236760001,1005,1,1006,60206191436,-598173.71,-1160540.716,2019/07/08 00:00:00+00,1,2019,7,havárie,"při předjíždění došlo k ohrožení předjížděného řidiče vozidla (vynucované zařazení, předjížděný řidič musel prudce brzdit, měnit směr jízdy apod.)",Nezjišťován,řidičem motorového vozidla,nehoda s následky na životě nebo zdraví,"povrch suchý, neznečistěný",neztížené,"ve dne, viditelnost nezhoršená vlivem povětrnostních podmínek",dobré,žádné nebo žádné z uvedených,komunikace sledovaná (ve vybraných městech),jízdní kolo,dobrý -žádné nepříznivé okolnosti nebyly zjiště,1,řidič,"bez přilby (pouze u motocyklistů, příp. cyklistů)",žena,lehké zranění,0,0,1,10,1710,17,červenec,pondělí,24-32,Brno-střed,16.60753922,49.19702367,{1420566F-DA76-4F25-93E2-94FC54E75613}
16.591549845,49.207330546,1006,1,1007,60206191452,-599208.784,-1159275.88,2019/07/11 00:00:00+00,4,2019,7,srážka s jedoucím nekolejovým vozidlem,jiný druh nesprávného způsobu jízdy,Ne,řidičem nemotorového vozidla,nehoda s následky na životě nebo zdraví,"povrch suchý, neznečistěný",neztížené,"ve dne, viditelnost nezhoršená vlivem povětrnostních podmínek",dobré,přechod pro chodce,komunikace sledovaná (ve vybraných městech),jízdní kolo,dobrý -žádné nepříznivé okolnosti nebyly zjiště,1,řidič,"s přilbou (pouze u motocyklistů, příp. cyklistů)",žena,lehké zranění,0,0,1,100,735,7,červenec,čtvrtek,33-44,Brno-střed,16.59154984,49.20733054,{A352AD2C-3DD7-4325-81AF-01CA569C5EBF}
16.589364361,49.2527185180001,1007,1,1008,60206191455,-598823.499,-1154240.772,2019/07/11 00:00:00+00,4,2019,7,srážka s jedoucím nekolejovým vozidlem,proti příkazu dopravní značky DEJ PŘEDNOST,Ne,řidičem motorového vozidla,nehoda s následky na životě nebo zdraví,"povrch suchý, neznečistěný",neztížené,"ve dne, viditelnost nezhoršená vlivem povětrnostních podmínek",dobré,žádné nebo žádné z uvedených,komunikace sledovaná (ve vybraných městech),jízdní kolo,dobrý -žádné nepříznivé okolnosti nebyly zjiště,1,řidič,"s přilbou (pouze u motocyklistů, příp. cyklistů)",muž,lehké zranění,0,0,1,351,1535,15,červenec,čtvrtek,19-24,Brno-Řečkovice a Mokrá Hora,16.58936435,49.25271851,{C1A4DA0A-B38B-49EC-9D55-DDC184FE01F5}
16.565840371,49.215496526,1008,1,1009,60206191458,-600972.993,-1158171.099,2019/07/11 00:00:00+00,4,2019,7,srážka s jedoucím nekolejovým vozidlem,proti příkazu dopravní značky DEJ PŘEDNOST,Ne,řidičem motorového vozidla,nehoda s následky na životě nebo zdraví,"povrch suchý, neznečistěný",neztížené,"ve dne, viditelnost nezhoršená vlivem povětrnostních podmínek",dobré,žádné nebo žádné z uvedených,uzel (křižovatka sledovaná ve vybraných městech),jízdní kolo,dobrý -žádné nepříznivé okolnosti nebyly zjiště,1,řidič,"s přilbou (pouze u motocyklistů, příp. cyklistů)",muž,lehké zranění,0,0,1,410,2010,20,červenec,čtvrtek,33-44,Brno-Žabovřesky,16.56584036,49.21549652,{44400CAA-5A1E-47D7-B0CA-C2225FCEBBBF}
16.610195377,49.199782751,1009,1,1010,60206191459,-597948.301,-1160256.471,2019/07/12 00:00:00+00,5,2019,7,havárie,řidič se plně nevěnoval řízení vozidla,"Ano, obsah alkoholu v krvi 1,5‰ a více",řidičem nemotorového vozidla,nehoda s následky na životě nebo zdraví,"povrch suchý, neznečistěný",neztížené,"v noci - s veřejným osvětlením, viditelnost nezhoršená vlivem povětrnostních podmínek",dobré,žádné nebo žádné z uvedených,komunikace sledovaná (ve vybraných městech),jízdní kolo,pod vlivem alkoholu obsah alkoholu v krvi 1 ‰ a víc,1,řidič,"bez přilby (pouze u motocyklistů, příp. cyklistů)",muž,lehké zranění,0,0,1,30,141,1,červenec,pátek,45-60,Brno-střed,16.61019537,49.19978275,{65EE7BE6-D2A4-4323-8C58-2203FEA02F77}
16.616217954,49.2287139100001,1010,1,1011,60206191482,-597166.601,-1157104.942,2019/07/16 00:00:00+00,2,2019,7,srážka s pevnou překážkou,"nepřizpůsobení rychlosti dopravně technickému stavu vozovky (zatáčka, klesání, stoupání, šířka vozovky apod.)","Ano, obsah alkoholu v krvi 1,5‰ a více",řidičem nemotorového vozidla,nehoda s následky na životě nebo zdraví,"povrch suchý, neznečistěný",neztížené,"ve dne, viditelnost nezhoršená vlivem povětrnostních podmínek",dobré,"výjezd z parkoviště, lesní cesty apod. (pol.36=7,8)",komunikace sledovaná (ve vybraných městech),jízdní kolo,pod vlivem alkoholu obsah alkoholu v krvi 1 ‰ a víc,1,řidič,"bez přilby (pouze u motocyklistů, příp. cyklistů)",muž,lehké zranění,0,0,1,220,1034,10,červenec,úterý,45-60,Brno-sever,16.61621795,49.22871391,{D64D6AD5-3184-4571-8505-60F35335A7A6}
16.657123572,49.1514671420001,1011,1,1012,60206191516,-595122.093,-1165964.886,2019/07/21 00:00:00+00,7,2019,7,srážka s jedoucím nekolejovým vozidlem,proti příkazu dopravní značky STŮJ DEJ PŘEDNOST,Ne,řidičem motorového vozidla,nehoda s následky na životě nebo zdraví,"povrch suchý, neznečistěný",neztížené,"ve dne, viditelnost nezhoršená vlivem povětrnostních podmínek",dobré,žádné nebo žádné z uvedených,komunikace sledovaná (ve vybraných městech),jízdní kolo,dobrý -žádné nepříznivé okolnosti nebyly zjiště,1,řidič,"s přilbou (pouze u motocyklistů, příp. cyklistů)",muž,lehké zranění,0,0,1,110,725,7,červenec,neděle,33-44,Brno-Tuřany,16.65712356,49.15146714,{70A74965-4151-4308-88A7-CBEC93BD6DBF}
16.606960826,49.203065747,1012,1,1013,60206191518,-598143.41,-1159868.179,2019/07/22 00:00:00+00,1,2019,7,srážka s jedoucím nekolejovým vozidlem,proti příkazu dopravní značky STŮJ DEJ PŘEDNOST,Ne,řidičem motorového vozidla,nehoda pouze s hmotnou škodou,"povrch suchý, neznečistěný",neztížené,"ve dne, viditelnost nezhoršená vlivem povětrnostních podmínek",dobré,v blízkosti přechodu pro chodce (do vzdálenosti 20 m),uzel (křižovatka sledovaná ve vybraných městech),jízdní kolo,dobrý -žádné nepříznivé okolnosti nebyly zjiště,1,řidič,"s přilbou (pouze u motocyklistů, příp. cyklistů)",muž,bez zraněn,0,0,0,31,750,7,červenec,pondělí,33-44,Brno-střed,16.60696082,49.20306574,{C42047B1-50E2-430D-B301-61ECDEF82C40}
16.5969924460001,49.200253081,1013,1,1014,60206191522,-598899.22,-1160101.032,2019/07/22 00:00:00+00,1,2019,7,havárie,řidič se plně nevěnoval řízení vozidla,"Ano, obsah alkoholu v krvi do 0,24 ‰",řidičem nemotorového vozidla,nehoda s následky na životě nebo zdraví,"povrch suchý, neznečistěný",neztížené,"v noci - s veřejným osvětlením, viditelnost nezhoršená vlivem povětrnostních podmínek",dobré,parkoviště přiléhající ke komunikaci,komunikace místní,jízdní kolo,"pod vlivem alkoholu, obsah alkoholu v krvi do 0,99 ‰",1,řidič,"s přilbou (pouze u motocyklistů, příp. cyklistů)",muž,lehké zranění,0,0,1,30,2560,25,červenec,pondělí,24-32,Brno-střed,16.59699244,49.20025308,{8A136090-C3FF-4879-BE28-90E331801F04}
16.6075474850001,49.2015128890001,1014,1,1015,60206191534,-598119.466,-1160044.456,2019/07/24 00:00:00+00,3,2019,7,srážka s jedoucím nekolejovým vozidlem,při vjíždění na silnici,Ne,řidičem motorového vozidla,nehoda s následky na životě nebo zdraví,"povrch suchý, neznečistěný",neztížené,"ve dne, viditelnost nezhoršená vlivem povětrnostních podmínek",dobré,parkoviště přiléhající ke komunikaci,komunikace sledovaná (ve vybraných městech),jízdní kolo,dobrý -žádné nepříznivé okolnosti nebyly zjiště,1,řidič,"s přilbou (pouze u motocyklistů, příp. cyklistů)",muž,lehké zranění,0,0,1,230,1710,17,červenec,středa,33-44,Brno-střed,16.60754748,49.20151289,{83F50B3C-9013-4247-BF69-145B686AE2D2}
16.639227932,49.211478609,1015,1,1016,60206191536,-595705.618,-1159190.197,2019/07/24 00:00:00+00,3,2019,7,"srážka s vozidlem zaparkovaným, odstaveným",řidič se plně nevěnoval řízení vozidla,"Ano, obsah alkoholu v krvi do 0,24 ‰",řidičem nemotorového vozidla,nehoda s následky na životě nebo zdraví,"povrch suchý, neznečistěný",neztížené,"ve dne, viditelnost nezhoršená vlivem povětrnostních podmínek",dobré,žádné nebo žádné z uvedených,komunikace místní,jízdní kolo,"pod vlivem alkoholu, obsah alkoholu v krvi do 0,99 ‰",1,řidič,"s přilbou (pouze u motocyklistů, příp. cyklistů)",muž,lehké zranění,0,0,1,300,1820,18,červenec,středa,19-24,Brno-Maloměřice a Obřany,16.63922792,49.21147861,{4BE4948A-D34E-4E65-B340-DF7A7017CA61}
16.655169061,49.196416522,1016,1,1017,60206191548,-594729.834,-1160979.764,2019/07/26 00:00:00+00,5,2019,7,srážka s jedoucím nekolejovým vozidlem,při odbočování vlevo,Ne,řidičem motorového vozidla,nehoda s následky na životě nebo zdraví,"povrch suchý, neznečistěný",neztížené,"ve dne, viditelnost nezhoršená vlivem povětrnostních podmínek",dobré,přechod pro chodce,komunikace sledovaná (ve vybraných městech),jízdní kolo,dobrý -žádné nepříznivé okolnosti nebyly zjiště,1,řidič,"s přilbou (pouze u motocyklistů, příp. cyklistů)",žena,lehké zranění,0,0,1,230,640,6,červenec,pátek,33-44,Brno-Židenice,16.65516905,49.19641652,{C84DB6AD-5D58-4C0C-A87D-259D51107473}
16.618127998,49.1751173390001,1017,1,1018,60206191550,-597667.946,-1163045.569,2019/07/26 00:00:00+00,5,2019,7,srážka s jedoucím nekolejovým vozidlem,proti příkazu dopravní značky DEJ PŘEDNOST,Nezjišťován,řidičem motorového vozidla,nehoda s následky na životě nebo zdraví,"povrch suchý, neznečistěný",neztížené,"ve dne, viditelnost nezhoršená vlivem povětrnostních podmínek",dobré,v blízkosti přechodu pro chodce (do vzdálenosti 20 m),uzel (křižovatka sledovaná ve vybraných městech),jízdní kolo,dobrý -žádné nepříznivé okolnosti nebyly zjiště,1,řidič,"s přilbou (pouze u motocyklistů, příp. cyklistů)",muž,lehké zranění,0,0,1,50,1628,16,červenec,pátek,33-44,Brno-jih,16.61812799,49.17511734,{68F88DC8-34AE-4732-B19A-3565383DC6EB}
16.5877933890001,49.1988342340001,1018,1,1019,60206191559,-599582.667,-1160185.725,2019/07/27 00:00:00+00,6,2019,7,havárie,řidič se plně nevěnoval řízení vozidla,"Ano, obsah alkoholu v krvi 1,5‰ a více",řidičem nemotorového vozidla,nehoda s následky na životě nebo zdraví,povrch mokrý,déšť,"v noci - s veřejným osvětlením, viditelnost nezhoršená vlivem povětrnostních podmínek",dobré,parkoviště přiléhající ke komunikaci,komunikace sledovaná (ve vybraných městech),jízdní kolo,pod vlivem alkoholu obsah alkoholu v krvi 1 ‰ a víc,1,řidič,"s přilbou (pouze u motocyklistů, příp. cyklistů)",muž,lehké zranění,0,0,1,10,2130,21,červenec,sobota,61-70,Brno-střed,16.58779338,49.19883423,{FB80E869-9F30-4718-900D-5ED8CE2935B8}
16.5988995650001,49.2206009650001,1019,1,1020,60206191562,-598517.638,-1157866.358,2019/07/28 00:00:00+00,7,2019,7,havárie,nezvládnutí řízení vozidla,"Ano, obsah alkoholu v krvi 1,5‰ a více",řidičem nemotorového vozidla,nehoda s následky na životě nebo zdraví,"povrch suchý, neznečistěný",neztížené,"ve dne, viditelnost nezhoršená vlivem povětrnostních podmínek",dobré,žádné nebo žádné z uvedených,komunikace sledovaná (ve vybraných městech),jízdní kolo,pod vlivem alkoholu obsah alkoholu v krvi 1 ‰ a víc,1,řidič,"bez přilby (pouze u motocyklistů, příp. cyklistů)",muž,lehké zranění,0,0,1,0,1845,18,červenec,neděle,24-32,Brno-Královo Pole,16.59889956,49.22060096,{299D5B0E-E0FB-4DE5-8FBE-F312827B34A3}
16.607767123,49.1949885770001,1020,1,1021,60206191596,-598181.517,-1160767.5,2019/07/31 00:00:00+00,3,2019,7,havárie,vozidlu přijíždějícímu zprava,Nezjišťován,řidičem nemotorového vozidla,nehoda s následky na životě nebo zdraví,"povrch suchý, neznečistěný",neztížené,"ve dne, viditelnost nezhoršená vlivem povětrnostních podmínek",dobré,žádné nebo žádné z uvedených,uzel (křižovatka sledovaná ve vybraných městech),jízdní kolo,dobrý -žádné nepříznivé okolnosti nebyly zjiště,1,řidič,"s přilbou (pouze u motocyklistů, příp. cyklistů)",muž,těžké zranění,0,1,0,0,2560,25,červenec,středa,33-44,Brno-střed,16.60776711,49.19498857,{B3DDDA75-E748-48AA-A529-D62EAF0532B9}
16.5663954,49.1977236860001,1021,1,1022,60206191605,-601146.251,-1160140.307,2019/08/02 00:00:00+00,5,2019,8,srážka s jedoucím nekolejovým vozidlem,řidič se plně nevěnoval řízení vozidla,Nezjišťován,řidičem nemotorového vozidla,nehoda s následky na životě nebo zdraví,"povrch suchý, neznečistěný",neztížené,"v noci - s veřejným osvětlením, viditelnost nezhoršená vlivem povětrnostních podmínek",dobré,žádné nebo žádné z uvedených,komunikace místní,jízdní kolo,dobrý -žádné nepříznivé okolnosti nebyly zjiště,1,řidič,"s přilbou (pouze u motocyklistů, příp. cyklistů)",muž,lehké zranění,0,0,1,650,2205,22,srpen,pátek,24-32,Brno-Jundrov,16.56639539,49.19772368,{E01725C2-0693-4BF3-ABCA-EED08FE5CBDF}
16.5942050680001,49.2112936610001,1022,1,1023,60206191606,-598969.01,-1158858.555,2019/08/03 00:00:00+00,6,2019,8,havárie,nezvládnutí řízení vozidla,"Ano, obsah alkoholu v krvi 1,5‰ a více",řidičem nemotorového vozidla,nehoda s následky na životě nebo zdraví,"povrch suchý, neznečistěný",neztížené,"v noci - s veřejným osvětlením, viditelnost nezhoršená vlivem povětrnostních podmínek",dobré,žádné nebo žádné z uvedených,komunikace sledovaná (ve vybraných městech),jízdní kolo,pod vlivem alkoholu obsah alkoholu v krvi 1 ‰ a víc,1,řidič,"bez přilby (pouze u motocyklistů, příp. cyklistů)",muž,lehké zranění,0,0,1,10,225,2,srpen,sobota,24-32,Brno-Královo Pole,16.59420506,49.21129366,{50388472-11CF-45DA-B974-4910F5F5331C}
16.5937276600001,49.2040703430001,1023,1,1024,60206191616,-599090.054,-1159653.402,2019/08/05 00:00:00+00,1,2019,8,srážka s jedoucím nekolejovým vozidlem,"jízda na ""červenou"" 3-barevného semaforu",Ne,řidičem motorového vozidla,nehoda s následky na životě nebo zdraví,"povrch suchý, neznečistěný",neztížené,"ve dne, viditelnost nezhoršená vlivem povětrnostních podmínek",dobré,přechod pro chodce,komunikace sledovaná (ve vybraných městech),jízdní kolo,dobrý -žádné nepříznivé okolnosti nebyly zjiště,1,řidič,"s přilbou (pouze u motocyklistů, příp. cyklistů)",muž,lehké zranění,0,0,2,870,1805,18,srpen,pondělí,19-24,Brno-střed,16.59372765,49.20407034,{4DC026AF-7D33-45A3-93C1-FB0AA69DD354}
16.655291054,49.1963125190001,1024,1,1025,60206191628,-594722.23,-1160992.213,2019/08/07 00:00:00+00,3,2019,8,srážka s jedoucím nekolejovým vozidlem,při odbočování vlevo,Ne,řidičem motorového vozidla,nehoda s následky na životě nebo zdraví,"povrch suchý, neznečistěný",neztížené,"ve dne, viditelnost nezhoršená vlivem povětrnostních podmínek",dobré,v blízkosti přechodu pro chodce (do vzdálenosti 20 m),komunikace sledovaná (ve vybraných městech),jízdní kolo,dobrý -žádné nepříznivé okolnosti nebyly zjiště,1,řidič,"s přilbou (pouze u motocyklistů, příp. cyklistů)",muž,lehké zranění,0,0,1,10,840,8,srpen,středa,19-24,Brno-Židenice,16.65529105,49.19631252,{8C8C4A85-6AE2-4596-BDB8-4269BD7B0C54}
16.5740535030001,49.2182084520001,1025,1,1026,60206191637,-600345.632,-1157935.875,2019/08/08 00:00:00+00,4,2019,8,srážka s jedoucím nekolejovým vozidlem,"nepřizpůsobení rychlosti dopravně technickému stavu vozovky (zatáčka, klesání, stoupání, šířka vozovky apod.)","Ano, obsah alkoholu v krvi 1,5‰ a více",řidičem nemotorového vozidla,nehoda pouze s hmotnou škodou,"povrch suchý, neznečistěný",neztížené,"ve dne, viditelnost nezhoršená vlivem povětrnostních podmínek",dobré,v blízkosti přechodu pro chodce (do vzdálenosti 20 m),uzel (křižovatka sledovaná ve vybraných městech),jízdní kolo,pod vlivem alkoholu obsah alkoholu v krvi 1 ‰ a víc,0,řidič,"bez přilby (pouze u motocyklistů, příp. cyklistů)",muž,bez zraněn,0,0,0,190,1650,16,srpen,čtvrtek,24-32,Brno-Žabovřesky,16.57405349,49.21820845,{BE84659F-0AD1-496B-9E4C-D5AE5D7350E1}
16.5740535030001,49.2182084520001,1026,1,1027,60206191637,-600345.632,-1157935.875,2019/08/08 00:00:00+00,4,2019,8,srážka s jedoucím nekolejovým vozidlem,"nepřizpůsobení rychlosti dopravně technickému stavu vozovky (zatáčka, klesání, stoupání, šířka vozovky apod.)","Ano, obsah alkoholu v krvi 1,5‰ a více",řidičem nemotorového vozidla,nehoda pouze s hmotnou škodou,"povrch suchý, neznečistěný",neztížené,"ve dne, viditelnost nezhoršená vlivem povětrnostních podmínek",dobré,v blízkosti přechodu pro chodce (do vzdálenosti 20 m),uzel (křižovatka sledovaná ve vybraných městech),jízdní kolo,pod vlivem alkoholu obsah alkoholu v krvi 1 ‰ a víc,0,řidič,"bez přilby (pouze u motocyklistů, příp. cyklistů)",muž,bez zraněn,0,0,0,190,1650,16,srpen,čtvrtek,33-44,Brno-Žabovřesky,16.57405349,49.21820845,{89610A4F-BCDA-4FD8-90C2-A15351EFDE41}
16.557205362,49.214719696,1027,1,1028,60206191641,-601607.7,-1158189,2019/08/09 00:00:00+00,5,2019,8,havárie,nezvládnutí řízení vozidla,Nezjišťován,řidičem nemotorového vozidla,nehoda s následky na životě nebo zdraví,"povrch suchý, neznečistěný",neztížené,"ve dne, viditelnost nezhoršená vlivem povětrnostních podmínek",dobré,žádné nebo žádné z uvedených,komunikace místní,jízdní kolo,dobrý -žádné nepříznivé okolnosti nebyly zjiště,1,řidič,"s přilbou (pouze u motocyklistů, příp. cyklistů)",chlapec (do 15 let),lehké zranění,0,0,1,50,1120,11,srpen,pátek,12-15,Brno-Komín,16.55720535,49.21471969,{1DA235C8-34E3-4297-911E-A3BA4CCD2EC2}
16.6174913240001,49.162879708,1028,1,1029,60206191664,-597860.157,-1164393.585,2019/06/19 00:00:00+00,3,2019,6,srážka s jedoucím nekolejovým vozidlem,proti příkazu dopravní značky DEJ PŘEDNOST,Nezjišťován,řidičem motorového vozidla,nehoda s následky na životě nebo zdraví,"povrch suchý, neznečistěný",neztížené,"ve dne, viditelnost nezhoršená vlivem povětrnostních podmínek",dobré,žádné nebo žádné z uvedených,komunikace místní,jízdní kolo,dobrý -žádné nepříznivé okolnosti nebyly zjiště,1,ostatní spolucestující (i v postranním vozíku motocyklu),"s přilbou (pouze u motocyklistů, příp. cyklistů)",chlapec (do 15 let),bez zraněn,0,0,1,5,1700,17,červen,středa,0-6,Brno-jih,16.61749132,49.1628797,{0CBE479C-814C-401A-BEC1-256EC274D918}
16.6174913240001,49.162879708,1029,1,1030,60206191664,-597860.157,-1164393.585,2019/06/19 00:00:00+00,3,2019,6,srážka s jedoucím nekolejovým vozidlem,proti příkazu dopravní značky DEJ PŘEDNOST,Nezjišťován,řidičem motorového vozidla,nehoda s následky na životě nebo zdraví,"povrch suchý, neznečistěný",neztížené,"ve dne, viditelnost nezhoršená vlivem povětrnostních podmínek",dobré,žádné nebo žádné z uvedených,komunikace místní,jízdní kolo,dobrý -žádné nepříznivé okolnosti nebyly zjiště,1,řidič,"bez přilby (pouze u motocyklistů, příp. cyklistů)",muž,lehké zranění,0,0,1,5,1700,17,červen,středa,33-44,Brno-jih,16.61749132,49.1628797,{019E3246-D146-42D3-9C08-CF6A5203D6F2}