X,Y,objectid,join_count,target_fid,id,d,e,datum,den,rok,mesic,srazka,pricina,alkohol,zavineni,nasledky,stav_vozovky,povetrnostni_podm,viditelnost,rozhled,misto_nehody,druh_komun,druh_vozidla,stav_ridic,ovlivneni_ridice,osoba,ozn_osoba,pohlavi,nasledek,usmrceno_os,tezce_zran_os,lehce_zran_os,hmotna_skoda,cas,hodina,mesic_t,den_v_tydnu,vek_skupina,nazev,point_x,point_y,globalid
16.5702813120001,49.214578379,1030,1,1031,60206191665,-600662.389,-1158307.537,2019/08/12 00:00:00+00,1,2019,8,havárie,"nepřizpůsobení rychlosti stavu vozovky (náledí, výtluky, bláto, mokrý povrch apod.)","Ano, obsah alkoholu v krvi od 1,0‰ do 1,5‰",řidičem nemotorového vozidla,nehoda s následky na životě nebo zdraví,povrch mokrý,déšť,"ve dne, zhoršená viditelnost vlivem povětrnostních podmínek (mlha, sněžení, déšť apod.)",dobré,žádné nebo žádné z uvedených,komunikace sledovaná (ve vybraných městech),jízdní kolo,pod vlivem alkoholu obsah alkoholu v krvi 1 ‰ a víc,1,řidič,"bez přilby (pouze u motocyklistů, příp. cyklistů)",muž,lehké zranění,0,0,1,150,1815,18,srpen,pondělí,61-70,Brno-Žabovřesky,16.5702813,49.21457838,{B4339F42-9896-47F0-8AA3-53365EB0DEB1}
16.61070461,49.2039039300001,1031,1,1032,60206191695,-597862.178,-1159804.82,2019/08/16 00:00:00+00,5,2019,8,srážka s jedoucím nekolejovým vozidlem,proti příkazu dopravní značky DEJ PŘEDNOST,Ne,řidičem motorového vozidla,nehoda s následky na životě nebo zdraví,"povrch suchý, neznečistěný",neztížené,"ve dne, zhoršená viditelnost (svítání, soumrak)",dobré,žádné nebo žádné z uvedených,komunikace místní,jízdní kolo,dobrý -žádné nepříznivé okolnosti nebyly zjiště,1,řidič,"bez přilby (pouze u motocyklistů, příp. cyklistů)",muž,lehké zranění,0,0,1,200,2020,20,srpen,pátek,33-44,Brno-střed,16.6107046,49.20390393,{9124A22E-D270-4033-B4CB-7A8DD9961BC2}
16.506349835,49.2205471560001,1032,1,1033,60206191701,-605220.171,-1157142.997,2019/08/18 00:00:00+00,7,2019,8,srážka s jedoucím nekolejovým vozidlem,"při předjíždění došlo k ohrožení předjížděného řidiče vozidla (vynucované zařazení, předjížděný řidič musel prudce brzdit, měnit směr jízdy apod.)",Ne,řidičem motorového vozidla,nehoda s následky na životě nebo zdraví,"povrch suchý, neznečistěný",neztížené,"ve dne, viditelnost nezhoršená vlivem povětrnostních podmínek",dobré,žádné nebo žádné z uvedených,komunikace sledovaná (ve vybraných městech),jízdní kolo,dobrý -žádné nepříznivé okolnosti nebyly zjiště,1,řidič,"s přilbou (pouze u motocyklistů, příp. cyklistů)",muž,lehké zranění,0,0,1,70,1539,15,srpen,neděle,33-44,Brno-Bystrc,16.50634983,49.22054715,{93A15ABC-CA19-413F-8228-C69F1A3ACA52}
16.487698369,49.2291829750001,1033,1,1034,60206191702,-606465.977,-1156040.416,2019/08/18 00:00:00+00,7,2019,8,havárie,"nepřizpůsobení rychlosti dopravně technickému stavu vozovky (zatáčka, klesání, stoupání, šířka vozovky apod.)",Nezjišťován,řidičem nemotorového vozidla,nehoda s následky na životě nebo zdraví,"povrch suchý, neznečistěný",neztížené,"ve dne, viditelnost nezhoršená vlivem povětrnostních podmínek",dobré,žádné nebo žádné z uvedených,komunikace účelová - polní a lesní cesty atd.,jízdní kolo,dobrý -žádné nepříznivé okolnosti nebyly zjiště,1,řidič,"s přilbou (pouze u motocyklistů, příp. cyklistů)",muž,lehké zranění,0,0,1,70,1600,16,srpen,neděle,45-60,Brno-Bystrc,16.48769836,49.22918297,{8EB41AD8-8059-4EA3-9E45-ECEF0FDC84B5}
16.626221432,49.2017024560001,1034,1,1035,60206191722,-596764.308,-1160169.558,2019/08/20 00:00:00+00,2,2019,8,havárie,"nepřizpůsobení rychlosti stavu vozovky (náledí, výtluky, bláto, mokrý povrch apod.)",Ne,řidičem nemotorového vozidla,nehoda s následky na životě nebo zdraví,"povrch suchý, neznečistěný",neztížené,"ve dne, zhoršená viditelnost (svítání, soumrak)",dobré,žádné nebo žádné z uvedených,komunikace sledovaná (ve vybraných městech),jízdní kolo,dobrý -žádné nepříznivé okolnosti nebyly zjiště,1,řidič,"bez přilby (pouze u motocyklistů, příp. cyklistů)",žena,lehké zranění,0,0,1,10,2010,20,srpen,úterý,24-32,Brno-sever,16.62622142,49.20170245,{DDB4D024-5EFD-4371-9D9C-DE462C87CC2B}
16.5832850080001,49.1733370740001,1035,1,1036,60206191723,-600214.889,-1162969.172,2019/08/21 00:00:00+00,3,2019,8,srážka s jedoucím nekolejovým vozidlem,při odbočování vlevo,Ne,řidičem motorového vozidla,nehoda s následky na životě nebo zdraví,"povrch suchý, neznečistěný",neztížené,"ve dne, viditelnost nezhoršená vlivem povětrnostních podmínek",dobré,v blízkosti přechodu pro chodce (do vzdálenosti 20 m),uzel (křižovatka sledovaná ve vybraných městech),jízdní kolo,dobrý -žádné nepříznivé okolnosti nebyly zjiště,1,řidič,"s přilbou (pouze u motocyklistů, příp. cyklistů)",muž,lehké zranění,0,0,1,30,720,7,srpen,středa,45-60,Brno-Bohunice,16.583285,49.17333707,{30A45C7B-1C5B-4563-8FFE-AE2CB02805C2}
16.610866365,49.199672724,1036,1,1037,60206191731,-597901.002,-1160273.888,2019/08/21 00:00:00+00,3,2019,8,srážka s jedoucím nekolejovým vozidlem,předjíždění bez dostatečného bočního odstupu,Ne,řidičem motorového vozidla,nehoda s následky na životě nebo zdraví,"povrch suchý, neznečistěný",neztížené,"ve dne, viditelnost nezhoršená vlivem povětrnostních podmínek",dobré,v blízkosti přechodu pro chodce (do vzdálenosti 20 m),uzel (křižovatka sledovaná ve vybraných městech),jízdní kolo,dobrý -žádné nepříznivé okolnosti nebyly zjiště,1,řidič,"s přilbou (pouze u motocyklistů, příp. cyklistů)",muž,těžké zranění,0,1,0,130,1754,17,srpen,středa,45-60,Brno-střed,16.61086636,49.19967272,{091AE274-C9A8-4192-B3D8-E5696F42A58D}
16.603929884,49.1985156590001,1037,1,1038,60206191752,-598417.384,-1160347.492,2019/08/24 00:00:00+00,6,2019,8,srážka s jedoucím nekolejovým vozidlem,řidič se plně nevěnoval řízení vozidla,Ne,řidičem motorového vozidla,nehoda pouze s hmotnou škodou,"povrch suchý, neznečistěný",neztížené,"ve dne, viditelnost nezhoršená vlivem povětrnostních podmínek",dobré,žádné nebo žádné z uvedených,uzel (křižovatka sledovaná ve vybraných městech),jízdní kolo,dobrý -žádné nepříznivé okolnosti nebyly zjiště,1,řidič,"s přilbou (pouze u motocyklistů, příp. cyklistů)",muž,bez zraněn,0,0,0,70,1743,17,srpen,sobota,45-60,Brno-střed,16.60392988,49.19851566,{2373409E-3ED3-4563-976F-995257DB2404}
16.5879508080001,49.2606938550001,1038,1,1039,60206191756,-598830.264,-1153347.957,2019/08/25 00:00:00+00,7,2019,8,srážka s jedoucím nekolejovým vozidlem,"jízda po nesprávné straně vozovky, vjetí do protisměru",Ne,řidičem nemotorového vozidla,nehoda s následky na životě nebo zdraví,"povrch suchý, neznečistěný",neztížené,"ve dne, viditelnost nezhoršená vlivem povětrnostních podmínek",dobré,žádné nebo žádné z uvedených,komunikace účelová - polní a lesní cesty atd.,jízdní kolo,dobrý -žádné nepříznivé okolnosti nebyly zjiště,1,řidič,"s přilbou (pouze u motocyklistů, příp. cyklistů)",dívka (do 15 let),bez zraněn,0,0,1,60,1425,14,srpen,neděle,12-15,Brno-Řečkovice a Mokrá Hora,16.5879508,49.26069385,{1039D47D-ABCA-4410-91D5-A8833F8E5BAB}
16.5879508080001,49.2606938550001,1039,1,1040,60206191756,-598830.264,-1153347.957,2019/08/25 00:00:00+00,7,2019,8,srážka s jedoucím nekolejovým vozidlem,"jízda po nesprávné straně vozovky, vjetí do protisměru",Ne,řidičem nemotorového vozidla,nehoda s následky na životě nebo zdraví,"povrch suchý, neznečistěný",neztížené,"ve dne, viditelnost nezhoršená vlivem povětrnostních podmínek",dobré,žádné nebo žádné z uvedených,komunikace účelová - polní a lesní cesty atd.,jízdní kolo,dobrý -žádné nepříznivé okolnosti nebyly zjiště,1,řidič,"s přilbou (pouze u motocyklistů, příp. cyklistů)",žena,lehké zranění,0,0,1,60,1425,14,srpen,neděle,33-44,Brno-Řečkovice a Mokrá Hora,16.5879508,49.26069385,{4670466C-FD15-40B1-9FFA-ACF920C5EED1}
16.5879508080001,49.2606938550001,1040,1,1041,60206191756,-598830.264,-1153347.957,2019/08/25 00:00:00+00,7,2019,8,srážka s jedoucím nekolejovým vozidlem,"jízda po nesprávné straně vozovky, vjetí do protisměru",Ne,řidičem nemotorového vozidla,nehoda s následky na životě nebo zdraví,"povrch suchý, neznečistěný",neztížené,"ve dne, viditelnost nezhoršená vlivem povětrnostních podmínek",dobré,žádné nebo žádné z uvedených,komunikace účelová - polní a lesní cesty atd.,jízdní kolo,dobrý -žádné nepříznivé okolnosti nebyly zjiště,1,řidič,"s přilbou (pouze u motocyklistů, příp. cyklistů)",dívka (do 15 let),bez zraněn,0,0,1,60,1425,14,srpen,neděle,7-11,Brno-Řečkovice a Mokrá Hora,16.5879508,49.26069385,{EF57B915-DE61-4541-A8B6-E725498E5C05}
16.6392819490001,49.211695616,1041,1,1042,60206191759,-595699.122,-1159166.625,2019/08/25 00:00:00+00,7,2019,8,"srážka s vozidlem zaparkovaným, odstaveným",řidič se plně nevěnoval řízení vozidla,"Ano, obsah alkoholu v krvi 1,5‰ a více",řidičem nemotorového vozidla,nehoda pouze s hmotnou škodou,"povrch suchý, neznečistěný",neztížené,"v noci - s veřejným osvětlením, viditelnost nezhoršená vlivem povětrnostních podmínek",dobré,žádné nebo žádné z uvedených,komunikace místní,jízdní kolo,pod vlivem alkoholu obsah alkoholu v krvi 1 ‰ a víc,1,řidič,"bez přilby (pouze u motocyklistů, příp. cyklistů)",muž,bez zraněn,0,0,0,50,2320,23,srpen,neděle,33-44,Brno-Maloměřice a Obřany,16.63928194,49.21169561,{162777BC-5144-49B3-B4F9-7972CBDFBF17}
16.6136939990001,49.19315535,1042,1,1043,60206191769,-597773.962,-1161016.581,2019/08/27 00:00:00+00,2,2019,8,srážka s jedoucím nekolejovým vozidlem,nesprávné otáčení nebo couvání,Ne,řidičem motorového vozidla,nehoda s následky na životě nebo zdraví,"povrch suchý, neznečistěný",neztížené,"ve dne, viditelnost nezhoršená vlivem povětrnostních podmínek",dobré,parkoviště přiléhající ke komunikaci,komunikace sledovaná (ve vybraných městech),jízdní kolo,dobrý -žádné nepříznivé okolnosti nebyly zjiště,1,řidič,"bez přilby (pouze u motocyklistů, příp. cyklistů)",muž,lehké zranění,0,0,1,250,908,9,srpen,úterý,24-32,Brno-střed,16.61369399,49.19315535,{E28097A6-5D42-43B8-8EC0-59AA9316C63D}
16.598388001,49.21043352,1043,1,1044,60206191779,-598676.322,-1158986.444,2019/08/28 00:00:00+00,3,2019,8,srážka s chodcem,nezaviněná řidičem,Ne,chodcem,nehoda s následky na životě nebo zdraví,"povrch suchý, neznečistěný",neztížené,"ve dne, viditelnost nezhoršená vlivem povětrnostních podmínek",dobré,žádné nebo žádné z uvedených,komunikace místní,jízdní kolo,dobrý -žádné nepříznivé okolnosti nebyly zjiště,1,řidič,"bez přilby (pouze u motocyklistů, příp. cyklistů)",muž,lehké zranění,0,0,1,10,1110,11,srpen,středa,45-60,Brno-Královo Pole,16.59838799,49.21043352,{A9E3BF15-3DBA-4BA5-A79A-0664538667DB}
16.60962089,49.2091441960001,1044,1,1045,60206191799,-597878.082,-1159216.974,2019/08/30 00:00:00+00,5,2019,8,srážka s jedoucím nekolejovým vozidlem,řidič se plně nevěnoval řízení vozidla,Ne,řidičem motorového vozidla,nehoda s následky na životě nebo zdraví,"povrch suchý, neznečistěný",neztížené,"ve dne, viditelnost nezhoršená vlivem povětrnostních podmínek",dobré,přechod pro chodce,uzel (křižovatka sledovaná ve vybraných městech),jízdní kolo,dobrý -žádné nepříznivé okolnosti nebyly zjiště,1,řidič,"bez přilby (pouze u motocyklistů, příp. cyklistů)",muž,lehké zranění,0,0,1,10,1606,16,srpen,pátek,61-70,Brno-střed,16.60962088,49.20914419,{2342F5CF-DA77-459A-A043-3B0A998EB07C}
16.598354488,49.2012300960001,1045,1,1046,60206191805,-598788.854,-1160003.694,2019/08/31 00:00:00+00,6,2019,8,srážka s chodcem,nezaviněná řidičem,Ne,chodcem,nehoda s následky na životě nebo zdraví,"povrch suchý, neznečistěný",neztížené,"ve dne, viditelnost nezhoršená vlivem povětrnostních podmínek",dobré,žádné nebo žádné z uvedených,komunikace místní,jízdní kolo,dobrý -žádné nepříznivé okolnosti nebyly zjiště,1,řidič,"bez přilby (pouze u motocyklistů, příp. cyklistů)",muž,bez zraněn,0,0,1,0,1552,15,srpen,sobota,24-32,Brno-střed,16.59835448,49.20123009,{3DADD262-0FD0-4393-A8E1-452239E990FB}
16.5963837370001,49.2237471620001,1046,1,1047,60206191807,-598662.182,-1157498.804,2019/08/31 00:00:00+00,6,2019,8,havárie,nepřizpůsobení rychlosti vlastnostem vozidla a nákladu,Ne,řidičem nemotorového vozidla,nehoda s následky na životě nebo zdraví,"povrch suchý, neznečistěný",neztížené,"v noci - s veřejným osvětlením, viditelnost nezhoršená vlivem povětrnostních podmínek",dobré,žádné nebo žádné z uvedených,komunikace sledovaná (ve vybraných městech),jízdní kolo,dobrý -žádné nepříznivé okolnosti nebyly zjiště,1,řidič,"bez přilby (pouze u motocyklistů, příp. cyklistů)",žena,lehké zranění,0,0,1,0,2020,20,srpen,sobota,61-70,Brno-Královo Pole,16.59638373,49.22374716,{DBB0A8E3-C56B-4C83-A4E3-A5BDD3C2EC09}
16.461794598,49.2321137070001,1047,1,1048,60206191837,-608305.586,-1155510.439,2019/09/04 00:00:00+00,3,2019,9,havárie,"jízda po nesprávné straně vozovky, vjetí do protisměru",Nezjišťován,řidičem nemotorového vozidla,nehoda s následky na životě nebo zdraví,"povrch suchý, neznečistěný",neztížené,"ve dne, viditelnost nezhoršená vlivem povětrnostních podmínek",dobré,žádné nebo žádné z uvedených,komunikace účelová - polní a lesní cesty atd.,jízdní kolo,dobrý -žádné nepříznivé okolnosti nebyly zjiště,1,řidič,"bez přilby (pouze u motocyklistů, příp. cyklistů)",muž,lehké zranění,0,0,1,0,1500,15,září,středa,61-70,Brno-Bystrc,16.46179459,49.2321137,{1AE5D76E-C460-43CE-B7E6-8F013641B124}
16.461794598,49.2321137070001,1048,1,1049,60206191837,-608305.586,-1155510.439,2019/09/04 00:00:00+00,3,2019,9,havárie,"jízda po nesprávné straně vozovky, vjetí do protisměru",Nezjišťován,řidičem nemotorového vozidla,nehoda s následky na životě nebo zdraví,"povrch suchý, neznečistěný",neztížené,"ve dne, viditelnost nezhoršená vlivem povětrnostních podmínek",dobré,žádné nebo žádné z uvedených,komunikace účelová - polní a lesní cesty atd.,jízdní kolo,dobrý -žádné nepříznivé okolnosti nebyly zjiště,1,řidič,"s přilbou (pouze u motocyklistů, příp. cyklistů)",muž,bez zraněn,0,0,1,0,1500,15,září,středa,24-32,Brno-Bystrc,16.46179459,49.2321137,{81B77395-DECD-4D15-A3E3-EB2A2B249526}
16.69214931,49.1850400880001,1049,1,1050,60206191842,-592184.723,-1162524.949,2019/09/05 00:00:00+00,4,2019,9,srážka s jedoucím nekolejovým vozidlem,při odbočování vlevo,Ne,řidičem motorového vozidla,nehoda s následky na životě nebo zdraví,"povrch suchý, neznečistěný",neztížené,"ve dne, viditelnost nezhoršená vlivem povětrnostních podmínek",dobré,"most, nadjezd, podjezd, tunel",uzel (křižovatka sledovaná ve vybraných městech),jízdní kolo,dobrý -žádné nepříznivé okolnosti nebyly zjiště,1,řidič,"s přilbou (pouze u motocyklistů, příp. cyklistů)",muž,lehké zranění,0,0,1,240,915,9,září,čtvrtek,71 a více,Brno-Slatina,16.6921493,49.18504008,{63745B52-43BF-4746-BD08-3A5F311BCE43}
16.633321478,49.184840476,1050,1,1051,60206191854,-596450.778,-1162089.321,2019/09/06 00:00:00+00,5,2019,9,srážka s jedoucím nekolejovým vozidlem,vyhýbání bez dostatečného bočního odstupu (vůle),Ne,řidičem nemotorového vozidla,nehoda s následky na životě nebo zdraví,"povrch suchý, neznečistěný",neztížené,"ve dne, viditelnost nezhoršená vlivem povětrnostních podmínek",dobré,žádné nebo žádné z uvedených,komunikace místní,jízdní kolo,dobrý -žádné nepříznivé okolnosti nebyly zjiště,1,řidič,"s přilbou (pouze u motocyklistů, příp. cyklistů)",muž,bez zraněn,0,0,1,110,1750,17,září,pátek,24-32,Brno-Černovice,16.63332147,49.18484047,{7B569CF0-038A-4286-A55F-7AF2F696E2B7}
16.602070499,49.2014520220001,1051,1,1052,60206191936,-598516.986,-1160008.283,2019/09/17 00:00:00+00,2,2019,9,srážka s jedoucím nekolejovým vozidlem,při odbočování vlevo,Ne,řidičem motorového vozidla,nehoda s následky na životě nebo zdraví,"povrch suchý, neznečistěný",neztížené,"ve dne, viditelnost nezhoršená vlivem povětrnostních podmínek",dobré,v blízkosti přechodu pro chodce (do vzdálenosti 20 m),uzel (křižovatka sledovaná ve vybraných městech),jízdní kolo,dobrý -žádné nepříznivé okolnosti nebyly zjiště,1,řidič,"s přilbou (pouze u motocyklistů, příp. cyklistů)",muž,lehké zranění,0,0,1,30,1630,16,září,úterý,33-44,Brno-střed,16.60207049,49.20145202,{BF40F08C-31B1-4616-BF92-9C39833873D6}
16.5952176960001,49.1867064630001,1052,1,1053,60206192000,-599189.923,-1161584.793,2019/09/24 00:00:00+00,2,2019,9,havárie,při odbočování vlevo,Ne,řidičem motorového vozidla,nehoda s následky na životě nebo zdraví,"povrch suchý, neznečistěný",neztížené,"v noci - s veřejným osvětlením, viditelnost nezhoršená vlivem povětrnostních podmínek",dobré,v blízkosti přechodu pro chodce (do vzdálenosti 20 m),uzel (křižovatka sledovaná ve vybraných městech),jízdní kolo,dobrý -žádné nepříznivé okolnosti nebyly zjiště,1,řidič,"bez přilby (pouze u motocyklistů, příp. cyklistů)",žena,lehké zranění,0,0,1,0,1923,19,září,úterý,33-44,Brno-střed,16.59521769,49.18670646,{8BDB4693-BF0D-49E2-90BE-6E7E403731A3}
16.605935158,49.195495641,1053,1,1054,60206192001,-598308.195,-1160697.091,2019/09/24 00:00:00+00,2,2019,9,havárie,řidič se plně nevěnoval řízení vozidla,"Ano, obsah alkoholu v krvi 1,5‰ a více",řidičem nemotorového vozidla,nehoda s následky na životě nebo zdraví,"povrch suchý, neznečistěný",neztížené,"v noci - s veřejným osvětlením, viditelnost nezhoršená vlivem povětrnostních podmínek",dobré,žádné nebo žádné z uvedených,komunikace sledovaná (ve vybraných městech),jízdní kolo,pod vlivem alkoholu obsah alkoholu v krvi 1 ‰ a víc,1,řidič,"bez přilby (pouze u motocyklistů, příp. cyklistů)",muž,lehké zranění,0,0,1,0,2009,20,září,úterý,19-24,Brno-střed,16.60593515,49.19549564,{D98259F2-BF7E-432F-B9E5-F52F68A34779}
16.631466484,49.2029493960001,1054,1,1055,60206192007,-596369.45,-1160072.657,2019/09/25 00:00:00+00,3,2019,9,havárie,řidič se plně nevěnoval řízení vozidla,Ne,řidičem nemotorového vozidla,nehoda s následky na životě nebo zdraví,"povrch suchý, neznečistěný",neztížené,"ve dne, viditelnost nezhoršená vlivem povětrnostních podmínek",dobré,žádné nebo žádné z uvedených,komunikace místní,jízdní kolo,dobrý -žádné nepříznivé okolnosti nebyly zjiště,1,řidič,"bez přilby (pouze u motocyklistů, příp. cyklistů)",muž,lehké zranění,0,0,1,10,1105,11,září,středa,24-32,Brno-Židenice,16.63146648,49.20294939,{E94D202A-1876-4AB2-9152-83BF2D65DA4E}
16.606624014,49.193015508,1055,1,1056,60206192026,-598287.924,-1160976.688,2019/09/26 00:00:00+00,4,2019,9,srážka s pevnou překážkou,řidič se plně nevěnoval řízení vozidla,Ne,řidičem nemotorového vozidla,nehoda pouze s hmotnou škodou,"povrch suchý, neznečistěný",neztížené,"ve dne, viditelnost nezhoršená vlivem povětrnostních podmínek",dobré,žádné nebo žádné z uvedených,komunikace místní,jízdní kolo,dobrý -žádné nepříznivé okolnosti nebyly zjiště,1,řidič,"bez přilby (pouze u motocyklistů, příp. cyklistů)",muž,bez zraněn,0,0,0,40,1005,10,září,čtvrtek,19-24,Brno-střed,16.60662401,49.1930155,{91E97E18-39E1-45E9-8D45-31A8DDFB2B92}
16.586956414,49.199093265,1056,1,1057,60206192040,-599640.202,-1160150.517,2019/09/27 00:00:00+00,5,2019,9,havárie,nepřizpůsobení rychlosti vlastnostem vozidla a nákladu,Ne,řidičem nemotorového vozidla,nehoda s následky na životě nebo zdraví,"povrch suchý, neznečistěný",neztížené,"ve dne, viditelnost nezhoršená vlivem povětrnostních podmínek",dobré,žádné nebo žádné z uvedených,komunikace sledovaná (ve vybraných městech),jízdní kolo,dobrý -žádné nepříznivé okolnosti nebyly zjiště,1,řidič,"bez přilby (pouze u motocyklistů, příp. cyklistů)",muž,lehké zranění,0,0,1,10,1425,14,září,pátek,19-24,Brno-střed,16.58695641,49.19909326,{4D6D1F16-8B45-4B76-ABC9-C3305EFA5731}
16.6061663830001,49.199535833,1057,1,1058,60206192080,-598243.153,-1160252.222,2019/10/02 00:00:00+00,3,2019,10,srážka s jedoucím nekolejovým vozidlem,při odbočování vlevo,Ne,řidičem motorového vozidla,nehoda s následky na životě nebo zdraví,povrch mokrý,neztížené,"ve dne, viditelnost nezhoršená vlivem povětrnostních podmínek",dobré,v blízkosti přechodu pro chodce (do vzdálenosti 20 m),uzel (křižovatka sledovaná ve vybraných městech),jízdní kolo,dobrý -žádné nepříznivé okolnosti nebyly zjiště,1,řidič,"bez přilby (pouze u motocyklistů, příp. cyklistů)",muž,lehké zranění,0,0,1,800,1548,15,říjen,středa,24-32,Brno-střed,16.60616637,49.19953583,{B148644C-65C3-4995-A2B5-F2E636B75459}
16.5604144970001,49.2172577320001,1058,1,1059,60206192096,-601344.78,-1157933.687,2019/10/04 00:00:00+00,5,2019,10,havárie,řidič se plně nevěnoval řízení vozidla,Ne,řidičem nemotorového vozidla,nehoda s následky na životě nebo zdraví,"povrch suchý, neznečistěný",neztížené,"ve dne, viditelnost nezhoršená vlivem povětrnostních podmínek",dobré,přechod pro chodce,komunikace sledovaná (ve vybraných městech),jízdní kolo,dobrý -žádné nepříznivé okolnosti nebyly zjiště,1,řidič,"s přilbou (pouze u motocyklistů, příp. cyklistů)",muž,lehké zranění,0,0,1,20,1825,18,říjen,pátek,61-70,Brno-Komín,16.56041449,49.21725773,{3BDF9C98-B9E4-4ADF-9C0F-7180BFFD314C}
16.6027569,49.200952172,1059,1,1060,60206192119,-598473.235,-1160068.924,2019/10/08 00:00:00+00,2,2019,10,srážka s jedoucím nekolejovým vozidlem,řidič se plně nevěnoval řízení vozidla,"Ano, obsah alkoholu v krvi od 0,24‰ do 0,5‰",řidičem nemotorového vozidla,nehoda s následky na životě nebo zdraví,"povrch suchý, neznečistěný",neztížené,"ve dne, viditelnost nezhoršená vlivem povětrnostních podmínek",dobré,parkoviště přiléhající ke komunikaci,komunikace sledovaná (ve vybraných městech),jízdní kolo,"pod vlivem alkoholu, obsah alkoholu v krvi do 0,99 ‰",1,řidič,"bez přilby (pouze u motocyklistů, příp. cyklistů)",muž,lehké zranění,0,0,1,510,800,8,říjen,úterý,33-44,Brno-střed,16.60275689,49.20095217,{D9153FF7-FE4E-4EA3-9D6B-3DD976CB8F27}
16.5745343300001,49.1787625590001,1060,1,1061,60206192174,-600784.092,-1162300.562,2019/10/13 00:00:00+00,7,2019,10,jiný druh nehody,"nepřizpůsobení rychlosti stavu vozovky (náledí, výtluky, bláto, mokrý povrch apod.)",Ne,řidičem nemotorového vozidla,nehoda s následky na životě nebo zdraví,"povrch suchý, neznečistěný",neztížené,"ve dne, viditelnost nezhoršená vlivem povětrnostních podmínek",dobré,žádné nebo žádné z uvedených,komunikace místní,jízdní kolo,dobrý -žádné nepříznivé okolnosti nebyly zjiště,1,řidič,"bez přilby (pouze u motocyklistů, příp. cyklistů)",žena,lehké zranění,0,0,1,10,1245,12,říjen,neděle,45-60,Brno-střed,16.57453432,49.17876256,{86CFE8B4-1B0B-4A2D-8E36-2BA9CB292B29}
16.629655492,49.2211612630001,1061,1,1062,60206192192,-596283.609,-1158044.956,2019/10/15 00:00:00+00,2,2019,10,srážka s jedoucím nekolejovým vozidlem,proti příkazu dopravní značky DEJ PŘEDNOST,Ne,řidičem motorového vozidla,nehoda s následky na životě nebo zdraví,"povrch suchý, neznečistěný",neztížené,"v noci - s veřejným osvětlením, viditelnost nezhoršená vlivem povětrnostních podmínek",dobré,žádné nebo žádné z uvedených,komunikace sledovaná (ve vybraných městech),jízdní kolo,dobrý -žádné nepříznivé okolnosti nebyly zjiště,1,řidič,"s přilbou (pouze u motocyklistů, příp. cyklistů)",muž,těžké zranění,0,1,0,20,1915,19,říjen,úterý,33-44,Brno-sever,16.62965548,49.22116126,{64CCA6C3-102A-4F1A-A722-501DC15841D2}
16.630614237,49.1802283060001,1062,1,1063,60206192225,-596701.943,-1162578.112,2019/10/21 00:00:00+00,1,2019,10,srážka s pevnou překážkou,řidič se plně nevěnoval řízení vozidla,Ne,řidičem nemotorového vozidla,nehoda s následky na životě nebo zdraví,"povrch suchý, neznečistěný",neztížené,"v noci - s veřejným osvětlením, viditelnost nezhoršená vlivem povětrnostních podmínek",dobré,žádné nebo žádné z uvedených,komunikace sledovaná (ve vybraných městech),jízdní kolo,dobrý -žádné nepříznivé okolnosti nebyly zjiště,1,řidič,"bez přilby (pouze u motocyklistů, příp. cyklistů)",muž,lehké zranění,0,0,1,60,648,6,říjen,pondělí,19-24,Brno-jih,16.63061423,49.1802283,{9A6A1B1C-F628-4293-8C2B-C996DD2C1C58}
16.5992913170001,49.2162967670001,1063,1,1064,60206192261,-598540.755,-1158345.293,2019/10/25 00:00:00+00,5,2019,10,srážka s jedoucím nekolejovým vozidlem,při vjíždění na silnici,Ne,řidičem motorového vozidla,nehoda s následky na životě nebo zdraví,"povrch suchý, neznečistěný",neztížené,"ve dne, zhoršená viditelnost (svítání, soumrak)",dobré,parkoviště přiléhající ke komunikaci,komunikace sledovaná (ve vybraných městech),jízdní kolo,dobrý -žádné nepříznivé okolnosti nebyly zjiště,1,řidič,"s přilbou (pouze u motocyklistů, příp. cyklistů)",muž,lehké zranění,0,0,1,370,1810,18,říjen,pátek,33-44,Brno-Královo Pole,16.59929131,49.21629676,{D229447C-4872-4CD6-AD5C-84A7C99F53F6}
16.637293689,49.225117255,1064,1,1065,60206192267,-595683.338,-1157667.162,2019/10/27 00:00:00+00,7,2019,10,havárie,nepřizpůsobení rychlosti vlastnostem vozidla a nákladu,"Ano, obsah alkoholu v krvi 1,5‰ a více",řidičem nemotorového vozidla,nehoda s následky na životě nebo zdraví,"povrch suchý, neznečistěný",neztížené,"ve dne, viditelnost nezhoršená vlivem povětrnostních podmínek",dobré,parkoviště přiléhající ke komunikaci,komunikace místní,jízdní kolo,pod vlivem alkoholu obsah alkoholu v krvi 1 ‰ a víc,1,řidič,"s přilbou (pouze u motocyklistů, příp. cyklistů)",muž,lehké zranění,0,0,1,20,1550,15,říjen,neděle,45-60,Brno-sever,16.63729368,49.22511725,{C62D262F-404B-401A-B970-968C61B584F5}