X,Y,objectid,join_count,target_fid,id,d,e,datum,den,rok,mesic,srazka,pricina,alkohol,zavineni,nasledky,stav_vozovky,povetrnostni_podm,viditelnost,rozhled,misto_nehody,druh_komun,druh_vozidla,stav_ridic,ovlivneni_ridice,osoba,ozn_osoba,pohlavi,nasledek,usmrceno_os,tezce_zran_os,lehce_zran_os,hmotna_skoda,cas,hodina,mesic_t,den_v_tydnu,vek_skupina,nazev,point_x,point_y,globalid
16.5188986040001,49.235151484,1065,1,1066,60206192272,-604135.102,-1155627.917,2019/10/28 00:00:00+00,1,2019,10,srážka s jedoucím nekolejovým vozidlem,řidič se plně nevěnoval řízení vozidla,Ne,řidičem nemotorového vozidla,nehoda s následky na životě nebo zdraví,"povrch suchý, neznečistěný",neztížené,"ve dne, viditelnost nezhoršená vlivem povětrnostních podmínek",dobré,žádné nebo žádné z uvedených,komunikace místní,jízdní kolo,dobrý -žádné nepříznivé okolnosti nebyly zjiště,1,řidič,"s přilbou (pouze u motocyklistů, příp. cyklistů)",chlapec (do 15 let),lehké zranění,0,0,1,10,1440,14,říjen,pondělí,0-6,Brno-Kníničky,16.5188986,49.23515148,{072A177F-6FD4-472A-8CE8-8C023B6211ED}
16.595889675,49.2044063070001,1066,1,1067,60206192283,-598929.412,-1159633.214,2019/10/29 00:00:00+00,2,2019,10,srážka s chodcem,nezaviněná řidičem,Ne,chodcem,nehoda s následky na životě nebo zdraví,"povrch suchý, neznečistěný",neztížené,"v noci - s veřejným osvětlením, viditelnost nezhoršená vlivem povětrnostních podmínek",výhled zakryt stojícím vozidlem,"zastávka autobusu, trolejbusu, tramvaje s nástup. ostrůvkem",komunikace sledovaná (ve vybraných městech),jízdní kolo,dobrý -žádné nepříznivé okolnosti nebyly zjiště,1,řidič,"bez přilby (pouze u motocyklistů, příp. cyklistů)",muž,lehké zranění,0,0,2,10,2015,20,říjen,úterý,33-44,Brno-střed,16.59588967,49.2044063,{62B64F4E-23AD-4AE4-A8ED-7F51FFDC0845}
16.647441397,49.165778157,1067,1,1068,60206192290,-595654.115,-1164307.111,2019/10/30 00:00:00+00,3,2019,10,srážka s jedoucím nekolejovým vozidlem,protijedoucímu vozidlu při objíždění překážky,Ne,řidičem motorového vozidla,nehoda s následky na životě nebo zdraví,"povrch suchý, neznečistěný",neztížené,"ve dne, viditelnost nezhoršená vlivem povětrnostních podmínek",dobré,"most, nadjezd, podjezd, tunel",komunikace sledovaná (ve vybraných městech),jízdní kolo,dobrý -žádné nepříznivé okolnosti nebyly zjiště,1,řidič,"s přilbou (pouze u motocyklistů, příp. cyklistů)",muž,lehké zranění,0,0,1,320,1610,16,říjen,středa,24-32,Brno-Tuřany,16.64744139,49.16577815,{C7A1CF67-996D-4E23-B104-4F2A991DEB91}
16.6023718750001,49.1845788090001,1068,1,1069,60206192309,-598696.914,-1161876.121,2019/11/01 00:00:00+00,5,2019,11,srážka s jedoucím nekolejovým vozidlem,"jízda na ""červenou"" 3-barevného semaforu",Ne,řidičem motorového vozidla,nehoda s následky na životě nebo zdraví,"povrch suchý, neznečistěný",neztížené,"v noci - s veřejným osvětlením, viditelnost nezhoršená vlivem povětrnostních podmínek",dobré,v blízkosti přechodu pro chodce (do vzdálenosti 20 m),uzel (křižovatka sledovaná ve vybraných městech),jízdní kolo,dobrý -žádné nepříznivé okolnosti nebyly zjiště,1,řidič,"s přilbou (pouze u motocyklistů, příp. cyklistů)",muž,lehké zranění,0,0,1,60,1856,18,listopad,pátek,24-32,Brno-střed,16.60237187,49.18457881,{32321B4F-A349-4D13-8D54-74E93DFFB960}
16.58666148,49.2366149370001,1069,1,1070,60206192322,-599212.039,-1155999.94,2019/11/04 00:00:00+00,1,2019,11,havárie,řidič se plně nevěnoval řízení vozidla,Ne,řidičem nemotorového vozidla,nehoda s následky na životě nebo zdraví,"povrch suchý, neznečistěný",neztížené,"v noci - s veřejným osvětlením, viditelnost nezhoršená vlivem povětrnostních podmínek",dobré,žádné nebo žádné z uvedených,komunikace místní,jízdní kolo,dobrý -žádné nepříznivé okolnosti nebyly zjiště,1,řidič,"bez přilby (pouze u motocyklistů, příp. cyklistů)",muž,lehké zranění,0,0,1,0,1745,17,listopad,pondělí,33-44,Brno-Řečkovice a Mokrá Hora,16.58666147,49.23661493,{A37CEE89-2868-4EB1-A797-FD46C1FAFD2D}
16.6305749790001,49.230039623,1070,1,1071,60206192408,-596111.221,-1157070.511,2019/11/18 00:00:00+00,1,2019,11,havárie,nepřizpůsobení rychlosti vlastnostem vozidla a nákladu,Ne,řidičem nemotorového vozidla,nehoda s následky na životě nebo zdraví,povrch mokrý,"na počátku deště, slabý déšť, mrholení apod.","ve dne, zhoršená viditelnost (svítání, soumrak)",dobré,žádné nebo žádné z uvedených,komunikace sledovaná (ve vybraných městech),jízdní kolo,dobrý -žádné nepříznivé okolnosti nebyly zjiště,1,řidič,"bez přilby (pouze u motocyklistů, příp. cyklistů)",muž,lehké zranění,0,0,1,0,705,7,listopad,pondělí,71 a více,Brno-sever,16.63057497,49.23003962,{A616DE60-A8F9-4CFE-86DE-55C4F5582EB3}
16.6296294430001,49.2201752170001,1071,1,1072,60206192452,-596297.247,-1158153.773,2019/11/23 00:00:00+00,6,2019,11,havárie,nezvládnutí řízení vozidla,"Ano, obsah alkoholu v krvi 1,5‰ a více",řidičem nemotorového vozidla,nehoda s následky na životě nebo zdraví,"povrch suchý, znečistěný (písek, prach, listí, štěrk atd.)",neztížené,"v noci - bez veřejného osvětlení, viditelnost nezhoršená vlivem povětrnostních podmínek",dobré,žádné nebo žádné z uvedených,komunikace místní,jízdní kolo,pod vlivem alkoholu obsah alkoholu v krvi 1 ‰ a víc,1,řidič,"s přilbou (pouze u motocyklistů, příp. cyklistů)",muž,lehké zranění,0,0,1,0,1700,17,listopad,sobota,45-60,Brno-sever,16.62962943,49.22017521,{545B6E80-FFB3-4A19-99DD-03A2AA37231E}
16.6099188650001,49.1904803040001,1072,1,1073,60206192457,-598079.466,-1161282.782,2019/11/24 00:00:00+00,7,2019,11,havárie,řidič se plně nevěnoval řízení vozidla,Ne,řidičem nemotorového vozidla,nehoda s následky na životě nebo zdraví,"povrch suchý, neznečistěný",neztížené,"ve dne, zhoršená viditelnost (svítání, soumrak)",dobré,"zastávka autobusu, trolejbusu, tramvaje s nástup. ostrůvkem",komunikace sledovaná (ve vybraných městech),jízdní kolo,dobrý -žádné nepříznivé okolnosti nebyly zjiště,1,řidič,"bez přilby (pouze u motocyklistů, příp. cyklistů)",muž,lehké zranění,0,0,1,0,1605,16,listopad,neděle,45-60,Brno-střed,16.60991886,49.1904803,{07B0BEC4-6F10-4436-B8A8-8E37B98C1F18}
16.5805410840001,49.247161507,1073,1,1074,60206192473,-599528.668,-1154785.922,2019/11/27 00:00:00+00,3,2019,11,havárie,nepřizpůsobení rychlosti vlastnostem vozidla a nákladu,Ne,řidičem nemotorového vozidla,nehoda s následky na životě nebo zdraví,povrch mokrý,"na počátku deště, slabý déšť, mrholení apod.","ve dne, viditelnost nezhoršená vlivem povětrnostních podmínek",dobré,žádné nebo žádné z uvedených,komunikace místní,jízdní kolo,dobrý -žádné nepříznivé okolnosti nebyly zjiště,1,řidič,"bez přilby (pouze u motocyklistů, příp. cyklistů)",muž,lehké zranění,0,0,1,10,820,8,listopad,středa,71 a více,Brno-Řečkovice a Mokrá Hora,16.58054108,49.2471615,{A92EAB7C-0F7D-4773-90F5-85E2571D8665}
16.6438224190001,49.2204719010001,1074,1,1075,60206192626,-595265.817,-1158231.671,2019/12/15 00:00:00+00,7,2019,12,havárie,řidič se plně nevěnoval řízení vozidla,Ne,řidičem nemotorového vozidla,nehoda s následky na životě nebo zdraví,povrch mokrý,"na počátku deště, slabý déšť, mrholení apod.","v noci - s veřejným osvětlením, viditelnost nezhoršená vlivem povětrnostních podmínek",dobré,žádné nebo žádné z uvedených,komunikace sledovaná (ve vybraných městech),jízdní kolo,dobrý -žádné nepříznivé okolnosti nebyly zjiště,1,řidič,"bez přilby (pouze u motocyklistů, příp. cyklistů)",muž,lehké zranění,0,0,1,5,700,7,prosinec,neděle,45-60,Brno-Maloměřice a Obřany,16.64382241,49.2204719,{7B438EAF-2387-4815-A076-CA4395BA0636}
16.615973196,49.2149443170001,1075,1,1076,60206192706,-597348.701,-1158625.41,2019/12/26 00:00:00+00,4,2019,12,"srážka s vozidlem zaparkovaným, odstaveným",řidič se plně nevěnoval řízení vozidla,"Ano, obsah alkoholu v krvi 1,5‰ a více",řidičem nemotorového vozidla,nehoda s následky na životě nebo zdraví,"povrch suchý, neznečistěný",neztížené,"v noci - s veřejným osvětlením, viditelnost nezhoršená vlivem povětrnostních podmínek",dobré,žádné nebo žádné z uvedených,komunikace místní,jízdní kolo,pod vlivem alkoholu obsah alkoholu v krvi 1 ‰ a víc,1,řidič,"s přilbou (pouze u motocyklistů, příp. cyklistů)",muž,lehké zranění,0,0,1,60,2045,20,prosinec,čtvrtek,45-60,Brno-sever,16.61597319,49.21494431,{5C20EB45-E9FA-4183-A6A5-FA2E51230989}
16.4587967960001,49.2534766360001,1076,1,1077,60206200005,-608262.653,-1153125.173,2020/01/01 00:00:00+00,3,2020,1,srážka s pevnou překážkou,řidič se plně nevěnoval řízení vozidla,"Ano, obsah alkoholu v krvi 1,5‰ a více",řidičem nemotorového vozidla,nehoda s následky na životě nebo zdraví,"povrch suchý, neznečistěný",neztížené,"v noci - bez veřejného osvětlení, viditelnost nezhoršená vlivem povětrnostních podmínek",dobré,žádné nebo žádné z uvedených,komunikace sledovaná (ve vybraných městech),jízdní kolo,pod vlivem alkoholu obsah alkoholu v krvi 1 ‰ a víc,1,řidič,"s přilbou (pouze u motocyklistů, příp. cyklistů)",muž,lehké zranění,0,0,1,10,1745,17,leden,středa,61-70,Brno-Bystrc,16.45879679,49.25347663,{212C89F6-FBA1-45E5-8A78-AF27894EA26A}
16.6020578280001,49.189360434,1077,1,1078,60206200091,-598662.495,-1161345.011,2020/01/15 00:00:00+00,3,2020,1,"srážka s vozidlem zaparkovaným, odstaveným",nezaviněná řidičem,Nezjišťován,jiné zaviněn,nehoda s následky na životě nebo zdraví,"povrch suchý, neznečistěný",neztížené,"ve dne, viditelnost nezhoršená vlivem povětrnostních podmínek",dobré,parkoviště přiléhající ke komunikaci,komunikace místní,jízdní kolo,dobrý -žádné nepříznivé okolnosti nebyly zjiště,1,řidič,"bez přilby (pouze u motocyklistů, příp. cyklistů)",muž,lehké zranění,0,0,1,60,1100,11,leden,středa,24-32,Brno-střed,16.60205782,49.18936043,{9B83845D-7528-42AB-A337-DF60544E062A}
16.603188613,49.185432217,1078,1,1079,60206200131,-598627.52,-1161788.171,2020/01/21 00:00:00+00,2,2020,1,srážka s chodcem,chodci na vyznačeném přechodu,Ne,řidičem nemotorového vozidla,nehoda s následky na životě nebo zdraví,"povrch suchý, neznečistěný",neztížené,"ve dne, viditelnost nezhoršená vlivem povětrnostních podmínek",dobré,přechod pro chodce,komunikace sledovaná (ve vybraných městech),jízdní kolo,dobrý -žádné nepříznivé okolnosti nebyly zjiště,1,řidič,"bez přilby (pouze u motocyklistů, příp. cyklistů)",muž,bez zraněn,0,0,1,0,1220,12,leden,úterý,33-44,Brno-střed,16.6031886,49.18543221,{56E3E683-EAD0-427F-96E0-0449BD8D158C}
16.587315162,49.2127188860001,1079,1,1080,60206200186,-599450.982,-1158646.935,2020/01/29 00:00:00+00,3,2020,1,srážka s chodcem,nezaviněná řidičem,Ne,chodcem,nehoda s následky na životě nebo zdraví,"povrch suchý, neznečistěný",neztížené,"v noci - s veřejným osvětlením, viditelnost nezhoršená vlivem povětrnostních podmínek",dobré,žádné nebo žádné z uvedených,komunikace místní,jízdní kolo,pod vlivem alkoholu obsah alkoholu v krvi 1 ‰ a víc,1,řidič,"bez přilby (pouze u motocyklistů, příp. cyklistů)",muž,bez zraněn,0,0,1,0,1720,17,leden,středa,24-32,Brno-Žabovřesky,16.58731515,49.21271888,{05DD0C8B-A0F5-488A-A428-33F4B0391D12}
16.5919625080001,49.219370075,1080,1,1081,60206200198,-599034.745,-1157948.061,2020/01/31 00:00:00+00,5,2020,1,havárie,řidič se plně nevěnoval řízení vozidla,Ne,řidičem nemotorového vozidla,nehoda s následky na životě nebo zdraví,povrch mokrý,"na počátku deště, slabý déšť, mrholení apod.","v noci - s veřejným osvětlením, viditelnost nezhoršená vlivem povětrnostních podmínek",dobré,v blízkosti přechodu pro chodce (do vzdálenosti 20 m),uzel (křižovatka sledovaná ve vybraných městech),jízdní kolo,dobrý -žádné nepříznivé okolnosti nebyly zjiště,1,řidič,"s přilbou (pouze u motocyklistů, příp. cyklistů)",muž,lehké zranění,0,0,1,10,630,6,leden,pátek,61-70,Brno-Královo Pole,16.5919625,49.21937007,{4BBAE276-3F5E-4C23-AF05-760ABE035C09}
16.6465400390001,49.195646686,1081,1,1082,60206200279,-595364.243,-1160997.662,2020/02/13 00:00:00+00,4,2020,2,srážka s jedoucím nekolejovým vozidlem,proti příkazu dopravní značky DEJ PŘEDNOST,Ne,řidičem nemotorového vozidla,nehoda s následky na životě nebo zdraví,"povrch suchý, neznečistěný",neztížené,"v noci - s veřejným osvětlením, viditelnost nezhoršená vlivem povětrnostních podmínek",dobré,v blízkosti přechodu pro chodce (do vzdálenosti 20 m),uzel (křižovatka sledovaná ve vybraných městech),jízdní kolo,dobrý -žádné nepříznivé okolnosti nebyly zjiště,1,řidič,"bez přilby (pouze u motocyklistů, příp. cyklistů)",muž,lehké zranění,0,0,1,410,2335,23,únor,čtvrtek,24-32,Brno-Židenice,16.64654003,49.19564668,{7F829BBD-5491-452C-8465-0494C3F318D9}
16.613666294,49.198489608,1082,1,1083,60206200282,-597712.273,-1160426.607,2020/02/14 00:00:00+00,5,2020,2,srážka s jedoucím nekolejovým vozidlem,při přejíždění z jednoho jízdního pruhu do druhého,Ne,řidičem nemotorového vozidla,nehoda s následky na životě nebo zdraví,povrch mokrý,neztížené,"ve dne, viditelnost nezhoršená vlivem povětrnostních podmínek",dobré,v blízkosti přechodu pro chodce (do vzdálenosti 20 m),komunikace sledovaná (ve vybraných městech),jízdní kolo,dobrý -žádné nepříznivé okolnosti nebyly zjiště,1,řidič,"s přilbou (pouze u motocyklistů, příp. cyklistů)",muž,lehké zranění,0,0,1,180,1010,10,únor,pátek,45-60,Brno-střed,16.61366629,49.1984896,{243EAE8B-DCFF-41C1-A87C-2AAFBA69F644}
16.608013338,49.198815751,1083,1,1084,60206200297,-598117.945,-1160346.298,2020/02/17 00:00:00+00,1,2020,2,srážka s tramvají,proti příkazu dopravní značky DEJ PŘEDNOST,Ne,řidičem motorového vozidla,nehoda s následky na životě nebo zdraví,"povrch suchý, neznečistěný",neztížené,"v noci - s veřejným osvětlením, viditelnost nezhoršená vlivem povětrnostních podmínek",dobré,žádné nebo žádné z uvedených,uzel (křižovatka sledovaná ve vybraných městech),jízdní kolo,dobrý -žádné nepříznivé okolnosti nebyly zjiště,1,řidič,"bez přilby (pouze u motocyklistů, příp. cyklistů)",muž,těžké zranění,0,1,0,50,538,5,únor,pondělí,71 a více,Brno-střed,16.60801333,49.19881575,{254EFB15-1D34-4DCD-84F6-22B25E4715A1}
16.6089870640001,49.1940385010001,1084,1,1085,60206200437,-598104.475,-1160882.093,2020/03/10 00:00:00+00,2,2020,3,havárie,nezvládnutí řízení vozidla,Ne,řidičem nemotorového vozidla,nehoda s následky na životě nebo zdraví,"povrch suchý, neznečistěný",neztížené,"ve dne, zhoršená viditelnost (svítání, soumrak)",dobré,žádné nebo žádné z uvedených,komunikace sledovaná (ve vybraných městech),jízdní kolo,dobrý -žádné nepříznivé okolnosti nebyly zjiště,1,řidič,"s přilbou (pouze u motocyklistů, příp. cyklistů)",muž,lehké zranění,0,0,1,10,1805,18,březen,úterý,33-44,Brno-střed,16.60898706,49.1940385,{B30FCD83-4FFC-4F4C-A410-DAE661F685B6}
16.6236246120001,49.2229874870001,1085,1,1086,60206200443,-596698.589,-1157795.948,2020/03/11 00:00:00+00,3,2020,3,srážka s tramvají,"tramvaji, která odbočuje",Ne,řidičem nemotorového vozidla,nehoda s následky na životě nebo zdraví,"povrch suchý, neznečistěný",neztížené,"ve dne, viditelnost nezhoršená vlivem povětrnostních podmínek",dobré,železniční přejezd nezabezpečený závorami ani světelným výstražným zařízením,komunikace sledovaná (ve vybraných městech),jízdní kolo,dobrý -žádné nepříznivé okolnosti nebyly zjiště,1,řidič,"s přilbou (pouze u motocyklistů, příp. cyklistů)",muž,lehké zranění,0,0,1,20,1729,17,březen,středa,61-70,Brno-sever,16.6236246,49.22298748,{D4C874D9-A946-44AF-ABF3-B7F6F8FBD14D}
16.528259764,49.2205436360001,1086,1,1087,60206200445,-603633.71,-1157316.782,2020/03/12 00:00:00+00,4,2020,3,srážka s jedoucím nekolejovým vozidlem,řidič se plně nevěnoval řízení vozidla,Ne,řidičem nemotorového vozidla,nehoda s následky na životě nebo zdraví,povrch mokrý,neztížené,"ve dne, viditelnost nezhoršená vlivem povětrnostních podmínek",dobré,"zastávka tramvaje, autobusu, trolejbusu bez nástup. ostrůvku",komunikace sledovaná (ve vybraných městech),jízdní kolo,dobrý -žádné nepříznivé okolnosti nebyly zjiště,1,řidič,"s přilbou (pouze u motocyklistů, příp. cyklistů)",muž,lehké zranění,0,0,1,220,720,7,březen,čtvrtek,33-44,Brno-Bystrc,16.52825976,49.22054363,{5B36B9F3-AC3A-4DE3-9EDB-7A855D1ECFAB}
16.645105689,49.207417279,1087,1,1088,60206200477,-595328.164,-1159685.062,2020/03/16 00:00:00+00,1,2020,3,srážka s jedoucím nekolejovým vozidlem,při odbočování vlevo,Ne,řidičem motorového vozidla,nehoda s následky na životě nebo zdraví,"povrch suchý, neznečistěný",neztížené,"ve dne, viditelnost nezhoršená vlivem povětrnostních podmínek",dobré,v blízkosti přechodu pro chodce (do vzdálenosti 20 m),komunikace sledovaná (ve vybraných městech),jízdní kolo,dobrý -žádné nepříznivé okolnosti nebyly zjiště,1,řidič,"s přilbou (pouze u motocyklistů, příp. cyklistů)",muž,lehké zranění,0,0,1,1210,1710,17,březen,pondělí,33-44,Brno-Židenice,16.64510568,49.20741728,{5FA5CD0D-A908-420D-A244-02C694100D8D}
16.580650163,49.2020062490001,1088,1,1089,60206200517,-600062.156,-1159778.944,2020/03/28 00:00:00+00,6,2020,3,srážka s jedoucím nekolejovým vozidlem,při odbočování vlevo,Ne,řidičem motorového vozidla,nehoda s následky na životě nebo zdraví,"povrch suchý, neznečistěný",neztížené,"ve dne, viditelnost nezhoršená vlivem povětrnostních podmínek",dobré,žádné nebo žádné z uvedených,uzel (křižovatka sledovaná ve vybraných městech),jízdní kolo,dobrý -žádné nepříznivé okolnosti nebyly zjiště,1,řidič,"bez přilby (pouze u motocyklistů, příp. cyklistů)",muž,lehké zranění,0,0,1,120,1118,11,březen,sobota,45-60,Brno-střed,16.58065015,49.20200625,{4AD9ADEA-9F2B-4D10-B118-4EFAD8E4BD85}
16.62921849,49.2028454410001,1089,1,1090,60206200562,-596533.551,-1160066.597,2020/04/07 00:00:00+00,2,2020,4,srážka s jedoucím nekolejovým vozidlem,při odbočování vlevo,Ne,řidičem motorového vozidla,nehoda s následky na životě nebo zdraví,"povrch suchý, neznečistěný",neztížené,"ve dne, viditelnost nezhoršená vlivem povětrnostních podmínek",dobré,v blízkosti přechodu pro chodce (do vzdálenosti 20 m),komunikace sledovaná (ve vybraných městech),jízdní kolo,dobrý -žádné nepříznivé okolnosti nebyly zjiště,1,řidič,"s přilbou (pouze u motocyklistů, příp. cyklistů)",muž,lehké zranění,0,0,1,350,1704,17,duben,úterý,45-60,Brno-Židenice,16.62921848,49.20284544,{7540B2D3-E9F0-47EA-A358-2259C809A4B9}
16.569606304,49.214391387,1090,1,1091,60206200573,-600713.521,-1158322.901,2020/04/09 00:00:00+00,4,2020,4,srážka s jedoucím nekolejovým vozidlem,proti příkazu dopravní značky DEJ PŘEDNOST,Ne,řidičem nemotorového vozidla,nehoda s následky na životě nebo zdraví,"povrch suchý, neznečistěný",neztížené,"ve dne, viditelnost nezhoršená vlivem povětrnostních podmínek",dobré,přechod pro chodce,uzel (křižovatka sledovaná ve vybraných městech),jízdní kolo,dobrý -žádné nepříznivé okolnosti nebyly zjiště,1,řidič,"s přilbou (pouze u motocyklistů, příp. cyklistů)",muž,lehké zranění,0,0,1,265,1315,13,duben,čtvrtek,61-70,Brno-Žabovřesky,16.5696063,49.21439138,{EC95EE4C-A020-4FF7-8236-9B3102971E4D}
16.6414801650001,49.215715747,1091,1,1092,60206200576,-595492.051,-1158739.28,2020/04/10 00:00:00+00,5,2020,4,havárie,jiný druh nepřiměřené rychlosti,Ne,řidičem nemotorového vozidla,nehoda s následky na životě nebo zdraví,"povrch suchý, neznečistěný",neztížené,"ve dne, viditelnost nezhoršená vlivem povětrnostních podmínek",dobré,"most, nadjezd, podjezd, tunel",komunikace sledovaná (ve vybraných městech),jízdní kolo,dobrý -žádné nepříznivé okolnosti nebyly zjiště,1,řidič,"s přilbou (pouze u motocyklistů, příp. cyklistů)",žena,lehké zranění,0,0,1,10,1620,16,duben,pátek,61-70,Brno-sever,16.64148016,49.21571574,{B8876F02-9125-49FF-8D53-3B5563B9F8F8}
16.5190059280001,49.2230439670001,1092,1,1093,60206200580,-604273.586,-1156967.202,2020/04/12 00:00:00+00,7,2020,4,havárie,nepřizpůsobení rychlosti vlastnostem vozidla a nákladu,Ne,řidičem nemotorového vozidla,nehoda s následky na životě nebo zdraví,"povrch suchý, neznečistěný",neztížené,"ve dne, viditelnost nezhoršená vlivem povětrnostních podmínek",dobré,žádné nebo žádné z uvedených,komunikace místní,jízdní kolo,dobrý -žádné nepříznivé okolnosti nebyly zjiště,1,řidič,"bez přilby (pouze u motocyklistů, příp. cyklistů)",žena,lehké zranění,0,0,1,0,1355,13,duben,neděle,24-32,Brno-Bystrc,16.51900592,49.22304396,{98F41D2B-55AB-4E72-85A8-C40B06173D4F}
16.711634259,49.2031535030001,1093,1,1094,60206200581,-590558.732,-1160672.915,2020/04/13 00:00:00+00,1,2020,4,srážka s jedoucím nekolejovým vozidlem,při otáčení nebo couvání,Nezjišťován,řidičem motorového vozidla,nehoda s následky na životě nebo zdraví,"povrch suchý, neznečistěný",neztížené,"ve dne, viditelnost nezhoršená vlivem povětrnostních podmínek",dobré,"zastávka autobusu, trolejbusu, tramvaje s nástup. ostrůvkem",komunikace sledovaná (ve vybraných městech),jízdní kolo,dobrý -žádné nepříznivé okolnosti nebyly zjiště,1,řidič,"s přilbou (pouze u motocyklistů, příp. cyklistů)",muž,lehké zranění,0,0,1,60,1430,14,duben,pondělí,16-18,Brno-Líšeň,16.71163425,49.2031535,{BD714E3F-B91B-4148-8AA2-6D70E2335BE2}
16.585591465,49.1999313420001,1094,1,1095,60206200586,-599729.049,-1160047.146,2020/04/14 00:00:00+00,2,2020,4,havárie,řidič se plně nevěnoval řízení vozidla,Ne,řidičem nemotorového vozidla,nehoda s následky na životě nebo zdraví,"povrch suchý, neznečistěný",neztížené,"ve dne, viditelnost nezhoršená vlivem povětrnostních podmínek",dobré,žádné nebo žádné z uvedených,komunikace sledovaná (ve vybraných městech),jízdní kolo,dobrý -žádné nepříznivé okolnosti nebyly zjiště,1,řidič,"bez přilby (pouze u motocyklistů, příp. cyklistů)",žena,lehké zranění,0,0,1,10,1105,11,duben,úterý,24-32,Brno-střed,16.58559146,49.19993134,{6F41A26A-0155-4331-ADC4-D25DCFB950B0}
16.6245638410001,49.245155389,1095,1,1096,60206200607,-596366.216,-1155352.342,2020/04/18 00:00:00+00,6,2020,4,jiný druh nehody,při vjíždění na silnici,Nezjišťován,řidičem nemotorového vozidla,nehoda s následky na životě nebo zdraví,"povrch suchý, neznečistěný",neztížené,"ve dne, viditelnost nezhoršená vlivem povětrnostních podmínek",dobré,"zastávka autobusu, trolejbusu, tramvaje s nástup. ostrůvkem",komunikace sledovaná (ve vybraných městech),jízdní kolo,dobrý -žádné nepříznivé okolnosti nebyly zjiště,1,řidič,"s přilbou (pouze u motocyklistů, příp. cyklistů)",muž,lehké zranění,0,0,1,170,1715,17,duben,sobota,45-60,Brno-Královo Pole,16.62456383,49.24515539,{E5804294-8DD2-4E61-B25B-C663EB3C7EE9}
16.5563298160001,49.222949074,1096,1,1097,60206200611,-601572.152,-1157272.332,2020/04/20 00:00:00+00,1,2020,4,srážka s jedoucím nekolejovým vozidlem,řidič se plně nevěnoval řízení vozidla,Nezjišťován,řidičem nemotorového vozidla,nehoda s následky na životě nebo zdraví,"povrch suchý, neznečistěný",neztížené,"ve dne, viditelnost nezhoršená vlivem povětrnostních podmínek",dobré,"zastávka tramvaje, autobusu, trolejbusu bez nástup. ostrůvku",komunikace místní,jízdní kolo,dobrý -žádné nepříznivé okolnosti nebyly zjiště,1,řidič,"bez přilby (pouze u motocyklistů, příp. cyklistů)",žena,lehké zranění,0,0,1,40,640,6,duben,pondělí,45-60,Brno-Komín,16.55632981,49.22294907,{69213658-4428-4ECB-A8F3-9268288739E4}
16.5900631280001,49.222866299,1097,1,1098,60206200618,-599130.428,-1157546.631,2020/04/21 00:00:00+00,2,2020,4,srážka s jedoucím nekolejovým vozidlem,proti příkazu dopravní značky DEJ PŘEDNOST,Ne,řidičem motorového vozidla,nehoda s následky na životě nebo zdraví,"povrch suchý, neznečistěný",neztížené,"ve dne, viditelnost nezhoršená vlivem povětrnostních podmínek",dobré,žádné nebo žádné z uvedených,komunikace sledovaná (ve vybraných městech),jízdní kolo,dobrý -žádné nepříznivé okolnosti nebyly zjiště,1,řidič,"s přilbou (pouze u motocyklistů, příp. cyklistů)",muž,lehké zranění,0,0,1,200,756,7,duben,úterý,33-44,Brno-Královo Pole,16.59006312,49.2228663,{D59929C7-71C5-41D1-A944-22DC4D5CE975}
16.527735122,49.177450245,1098,1,1099,60206200624,-604191.694,-1162076.47,2020/04/18 00:00:00+00,6,2020,4,srážka s jedoucím nekolejovým vozidlem,"jízda po nesprávné straně vozovky, vjetí do protisměru",Nezjišťován,řidičem motorového vozidla,nehoda s následky na životě nebo zdraví,"povrch suchý, neznečistěný",neztížené,"ve dne, viditelnost nezhoršená vlivem povětrnostních podmínek",dobré,žádné nebo žádné z uvedených,komunikace místní,jízdní kolo,dobrý -žádné nepříznivé okolnosti nebyly zjiště,1,řidič,"s přilbou (pouze u motocyklistů, příp. cyklistů)",muž,lehké zranění,0,0,1,70,1800,18,duben,sobota,19-24,Brno-Bosonohy,16.52773511,49.17745024,{0F4B5CE4-4912-45C4-8044-E7C03F4DDF31}
16.6264538670001,49.19138696,1099,1,1100,60206200649,-596870.453,-1161311.879,2020/04/27 00:00:00+00,1,2020,4,havárie,řidič se plně nevěnoval řízení vozidla,Ne,řidičem nemotorového vozidla,nehoda s následky na životě nebo zdraví,"povrch suchý, neznečistěný",neztížené,"ve dne, viditelnost nezhoršená vlivem povětrnostních podmínek",dobré,žádné nebo žádné z uvedených,komunikace sledovaná (ve vybraných městech),jízdní kolo,dobrý -žádné nepříznivé okolnosti nebyly zjiště,1,řidič,"s přilbou (pouze u motocyklistů, příp. cyklistů)",muž,lehké zranění,0,0,1,70,1246,12,duben,pondělí,45-60,Brno-střed,16.62645386,49.19138696,{9ED00C64-17A7-418E-BB06-4A711BDD0751}
16.5191904930001,49.2330893910001,1100,1,1101,60206200675,-604138.881,-1155858.182,2020/05/03 00:00:00+00,7,2020,5,srážka s jedoucím nekolejovým vozidlem,nedodržení bezpečné vzdálenosti za vozidlem,Ne,řidičem nemotorového vozidla,nehoda s následky na životě nebo zdraví,"povrch suchý, neznečistěný",neztížené,"ve dne, viditelnost nezhoršená vlivem povětrnostních podmínek",dobré,"most, nadjezd, podjezd, tunel",komunikace sledovaná (ve vybraných městech),jízdní kolo,dobrý -žádné nepříznivé okolnosti nebyly zjiště,1,řidič,"s přilbou (pouze u motocyklistů, příp. cyklistů)",muž,lehké zranění,0,0,1,150,1630,16,květen,neděle,33-44,Brno-Kníničky,16.51919048,49.23308939,{6318EEE7-1171-4E4C-8435-7B84017FBCD6}