X,Y,objectid,join_count,target_fid,id,d,e,datum,den,rok,mesic,srazka,pricina,alkohol,zavineni,nasledky,stav_vozovky,povetrnostni_podm,viditelnost,rozhled,misto_nehody,druh_komun,druh_vozidla,stav_ridic,ovlivneni_ridice,osoba,ozn_osoba,pohlavi,nasledek,usmrceno_os,tezce_zran_os,lehce_zran_os,hmotna_skoda,cas,hodina,mesic_t,den_v_tydnu,vek_skupina,nazev,point_x,point_y,globalid
16.663203363,49.184210738,1101,1,1102,60206200705,-594292.532,-1162391.855,2020/05/08 00:00:00+00,5,2020,5,srážka s jedoucím nekolejovým vozidlem,při přejíždění z jednoho jízdního pruhu do druhého,Ne,řidičem nemotorového vozidla,nehoda s následky na životě nebo zdraví,"povrch suchý, neznečistěný",neztížené,"ve dne, viditelnost nezhoršená vlivem povětrnostních podmínek",dobré,"most, nadjezd, podjezd, tunel",komunikace sledovaná (ve vybraných městech),jízdní kolo,dobrý -žádné nepříznivé okolnosti nebyly zjiště,1,řidič,"bez přilby (pouze u motocyklistů, příp. cyklistů)",muž,lehké zranění,0,0,1,750,1226,12,květen,pátek,33-44,Brno-Černovice,16.66320335,49.18421073,{1C0A8EB7-D3E0-41AF-99A0-B73E91B15ACD}
16.6452256630001,49.2069602560001,1102,1,1103,60206200713,-595324.909,-1159736.528,2020/05/09 00:00:00+00,6,2020,5,srážka s jedoucím nekolejovým vozidlem,proti příkazu dopravní značky DEJ PŘEDNOST,Ne,řidičem nemotorového vozidla,nehoda s následky na životě nebo zdraví,"povrch suchý, neznečistěný",neztížené,"ve dne, viditelnost nezhoršená vlivem povětrnostních podmínek",dobré,žádné nebo žádné z uvedených,uzel (křižovatka sledovaná ve vybraných městech),jízdní kolo,dobrý -žádné nepříznivé okolnosti nebyly zjiště,1,řidič,"bez přilby (pouze u motocyklistů, příp. cyklistů)",žena,lehké zranění,0,0,1,650,1635,16,květen,sobota,61-70,Brno-Židenice,16.64522565,49.20696025,{A2C5A3F8-93CE-489E-A393-D0E8E8A418C1}
16.5866710380001,49.2285756030001,1103,1,1104,60206200750,-599307.663,-1156888.817,2020/05/15 00:00:00+00,5,2020,5,srážka s jedoucím nekolejovým vozidlem,při odbočování vlevo,Ne,řidičem motorového vozidla,nehoda s následky na životě nebo zdraví,"povrch suchý, neznečistěný",neztížené,"ve dne, viditelnost nezhoršená vlivem povětrnostních podmínek",dobré,žádné nebo žádné z uvedených,komunikace sledovaná (ve vybraných městech),jízdní kolo,dobrý -žádné nepříznivé okolnosti nebyly zjiště,1,řidič,"s přilbou (pouze u motocyklistů, příp. cyklistů)",muž,lehké zranění,0,0,1,200,1715,17,květen,pátek,19-24,Brno-Královo Pole,16.58667103,49.2285756,{496806EE-2C42-481D-B93D-E8702DA7D26F}
16.6223439240001,49.155925213,1104,1,1105,60206200763,-597591.273,-1165200.452,2020/05/18 00:00:00+00,1,2020,5,havárie,nepřizpůsobení rychlosti vlastnostem vozidla a nákladu,"Ano, obsah alkoholu v krvi 1,5‰ a více",řidičem nemotorového vozidla,nehoda s následky na životě nebo zdraví,"povrch suchý, neznečistěný",neztížené,"v noci - s veřejným osvětlením, viditelnost nezhoršená vlivem povětrnostních podmínek",dobré,žádné nebo žádné z uvedených,komunikace sledovaná (ve vybraných městech),jízdní kolo,pod vlivem alkoholu obsah alkoholu v krvi 1 ‰ a víc,0,řidič,"bez přilby (pouze u motocyklistů, příp. cyklistů)",muž,lehké zranění,0,0,1,20,2305,23,květen,pondělí,33-44,Brno-jih,16.62234392,49.15592521,{6C311591-3837-4463-AC62-5F7A53A54C93}
16.6389157150001,49.189250557,1105,1,1106,60206200775,-595992.839,-1161645.392,2020/05/20 00:00:00+00,3,2020,5,srážka s jedoucím nekolejovým vozidlem,jiné nedání přednosti,Ne,řidičem motorového vozidla,nehoda s následky na životě nebo zdraví,"povrch suchý, neznečistěný",neztížené,"ve dne, viditelnost nezhoršená vlivem povětrnostních podmínek",dobré,žádné nebo žádné z uvedených,uzel (křižovatka sledovaná ve vybraných městech),jízdní kolo,dobrý -žádné nepříznivé okolnosti nebyly zjiště,1,řidič,"s přilbou (pouze u motocyklistů, příp. cyklistů)",muž,lehké zranění,0,0,1,160,852,8,květen,středa,24-32,Brno-Černovice,16.63891571,49.18925055,{B78FA096-E49C-4B61-8D97-E1A3C9DD9257}
16.6104399440001,49.1919743650001,1106,1,1107,60206200789,-598023.859,-1161121.679,2020/05/22 00:00:00+00,5,2020,5,havárie,řidič se plně nevěnoval řízení vozidla,Ne,řidičem nemotorového vozidla,nehoda s následky na životě nebo zdraví,"povrch suchý, neznečistěný",neztížené,"ve dne, viditelnost nezhoršená vlivem povětrnostních podmínek",dobré,žádné nebo žádné z uvedených,komunikace sledovaná (ve vybraných městech),jízdní kolo,dobrý -žádné nepříznivé okolnosti nebyly zjiště,1,řidič,"s přilbou (pouze u motocyklistů, příp. cyklistů)",žena,lehké zranění,0,0,1,10,740,7,květen,pátek,24-32,Brno-střed,16.61043994,49.19197436,{E94C1817-BE47-4050-97A3-4A0C0D17B3A7}
16.4793209470001,49.2067158740001,1107,1,1108,60206200795,-607345.148,-1158457.356,2020/05/22 00:00:00+00,5,2020,5,srážka s chodcem,řidič se plně nevěnoval řízení vozidla,Ne,řidičem nemotorového vozidla,nehoda s následky na životě nebo zdraví,"povrch suchý, neznečistěný",neztížené,"ve dne, viditelnost nezhoršená vlivem povětrnostních podmínek",dobré,žádné nebo žádné z uvedených,komunikace místní,jízdní kolo,dobrý -žádné nepříznivé okolnosti nebyly zjiště,1,řidič,"bez přilby (pouze u motocyklistů, příp. cyklistů)",muž,bez zraněn,0,0,1,60,1745,17,květen,pátek,24-32,Brno-Žebětín,16.47932094,49.20671587,{240574B6-150A-463D-B081-990240BABEFB}
16.4861361530001,49.2069840250001,1108,1,1109,60206200823,-606848.292,-1158481.891,2020/05/26 00:00:00+00,2,2020,5,srážka s jedoucím nekolejovým vozidlem,při vjíždění na silnici,Ne,řidičem motorového vozidla,nehoda s následky na životě nebo zdraví,"povrch suchý, neznečistěný",neztížené,"ve dne, viditelnost nezhoršená vlivem povětrnostních podmínek",dobré,v blízkosti přechodu pro chodce (do vzdálenosti 20 m),komunikace sledovaná (ve vybraných městech),jízdní kolo,dobrý -žádné nepříznivé okolnosti nebyly zjiště,1,řidič,"s přilbou (pouze u motocyklistů, příp. cyklistů)",žena,lehké zranění,0,0,1,200,1555,15,květen,úterý,24-32,Brno-Žebětín,16.48613614,49.20698402,{A386149A-616E-4094-87F1-DB610EC175B8}
16.6478237760001,49.190942428,1109,1,1110,60206200826,-595327.162,-1161527.796,2020/05/27 00:00:00+00,3,2020,5,srážka s jedoucím nekolejovým vozidlem,při odbočování vlevo,Ne,řidičem motorového vozidla,nehoda s následky na životě nebo zdraví,"povrch suchý, neznečistěný",jiné ztížené,"ve dne, zhoršená viditelnost vlivem povětrnostních podmínek (mlha, sněžení, déšť apod.)",dobré,žádné nebo žádné z uvedených,komunikace místní,jízdní kolo,dobrý -žádné nepříznivé okolnosti nebyly zjiště,1,řidič,"s přilbou (pouze u motocyklistů, příp. cyklistů)",žena,těžké zranění,0,1,0,550,653,6,květen,středa,33-44,Brno-Židenice,16.64782377,49.19094242,{AEE7F636-FD2A-40CE-97AF-6865B293EEAC}
16.6284052410001,49.234633871,1110,1,1111,60206200829,-596213.566,-1156545.621,2020/05/27 00:00:00+00,3,2020,5,srážka s jedoucím nekolejovým vozidlem,při odbočování vlevo,Ne,řidičem motorového vozidla,nehoda s následky na životě nebo zdraví,"povrch suchý, neznečistěný",neztížené,"ve dne, viditelnost nezhoršená vlivem povětrnostních podmínek",dobré,přechod pro chodce,uzel (křižovatka sledovaná ve vybraných městech),jízdní kolo,dobrý -žádné nepříznivé okolnosti nebyly zjiště,1,řidič,"s přilbou (pouze u motocyklistů, příp. cyklistů)",muž,těžké zranění,0,1,0,150,1425,14,květen,středa,24-32,Brno-sever,16.62840523,49.23463387,{A842A971-0C11-443D-BBA3-4EB77AEF29CF}
16.552328048,49.2088005410001,1111,1,1112,60206200851,-602032.14,-1158804.939,2020/05/30 00:00:00+00,6,2020,5,havárie,nepřizpůsobení rychlosti vlastnostem vozidla a nákladu,Ne,řidičem nemotorového vozidla,nehoda s následky na životě nebo zdraví,"povrch suchý, neznečistěný",neztížené,"ve dne, viditelnost nezhoršená vlivem povětrnostních podmínek",dobré,přechod pro chodce,komunikace místní,jízdní kolo,dobrý -žádné nepříznivé okolnosti nebyly zjiště,1,řidič,"bez přilby (pouze u motocyklistů, příp. cyklistů)",žena,lehké zranění,0,0,1,0,910,9,květen,sobota,61-70,Brno-Jundrov,16.55232804,49.20880054,{5B27D7C8-086A-41A8-BE90-E352F8ECAD7E}
16.5734855310001,49.2185874830001,1112,1,1113,60206200864,-600382.216,-1157889.507,2020/06/01 00:00:00+00,1,2020,6,havárie,řidič se plně nevěnoval řízení vozidla,"Ano, obsah alkoholu v krvi 1,5‰ a více",řidičem nemotorového vozidla,nehoda s následky na životě nebo zdraví,"povrch suchý, neznečistěný",neztížené,"v noci - s veřejným osvětlením, viditelnost nezhoršená vlivem povětrnostních podmínek",dobré,přechod pro chodce,uzel (křižovatka sledovaná ve vybraných městech),jízdní kolo,pod vlivem alkoholu obsah alkoholu v krvi 1 ‰ a víc,1,řidič,"bez přilby (pouze u motocyklistů, příp. cyklistů)",muž,lehké zranění,0,0,1,10,2250,22,červen,pondělí,24-32,Brno-Žabovřesky,16.57348552,49.21858748,{B1265BE4-3611-4458-B685-97238F63C39F}
16.620329898,49.191595116,1113,1,1114,60206200867,-597311.736,-1161240.994,2020/06/02 00:00:00+00,2,2020,6,srážka s chodcem,řidič se plně nevěnoval řízení vozidla,Ne,řidičem nemotorového vozidla,nehoda s následky na životě nebo zdraví,"povrch suchý, neznečistěný",neztížené,"ve dne, viditelnost nezhoršená vlivem povětrnostních podmínek",dobré,přechod pro chodce,uzel (křižovatka sledovaná ve vybraných městech),jízdní kolo,dobrý -žádné nepříznivé okolnosti nebyly zjiště,1,řidič,"s přilbou (pouze u motocyklistů, příp. cyklistů)",žena,lehké zranění,0,0,1,10,940,9,červen,úterý,33-44,Brno-střed,16.62032989,49.19159511,{99322F0C-0BCA-4809-B741-1C01AEEF956D}
16.634398371,49.200902226,1114,1,1115,60206200879,-596181.424,-1160321.886,2020/06/03 00:00:00+00,3,2020,6,"srážka s vozidlem zaparkovaným, odstaveným",řidič se plně nevěnoval řízení vozidla,Ne,řidičem motorového vozidla,nehoda s následky na životě nebo zdraví,"povrch suchý, neznečistěný",neztížené,"ve dne, viditelnost nezhoršená vlivem povětrnostních podmínek",dobré,parkoviště přiléhající ke komunikaci,komunikace místní,jízdní kolo,dobrý -žádné nepříznivé okolnosti nebyly zjiště,1,řidič,"bez přilby (pouze u motocyklistů, příp. cyklistů)",muž,lehké zranění,0,0,1,70,1350,13,červen,středa,45-60,Brno-Židenice,16.63439836,49.20090222,{6D15F2A9-8962-4BBD-9FA2-3B64D67086EC}
16.5937833030001,49.1975200300001,1115,1,1116,60206200881,-599164.431,-1160378.023,2020/06/03 00:00:00+00,3,2020,6,srážka s jedoucím nekolejovým vozidlem,nezaviněná řidičem,Ne,jiným účastníkem silničního provozu,nehoda s následky na životě nebo zdraví,"povrch suchý, neznečistěný",neztížené,"ve dne, viditelnost nezhoršená vlivem povětrnostních podmínek",dobré,žádné nebo žádné z uvedených,komunikace sledovaná (ve vybraných městech),jízdní kolo,dobrý -žádné nepříznivé okolnosti nebyly zjiště,1,řidič,"s přilbou (pouze u motocyklistů, příp. cyklistů)",muž,lehké zranění,0,0,1,70,1620,16,červen,středa,33-44,Brno-střed,16.59378329,49.19752003,{B0591817-D8A1-4B93-BA71-C9D43E33B61A}
16.642240094,49.178159925,1116,1,1117,60206200889,-595883.895,-1162897.556,2020/06/04 00:00:00+00,4,2020,6,srážka s jedoucím nekolejovým vozidlem,vozidlu přijíždějícímu zprava,Ne,řidičem nemotorového vozidla,nehoda s následky na životě nebo zdraví,"povrch suchý, neznečistěný",neztížené,"ve dne, viditelnost nezhoršená vlivem povětrnostních podmínek",dobré,žádné nebo žádné z uvedených,komunikace místní,jízdní kolo,dobrý -žádné nepříznivé okolnosti nebyly zjiště,1,řidič,"s přilbou (pouze u motocyklistů, příp. cyklistů)",muž,těžké zranění,0,1,0,800,1835,18,červen,čtvrtek,33-44,Brno-Černovice,16.64224009,49.17815992,{FD7CC0D1-E3DA-40DE-A4C0-B203516141F6}
16.603322473,49.1829820940001,1117,1,1118,60206200912,-598647.113,-1162060.102,2020/06/08 00:00:00+00,1,2020,6,srážka s jedoucím nekolejovým vozidlem,"nepřizpůsobení rychlosti dopravně technickému stavu vozovky (zatáčka, klesání, stoupání, šířka vozovky apod.)",Ne,řidičem nemotorového vozidla,nehoda s následky na životě nebo zdraví,"povrch suchý, neznečistěný",neztížené,"ve dne, viditelnost nezhoršená vlivem povětrnostních podmínek",dobré,žádné nebo žádné z uvedených,komunikace místní,jízdní kolo,dobrý -žádné nepříznivé okolnosti nebyly zjiště,1,řidič,"s přilbou (pouze u motocyklistů, příp. cyklistů)",muž,lehké zranění,0,0,2,20,2005,20,červen,pondělí,45-60,Brno-střed,16.60332246,49.18298209,{63091C49-6FCD-4EF9-9949-0AB00736808D}
16.603322473,49.1829820940001,1118,1,1119,60206200912,-598647.113,-1162060.102,2020/06/08 00:00:00+00,1,2020,6,srážka s jedoucím nekolejovým vozidlem,"nepřizpůsobení rychlosti dopravně technickému stavu vozovky (zatáčka, klesání, stoupání, šířka vozovky apod.)",Ne,řidičem nemotorového vozidla,nehoda s následky na životě nebo zdraví,"povrch suchý, neznečistěný",neztížené,"ve dne, viditelnost nezhoršená vlivem povětrnostních podmínek",dobré,žádné nebo žádné z uvedených,komunikace místní,jízdní kolo,dobrý -žádné nepříznivé okolnosti nebyly zjiště,1,řidič,"bez přilby (pouze u motocyklistů, příp. cyklistů)",muž,lehké zranění,0,0,2,20,2005,20,červen,pondělí,19-24,Brno-střed,16.60332246,49.18298209,{E568013F-0FD8-4387-9EC8-FF966FDBEFE6}
16.5946519300001,49.1909016910001,1119,1,1120,60206200913,-599180.711,-1161116.542,2020/06/09 00:00:00+00,2,2020,6,srážka s jedoucím nekolejovým vozidlem,při odbočování vlevo,Ne,řidičem motorového vozidla,nehoda s následky na životě nebo zdraví,"povrch suchý, neznečistěný",neztížené,"ve dne, viditelnost nezhoršená vlivem povětrnostních podmínek",dobré,parkoviště přiléhající ke komunikaci,komunikace sledovaná (ve vybraných městech),jízdní kolo,dobrý -žádné nepříznivé okolnosti nebyly zjiště,1,řidič,"s přilbou (pouze u motocyklistů, příp. cyklistů)",muž,lehké zranění,0,0,1,0,830,8,červen,úterý,45-60,Brno-střed,16.59465192,49.19090169,{B892EC81-7512-4683-A62B-8E403BEA2B96}
16.63267288,49.210032696,1120,1,1121,60206200926,-596197.664,-1159298.921,2020/06/10 00:00:00+00,3,2020,6,srážka s jedoucím nekolejovým vozidlem,"nepřizpůsobení rychlosti stavu vozovky (náledí, výtluky, bláto, mokrý povrch apod.)",Ne,řidičem nemotorového vozidla,nehoda s následky na životě nebo zdraví,povrch mokrý,"na počátku deště, slabý déšť, mrholení apod.","ve dne, viditelnost nezhoršená vlivem povětrnostních podmínek",dobré,žádné nebo žádné z uvedených,komunikace sledovaná (ve vybraných městech),jízdní kolo,dobrý -žádné nepříznivé okolnosti nebyly zjiště,1,řidič,"s přilbou (pouze u motocyklistů, příp. cyklistů)",muž,lehké zranění,0,0,1,120,1755,17,červen,středa,19-24,Brno-sever,16.63267287,49.21003269,{F0F9F22B-D9A3-4DD0-8A4D-CAF99093B08B}
16.5951655710001,49.184207341,1121,1,1122,60206200936,-599223.61,-1161860.68,2020/06/11 00:00:00+00,4,2020,6,srážka s jedoucím nekolejovým vozidlem,řidič se plně nevěnoval řízení vozidla,Ne,řidičem nemotorového vozidla,nehoda s následky na životě nebo zdraví,"povrch suchý, neznečistěný",neztížené,"ve dne, zhoršená viditelnost (svítání, soumrak)",dobré,v blízkosti přechodu pro chodce (do vzdálenosti 20 m),komunikace sledovaná (ve vybraných městech),jízdní kolo,dobrý -žádné nepříznivé okolnosti nebyly zjiště,1,řidič,"bez přilby (pouze u motocyklistů, příp. cyklistů)",muž,lehké zranění,0,0,1,300,2120,21,červen,čtvrtek,33-44,Brno-střed,16.59516556,49.18420734,{CC6816B9-E7DE-47CC-BAC9-DEA2BAE324A1}
16.582290127,49.2117339650001,1122,1,1123,60206200969,-599826.745,-1158716.374,2020/06/15 00:00:00+00,1,2020,6,srážka s jedoucím nekolejovým vozidlem,při vjíždění na silnici,Ne,řidičem motorového vozidla,nehoda s následky na životě nebo zdraví,"povrch suchý, neznečistěný",neztížené,"ve dne, viditelnost nezhoršená vlivem povětrnostních podmínek",výhled zakryt stojícím vozidlem,parkoviště přiléhající ke komunikaci,komunikace sledovaná (ve vybraných městech),jízdní kolo,dobrý -žádné nepříznivé okolnosti nebyly zjiště,1,řidič,"bez přilby (pouze u motocyklistů, příp. cyklistů)",muž,lehké zranění,0,0,1,130,1754,17,červen,pondělí,33-44,Brno-Žabovřesky,16.58229012,49.21173396,{0B5C5897-9B14-43D3-AA0B-A38394C2B318}
16.6827154970001,49.16956852,1123,1,1124,60206200976,-593051.667,-1164162.478,2020/06/16 00:00:00+00,2,2020,6,srážka s jedoucím nekolejovým vozidlem,vozidlu přijíždějícímu zprava,Ne,řidičem nemotorového vozidla,nehoda s následky na životě nebo zdraví,"povrch suchý, neznečistěný",neztížené,"ve dne, viditelnost nezhoršená vlivem povětrnostních podmínek",dobré,žádné nebo žádné z uvedených,komunikace místní,jízdní kolo,dobrý -žádné nepříznivé okolnosti nebyly zjiště,1,řidič,"s přilbou (pouze u motocyklistů, příp. cyklistů)",žena,lehké zranění,0,0,1,600,613,6,červen,úterý,33-44,Brno-Slatina,16.68271549,49.16956852,{B5F10C81-535E-4C59-919D-B235537C93A4}
16.465443663,49.233304667,1124,1,1125,60206201034,-608026.959,-1155407.853,2020/06/23 00:00:00+00,2,2020,6,havárie,řidič se plně nevěnoval řízení vozidla,Ne,řidičem nemotorového vozidla,nehoda s následky na životě nebo zdraví,"povrch suchý, neznečistěný",neztížené,"ve dne, viditelnost nezhoršená vlivem povětrnostních podmínek",dobré,žádné nebo žádné z uvedených,komunikace účelová - polní a lesní cesty atd.,jízdní kolo,dobrý -žádné nepříznivé okolnosti nebyly zjiště,1,řidič,"bez přilby (pouze u motocyklistů, příp. cyklistů)",muž,lehké zranění,0,0,1,20,1210,12,červen,úterý,45-60,Brno-Bystrc,16.46544365,49.23330466,{9A34ADBC-BD42-41B8-A412-43265735845B}
16.5183824120001,49.231785357,1125,1,1126,60206201038,-604213.133,-1155995.945,2020/06/23 00:00:00+00,2,2020,6,havárie,nepřizpůsobení rychlosti vlastnostem vozidla a nákladu,"Ano, obsah alkoholu v krvi 1,5‰ a více",řidičem nemotorového vozidla,nehoda s následky na životě nebo zdraví,"povrch suchý, neznečistěný",neztížené,"ve dne, viditelnost nezhoršená vlivem povětrnostních podmínek",dobré,žádné nebo žádné z uvedených,komunikace sledovaná (ve vybraných městech),jízdní kolo,pod vlivem alkoholu obsah alkoholu v krvi 1 ‰ a víc,1,řidič,"bez přilby (pouze u motocyklistů, příp. cyklistů)",muž,lehké zranění,0,0,1,5,1830,18,červen,úterý,33-44,Brno-Bystrc,16.5183824,49.23178535,{679903A8-79F9-4E93-B406-16ECDCB24BCE}
16.6113964840001,49.1911591200001,1126,1,1127,60206201043,-597964.284,-1161219.301,2020/06/24 00:00:00+00,3,2020,6,havárie,nezvládnutí řízení vozidla,Ne,řidičem nemotorového vozidla,nehoda s následky na životě nebo zdraví,"povrch suchý, neznečistěný",neztížené,"ve dne, viditelnost nezhoršená vlivem povětrnostních podmínek",dobré,v blízkosti přechodu pro chodce (do vzdálenosti 20 m),uzel (křižovatka sledovaná ve vybraných městech),jízdní kolo,dobrý -žádné nepříznivé okolnosti nebyly zjiště,1,řidič,"bez přilby (pouze u motocyklistů, příp. cyklistů)",muž,lehké zranění,0,0,1,10,740,7,červen,středa,24-32,Brno-střed,16.61139648,49.19115912,{F30C04C8-88C2-41FF-BC82-A9C62715C982}
16.527213046,49.2254378740001,1127,1,1128,60206201074,-603650.443,-1156767.465,2020/06/27 00:00:00+00,6,2020,6,havárie,řidič se plně nevěnoval řízení vozidla,"Ano, obsah alkoholu v krvi do 0,24 ‰",řidičem nemotorového vozidla,nehoda s následky na životě nebo zdraví,"povrch suchý, neznečistěný",neztížené,"ve dne, viditelnost nezhoršená vlivem povětrnostních podmínek",dobré,žádné nebo žádné z uvedených,komunikace místní,jízdní kolo,"pod vlivem alkoholu, obsah alkoholu v krvi do 0,99 ‰",1,řidič,"s přilbou (pouze u motocyklistů, příp. cyklistů)",žena,lehké zranění,0,0,1,10,2024,20,červen,sobota,33-44,Brno-Bystrc,16.52721304,49.22543787,{0D2C2362-E119-4C39-840C-ABC7677F93E9}
16.6489190300001,49.1955506300001,1128,1,1129,60206201078,-595193.003,-1161026.822,2020/06/28 00:00:00+00,7,2020,6,havárie,řidič se plně nevěnoval řízení vozidla,Ne,řidičem nemotorového vozidla,nehoda s následky na životě nebo zdraví,"povrch suchý, neznečistěný",neztížené,"ve dne, viditelnost nezhoršená vlivem povětrnostních podmínek",dobré,žádné nebo žádné z uvedených,komunikace sledovaná (ve vybraných městech),jízdní kolo,dobrý -žádné nepříznivé okolnosti nebyly zjiště,1,řidič,"bez přilby (pouze u motocyklistů, příp. cyklistů)",muž,lehké zranění,0,0,1,10,1652,16,červen,neděle,61-70,Brno-Židenice,16.64891902,49.19555063,{6F9B3A0C-5A7E-4F85-A20B-7A076124D31E}
16.622439699,49.1700589710001,1129,1,1130,60206201101,-597415.739,-1163638.557,2020/07/01 00:00:00+00,3,2020,7,srážka s chodcem,nezaviněná řidičem,Ne,chodcem,nehoda s následky na životě nebo zdraví,"povrch suchý, neznečistěný",neztížené,"ve dne, viditelnost nezhoršená vlivem povětrnostních podmínek",dobré,žádné nebo žádné z uvedených,komunikace místní,jízdní kolo,dobrý -žádné nepříznivé okolnosti nebyly zjiště,1,řidič,"s přilbou (pouze u motocyklistů, příp. cyklistů)",muž,lehké zranění,0,0,1,60,1215,12,červenec,středa,45-60,Brno-jih,16.62243969,49.17005897,{D4FE531E-68AA-47B8-A4DE-AA3B3E91996F}
16.653035045,49.196048552,1130,1,1131,60206201121,-594888.837,-1161003.832,2020/07/03 00:00:00+00,5,2020,7,havárie,nepřizpůsobení rychlosti vlastnostem vozidla a nákladu,Ne,řidičem nemotorového vozidla,nehoda s následky na životě nebo zdraví,"povrch suchý, neznečistěný",neztížené,"ve dne, viditelnost nezhoršená vlivem povětrnostních podmínek",dobré,žádné nebo žádné z uvedených,komunikace sledovaná (ve vybraných městech),jízdní kolo,dobrý -žádné nepříznivé okolnosti nebyly zjiště,1,řidič,"s přilbou (pouze u motocyklistů, příp. cyklistů)",muž,lehké zranění,0,0,1,20,1950,19,červenec,pátek,19-24,Brno-Židenice,16.65303504,49.19604855,{9126E05D-E89B-405B-93DA-CC956470898A}
16.6492290210001,49.1954786220001,1131,1,1132,60206201125,-595171.397,-1161037.199,2020/07/05 00:00:00+00,7,2020,7,havárie,řidič se plně nevěnoval řízení vozidla,Ne,řidičem nemotorového vozidla,nehoda s následky na životě nebo zdraví,"povrch suchý, neznečistěný",neztížené,"ve dne, viditelnost nezhoršená vlivem povětrnostních podmínek",dobré,žádné nebo žádné z uvedených,komunikace sledovaná (ve vybraných městech),jízdní kolo,dobrý -žádné nepříznivé okolnosti nebyly zjiště,1,řidič,"s přilbou (pouze u motocyklistů, příp. cyklistů)",žena,lehké zranění,0,0,1,50,735,7,červenec,neděle,45-60,Brno-Židenice,16.64922901,49.19547862,{A1FD6EEE-0B18-4F52-9794-5B5BE4E1AB09}
16.684038985,49.178545952,1132,1,1133,60206201127,-592849.436,-1163180.109,2020/07/06 00:00:00+00,1,2020,7,srážka s jedoucím nekolejovým vozidlem,při odbočování vlevo,Ne,řidičem motorového vozidla,nehoda s následky na životě nebo zdraví,"povrch suchý, neznečistěný",neztížené,"ve dne, viditelnost nezhoršená vlivem povětrnostních podmínek",dobré,v blízkosti přechodu pro chodce (do vzdálenosti 20 m),komunikace sledovaná (ve vybraných městech),jízdní kolo,dobrý -žádné nepříznivé okolnosti nebyly zjiště,1,řidič,"s přilbou (pouze u motocyklistů, příp. cyklistů)",muž,těžké zranění,0,1,0,3380,740,7,červenec,pondělí,33-44,Brno-Slatina,16.68403898,49.17854595,{B9D3A991-CC12-481C-B1C1-648FD91B1CDC}
16.691958286,49.1663081310001,1133,1,1134,60206201131,-592420.102,-1164594.702,2020/07/06 00:00:00+00,1,2020,7,srážka s jedoucím nekolejovým vozidlem,proti příkazu dopravní značky DEJ PŘEDNOST,Ne,řidičem motorového vozidla,nehoda s následky na životě nebo zdraví,"povrch suchý, neznečistěný",neztížené,"ve dne, viditelnost nezhoršená vlivem povětrnostních podmínek",dobré,"most, nadjezd, podjezd, tunel",komunikace sledovaná (ve vybraných městech),jízdní kolo,dobrý -žádné nepříznivé okolnosti nebyly zjiště,1,řidič,"s přilbou (pouze u motocyklistů, příp. cyklistů)",muž,lehké zranění,0,0,1,800,1908,19,červenec,pondělí,33-44,Brno-Slatina,16.69195828,49.16630813,{DC70B37E-21A4-4A13-B105-2C8AD552D41E}
16.59074596,49.227304453,1134,1,1135,60206201154,-599027.836,-1157061.317,2020/07/10 00:00:00+00,5,2020,7,srážka s jedoucím nekolejovým vozidlem,vozidlu přijíždějícímu zprava,Ne,řidičem nemotorového vozidla,nehoda s následky na životě nebo zdraví,"povrch suchý, neznečistěný",neztížené,"ve dne, viditelnost nezhoršená vlivem povětrnostních podmínek",dobré,žádné nebo žádné z uvedených,komunikace místní,jízdní kolo,dobrý -žádné nepříznivé okolnosti nebyly zjiště,1,řidič,"bez přilby (pouze u motocyklistů, příp. cyklistů)",muž,lehké zranění,0,0,1,750,1000,10,červenec,pátek,45-60,Brno-Královo Pole,16.59074595,49.22730445,{F43C49D0-ABD6-499E-8F87-D4D771E690CA}
16.6145696140001,49.1861589810001,1135,1,1136,60206201155,-597794.049,-1161796.954,2020/07/10 00:00:00+00,5,2020,7,srážka s chodcem,řidič se plně nevěnoval řízení vozidla,Ne,řidičem nemotorového vozidla,nehoda s následky na životě nebo zdraví,"povrch suchý, neznečistěný",neztížené,"ve dne, viditelnost nezhoršená vlivem povětrnostních podmínek",dobré,"zastávka autobusu, trolejbusu, tramvaje s nástup. ostrůvkem",komunikace sledovaná (ve vybraných městech),jízdní kolo,dobrý -žádné nepříznivé okolnosti nebyly zjiště,1,řidič,"bez přilby (pouze u motocyklistů, příp. cyklistů)",muž,bez zraněn,0,0,1,50,1300,13,červenec,pátek,24-32,Brno-střed,16.61456961,49.18615898,{38835F05-1469-4E3F-BACF-4E6D9AE6CBD5}