X,Y,objectid,join_count,target_fid,id,d,e,datum,den,rok,mesic,srazka,pricina,alkohol,zavineni,nasledky,stav_vozovky,povetrnostni_podm,viditelnost,rozhled,misto_nehody,druh_komun,druh_vozidla,stav_ridic,ovlivneni_ridice,osoba,ozn_osoba,pohlavi,nasledek,usmrceno_os,tezce_zran_os,lehce_zran_os,hmotna_skoda,cas,hodina,mesic_t,den_v_tydnu,vek_skupina,nazev,point_x,point_y,globalid
16.5993983120001,49.216165763,1136,1,1137,60206201156,-598534.573,-1158360.615,2020/07/10 00:00:00+00,5,2020,7,srážka s jedoucím nekolejovým vozidlem,při otáčení nebo couvání,Ne,řidičem motorového vozidla,nehoda s následky na životě nebo zdraví,"povrch suchý, neznečistěný",neztížené,"ve dne, viditelnost nezhoršená vlivem povětrnostních podmínek",dobré,žádné nebo žádné z uvedených,komunikace sledovaná (ve vybraných městech),jízdní kolo,dobrý -žádné nepříznivé okolnosti nebyly zjiště,1,řidič,"bez přilby (pouze u motocyklistů, příp. cyklistů)",muž,lehké zranění,0,0,1,200,1610,16,červenec,pátek,45-60,Brno-Královo Pole,16.5993983,49.21616576,{D40CE12A-D83D-4824-8ECB-E6D49661F56F}
16.5836325120001,49.200795429,1137,1,1138,60206201170,-599860.614,-1159936.233,2020/07/12 00:00:00+00,7,2020,7,havárie,nepřizpůsobení rychlosti vlastnostem vozidla a nákladu,Ne,řidičem nemotorového vozidla,nehoda s následky na životě nebo zdraví,"povrch suchý, neznečistěný",neztížené,"ve dne, viditelnost nezhoršená vlivem povětrnostních podmínek",dobré,žádné nebo žádné z uvedených,komunikace sledovaná (ve vybraných městech),jízdní kolo,dobrý -žádné nepříznivé okolnosti nebyly zjiště,1,řidič,"bez přilby (pouze u motocyklistů, příp. cyklistů)",muž,lehké zranění,0,0,1,10,1735,17,červenec,neděle,24-32,Brno-střed,16.5836325,49.20079543,{4C3860DB-5D96-4D53-96BD-71B0A5B4E006}
16.5663413020001,49.1959946060001,1138,1,1139,60206201171,-601170.937,-1160331.036,2020/07/12 00:00:00+00,7,2020,7,havárie,řidič se plně nevěnoval řízení vozidla,Nezjišťován,řidičem nemotorového vozidla,nehoda s následky na životě nebo zdraví,"povrch suchý, neznečistěný",neztížené,"ve dne, viditelnost nezhoršená vlivem povětrnostních podmínek",dobré,žádné nebo žádné z uvedených,komunikace sledovaná (ve vybraných městech),jízdní kolo,dobrý -žádné nepříznivé okolnosti nebyly zjiště,1,řidič,"s přilbou (pouze u motocyklistů, příp. cyklistů)",muž,lehké zranění,0,0,1,0,1919,19,červenec,neděle,45-60,Brno-Jundrov,16.56634129,49.1959946,{987F8144-D4AB-468C-83A8-2BFDF939898B}
16.5888543880001,49.1987622010001,1139,1,1140,60206201195,-599506.661,-1160202.017,2020/07/14 00:00:00+00,2,2020,7,havárie,nepřizpůsobení rychlosti vlastnostem vozidla a nákladu,"Ano, obsah alkoholu v krvi od 1,0‰ do 1,5‰",řidičem nemotorového vozidla,nehoda s následky na životě nebo zdraví,"povrch suchý, neznečistěný",neztížené,"v noci - s veřejným osvětlením, viditelnost nezhoršená vlivem povětrnostních podmínek",dobré,žádné nebo žádné z uvedených,komunikace sledovaná (ve vybraných městech),jízdní kolo,pod vlivem alkoholu obsah alkoholu v krvi 1 ‰ a víc,1,řidič,"s přilbou (pouze u motocyklistů, příp. cyklistů)",žena,lehké zranění,0,0,1,10,2250,22,červenec,úterý,24-32,Brno-střed,16.58885438,49.1987622,{A8616FF5-F676-4512-99D8-5A4571A88AFF}
16.5655284010001,49.2157945480001,1140,1,1141,60206201197,-600992.007,-1158135.697,2020/07/15 00:00:00+00,3,2020,7,srážka s jedoucím nekolejovým vozidlem,proti příkazu dopravní značky DEJ PŘEDNOST,Ne,řidičem motorového vozidla,nehoda s následky na životě nebo zdraví,"povrch suchý, neznečistěný",neztížené,"ve dne, viditelnost nezhoršená vlivem povětrnostních podmínek",dobré,žádné nebo žádné z uvedených,uzel (křižovatka sledovaná ve vybraných městech),jízdní kolo,dobrý -žádné nepříznivé okolnosti nebyly zjiště,1,řidič,"bez přilby (pouze u motocyklistů, příp. cyklistů)",žena,lehké zranění,0,0,1,250,642,6,červenec,středa,24-32,Brno-Žabovřesky,16.56552839,49.21579454,{E2791414-E220-498E-9977-6B864D1C7AF5}
16.60025383,49.2075483450001,1141,1,1142,60206201227,-598575.682,-1159320.047,2020/07/19 00:00:00+00,7,2020,7,srážka s jedoucím nekolejovým vozidlem,řidič se plně nevěnoval řízení vozidla,Pod vlivem drog,řidičem nemotorového vozidla,nehoda pouze s hmotnou škodou,"povrch suchý, neznečistěný",neztížené,"ve dne, viditelnost nezhoršená vlivem povětrnostních podmínek",dobré,parkoviště přiléhající ke komunikaci,komunikace místní,jízdní kolo,"pod vlivem léků, narkoti",1,řidič,"bez přilby (pouze u motocyklistů, příp. cyklistů)",muž,bez zraněn,0,0,0,100,1950,19,červenec,neděle,45-60,Brno-střed,16.60025382,49.20754834,{881140FE-67F6-4DBB-91AE-2EB0010CEC42}
16.6247353260001,49.163263554,1142,1,1143,60206201233,-597330.351,-1164407.821,2020/07/20 00:00:00+00,1,2020,7,srážka s chodcem,řidič se plně nevěnoval řízení vozidla,Ne,řidičem nemotorového vozidla,nehoda s následky na životě nebo zdraví,"povrch suchý, neznečistěný",neztížené,"ve dne, viditelnost nezhoršená vlivem povětrnostních podmínek",dobré,žádné nebo žádné z uvedených,komunikace místní,jízdní kolo,dobrý -žádné nepříznivé okolnosti nebyly zjiště,1,řidič,"bez přilby (pouze u motocyklistů, příp. cyklistů)",muž,bez zraněn,0,0,1,100,1415,14,červenec,pondělí,19-24,Brno-jih,16.62473532,49.16326355,{50EA79CD-CC51-4679-941F-812D711D6B01}
16.5948617380001,49.2235461880001,1143,1,1144,60206201243,-598774.801,-1157509.093,2020/07/22 00:00:00+00,3,2020,7,srážka s jedoucím nekolejovým vozidlem,nedodržení bezpečné vzdálenosti za vozidlem,Ne,řidičem nemotorového vozidla,nehoda s následky na životě nebo zdraví,"povrch suchý, neznečistěný",neztížené,"ve dne, viditelnost nezhoršená vlivem povětrnostních podmínek",dobré,žádné nebo žádné z uvedených,komunikace sledovaná (ve vybraných městech),jízdní kolo,dobrý -žádné nepříznivé okolnosti nebyly zjiště,1,řidič,"bez přilby (pouze u motocyklistů, příp. cyklistů)",muž,lehké zranění,0,0,1,180,1345,13,červenec,středa,33-44,Brno-Královo Pole,16.59486173,49.22354618,{2610D105-B584-48B3-B9DB-0225F2367FE7}
16.5888122960001,49.2513954830001,1144,1,1145,60206201245,-598879.299,-1154382.715,2020/07/22 00:00:00+00,3,2020,7,srážka s jedoucím nekolejovým vozidlem,nepřizpůsobení rychlosti vlastnostem vozidla a nákladu,Ne,řidičem nemotorového vozidla,nehoda s následky na životě nebo zdraví,"povrch suchý, neznečistěný",neztížené,"ve dne, viditelnost nezhoršená vlivem povětrnostních podmínek",dobré,"zastávka autobusu, trolejbusu, tramvaje s nástup. ostrůvkem",komunikace sledovaná (ve vybraných městech),jízdní kolo,dobrý -žádné nepříznivé okolnosti nebyly zjiště,1,řidič,"bez přilby (pouze u motocyklistů, příp. cyklistů)",muž,lehké zranění,0,0,1,0,1530,15,červenec,středa,19-24,Brno-Řečkovice a Mokrá Hora,16.58881229,49.25139548,{FF0BA703-0401-47B9-993F-CCD5D0C24B6F}
16.572334418,49.216636421,1145,1,1146,60206201249,-600488.994,-1158096.156,2020/07/23 00:00:00+00,4,2020,7,srážka s jedoucím nekolejovým vozidlem,"nepřizpůsobení rychlosti dopravně technickému stavu vozovky (zatáčka, klesání, stoupání, šířka vozovky apod.)",Ne,řidičem nemotorového vozidla,nehoda s následky na životě nebo zdraví,"povrch suchý, neznečistěný",neztížené,"ve dne, viditelnost nezhoršená vlivem povětrnostních podmínek",dobré,přechod pro chodce,uzel (křižovatka sledovaná ve vybraných městech),jízdní kolo,dobrý -žádné nepříznivé okolnosti nebyly zjiště,1,řidič,"s přilbou (pouze u motocyklistů, příp. cyklistů)",muž,lehké zranění,0,0,1,550,814,8,červenec,čtvrtek,19-24,Brno-Žabovřesky,16.57233441,49.21663642,{85A1EDD7-9C5A-4306-8A54-B53EB82886C0}
16.6484329140001,49.2298361920001,1146,1,1147,60206201256,-594820.564,-1157232.215,2020/07/23 00:00:00+00,4,2020,7,srážka s jedoucím nekolejovým vozidlem,při odbočování vlevo,Ne,řidičem motorového vozidla,nehoda s následky na životě nebo zdraví,"povrch suchý, neznečistěný",neztížené,"ve dne, viditelnost nezhoršená vlivem povětrnostních podmínek",dobré,v blízkosti přechodu pro chodce (do vzdálenosti 20 m),uzel (křižovatka sledovaná ve vybraných městech),jízdní kolo,dobrý -žádné nepříznivé okolnosti nebyly zjiště,1,řidič,"s přilbou (pouze u motocyklistů, příp. cyklistů)",muž,lehké zranění,0,0,1,2350,1655,16,červenec,čtvrtek,45-60,Brno-Maloměřice a Obřany,16.64843291,49.22983619,{9230C79D-CC11-449F-916F-03BC6A618EB1}
16.603272482,49.1832320990001,1147,1,1148,60206201274,-598647.747,-1162032.07,2020/07/28 00:00:00+00,2,2020,7,srážka s jedoucím nekolejovým vozidlem,"jízda po nesprávné straně vozovky, vjetí do protisměru",Ne,řidičem nemotorového vozidla,nehoda s následky na životě nebo zdraví,"povrch suchý, neznečistěný",neztížené,"ve dne, viditelnost nezhoršená vlivem povětrnostních podmínek",dobré,"most, nadjezd, podjezd, tunel",komunikace místní,jízdní kolo,dobrý -žádné nepříznivé okolnosti nebyly zjiště,1,řidič,"s přilbou (pouze u motocyklistů, příp. cyklistů)",žena,těžké zranění,0,1,1,220,750,7,červenec,úterý,33-44,Brno-střed,16.60327247,49.1832321,{6CBEE86A-77F4-41B8-95BC-2BCBD091E9E7}
16.603272482,49.1832320990001,1148,1,1149,60206201274,-598647.747,-1162032.07,2020/07/28 00:00:00+00,2,2020,7,srážka s jedoucím nekolejovým vozidlem,"jízda po nesprávné straně vozovky, vjetí do protisměru",Ne,řidičem nemotorového vozidla,nehoda s následky na životě nebo zdraví,"povrch suchý, neznečistěný",neztížené,"ve dne, viditelnost nezhoršená vlivem povětrnostních podmínek",dobré,"most, nadjezd, podjezd, tunel",komunikace místní,jízdní kolo,dobrý -žádné nepříznivé okolnosti nebyly zjiště,1,řidič,"s přilbou (pouze u motocyklistů, příp. cyklistů)",muž,lehké zranění,0,1,1,220,750,7,červenec,úterý,33-44,Brno-střed,16.60327247,49.1832321,{0EE645DC-0C2A-4166-B48A-AFCF710E07D5}
16.554601685,49.2205040160001,1149,1,1150,60206201277,-601726.695,-1157529.024,2020/07/28 00:00:00+00,2,2020,7,srážka s chodcem,řidič se plně nevěnoval řízení vozidla,Ne,řidičem nemotorového vozidla,nehoda s následky na životě nebo zdraví,"povrch suchý, neznečistěný",neztížené,"ve dne, viditelnost nezhoršená vlivem povětrnostních podmínek",dobré,žádné nebo žádné z uvedených,komunikace místní,jízdní kolo,dobrý -žádné nepříznivé okolnosti nebyly zjiště,1,řidič,"bez přilby (pouze u motocyklistů, příp. cyklistů)",muž,bez zraněn,0,0,1,0,1040,10,červenec,úterý,61-70,Brno-Komín,16.55460168,49.22050401,{7301B799-DEFC-433D-9D39-D352AFFD9C80}
16.585292575,49.2382760410001,1150,1,1151,60206201279,-599291.235,-1155805.554,2020/07/29 00:00:00+00,3,2020,7,havárie,řidič se plně nevěnoval řízení vozidla,Ne,řidičem nemotorového vozidla,nehoda s následky na životě nebo zdraví,"povrch suchý, neznečistěný",neztížené,"ve dne, viditelnost nezhoršená vlivem povětrnostních podmínek",dobré,žádné nebo žádné z uvedených,komunikace sledovaná (ve vybraných městech),jízdní kolo,dobrý -žádné nepříznivé okolnosti nebyly zjiště,1,řidič,"s přilbou (pouze u motocyklistů, příp. cyklistů)",žena,lehké zranění,0,0,1,100,1010,10,červenec,středa,33-44,Brno-Řečkovice a Mokrá Hora,16.58529257,49.23827604,{D7A96623-817E-4A96-B8C8-60915C7AA2E3}
16.655396388,49.1843919290001,1151,1,1152,60206201286,-594856.214,-1162311.054,2020/07/29 00:00:00+00,3,2020,7,srážka s jedoucím nekolejovým vozidlem,řidič se plně nevěnoval řízení vozidla,Ne,řidičem motorového vozidla,nehoda s následky na životě nebo zdraví,"povrch suchý, neznečistěný",neztížené,"ve dne, viditelnost nezhoršená vlivem povětrnostních podmínek",dobré,žádné nebo žádné z uvedených,komunikace místní,jízdní kolo,dobrý -žádné nepříznivé okolnosti nebyly zjiště,1,řidič,"s přilbou (pouze u motocyklistů, příp. cyklistů)",muž,lehké zranění,0,0,1,20,1720,17,červenec,středa,24-32,Brno-Černovice,16.65539638,49.18439193,{B2E85B2D-5498-4D6B-9A30-3A152B575438}
16.523049374,49.1948605760001,1152,1,1153,60206201289,-604321.086,-1160114.752,2020/07/29 00:00:00+00,3,2020,7,srážka s jedoucím nekolejovým vozidlem,řidič se plně nevěnoval řízení vozidla,Nezjišťován,řidičem motorového vozidla,nehoda s následky na životě nebo zdraví,"povrch suchý, neznečistěný",neztížené,"ve dne, viditelnost nezhoršená vlivem povětrnostních podmínek",dobré,žádné nebo žádné z uvedených,komunikace sledovaná (ve vybraných městech),jízdní kolo,dobrý -žádné nepříznivé okolnosti nebyly zjiště,1,řidič,"s přilbou (pouze u motocyklistů, příp. cyklistů)",žena,lehké zranění,0,0,1,0,1850,18,červenec,středa,24-32,Brno-Žebětín,16.52304937,49.19486057,{49D4F2C4-A1C9-4E5A-B12E-7CC4564F5491}
16.601304279,49.215560687,1153,1,1154,60206201296,-598403.769,-1158442.445,2020/07/30 00:00:00+00,4,2020,7,srážka s jedoucím nekolejovým vozidlem,proti příkazu dopravní značky STŮJ DEJ PŘEDNOST,Ne,řidičem motorového vozidla,nehoda s následky na životě nebo zdraví,"povrch suchý, neznečistěný",neztížené,"v noci - s veřejným osvětlením, viditelnost nezhoršená vlivem povětrnostních podmínek",dobré,žádné nebo žádné z uvedených,komunikace místní,jízdní kolo,"pod vlivem alkoholu, obsah alkoholu v krvi do 0,99 ‰",1,řidič,"s přilbou (pouze u motocyklistů, příp. cyklistů)",muž,lehké zranění,0,0,1,100,2300,23,červenec,čtvrtek,45-60,Brno-Královo Pole,16.60130427,49.21556068,{0BBEF411-F4F7-4D22-B19C-7BFDDC15D49F}
16.648310958,49.1215916150001,1154,1,1155,60206201308,-596116.456,-1169199.371,2020/08/01 00:00:00+00,6,2020,8,havárie,"nepřizpůsobení rychlosti dopravně technickému stavu vozovky (zatáčka, klesání, stoupání, šířka vozovky apod.)","Ano, obsah alkoholu v krvi 1,5‰ a více",řidičem nemotorového vozidla,nehoda s následky na životě nebo zdraví,"povrch suchý, neznečistěný",neztížené,"ve dne, viditelnost nezhoršená vlivem povětrnostních podmínek",dobré,žádné nebo žádné z uvedených,komunikace místní,jízdní kolo,pod vlivem alkoholu obsah alkoholu v krvi 1 ‰ a víc,1,řidič,"bez přilby (pouze u motocyklistů, příp. cyklistů)",muž,lehké zranění,0,0,1,0,1850,18,srpen,sobota,33-44,Brno-Chrlice,16.64831095,49.12159161,{ACC3D4F5-6EF3-4EB9-9379-A9EB0DCD4384}
16.5838765120001,49.2007734150001,1155,1,1156,60206201311,-599843.201,-1159940.583,2020/08/02 00:00:00+00,7,2020,8,havárie,nezvládnutí řízení vozidla,"Ano, obsah alkoholu v krvi do 0,24 ‰",řidičem nemotorového vozidla,nehoda s následky na životě nebo zdraví,"povrch suchý, neznečistěný",neztížené,"ve dne, viditelnost nezhoršená vlivem povětrnostních podmínek",dobré,"zastávka tramvaje, autobusu, trolejbusu bez nástup. ostrůvku",komunikace sledovaná (ve vybraných městech),jízdní kolo,"pod vlivem alkoholu, obsah alkoholu v krvi do 0,99 ‰",1,řidič,"s přilbou (pouze u motocyklistů, příp. cyklistů)",žena,lehké zranění,0,0,1,20,920,9,srpen,neděle,33-44,Brno-střed,16.5838765,49.20077341,{8169C9E2-E783-4788-933C-33642D2446E0}
16.5324293950001,49.195894406,1156,1,1157,60206201348,-603629.046,-1160074.643,2020/08/06 00:00:00+00,4,2020,8,srážka s jedoucím nekolejovým vozidlem,řidič se plně nevěnoval řízení vozidla,Ne,řidičem motorového vozidla,nehoda s následky na životě nebo zdraví,"povrch suchý, neznečistěný",neztížené,"ve dne, viditelnost nezhoršená vlivem povětrnostních podmínek",dobré,v blízkosti přechodu pro chodce (do vzdálenosti 20 m),uzel (křižovatka sledovaná ve vybraných městech),jízdní kolo,dobrý -žádné nepříznivé okolnosti nebyly zjiště,1,řidič,"s přilbou (pouze u motocyklistů, příp. cyklistů)",žena,lehké zranění,0,0,1,50,1615,16,srpen,čtvrtek,45-60,Brno-Kohoutovice,16.53242939,49.1958944,{96A42014-E955-47FC-80A1-14B5799BA02E}
16.6140840940001,49.1949054240001,1157,1,1158,60206201358,-597724.799,-1160826.145,2020/08/08 00:00:00+00,6,2020,8,havárie,nepřizpůsobení rychlosti vlastnostem vozidla a nákladu,"Ano, obsah alkoholu v krvi od 1,0‰ do 1,5‰",řidičem nemotorového vozidla,nehoda s následky na životě nebo zdraví,"povrch suchý, neznečistěný",neztížené,"v noci - s veřejným osvětlením, viditelnost nezhoršená vlivem povětrnostních podmínek",dobré,žádné nebo žádné z uvedených,komunikace sledovaná (ve vybraných městech),jízdní kolo,pod vlivem alkoholu obsah alkoholu v krvi 1 ‰ a víc,0,řidič,"bez přilby (pouze u motocyklistů, příp. cyklistů)",žena,lehké zranění,0,0,1,50,2,2,srpen,sobota,19-24,Brno-střed,16.61408409,49.19490542,{343C7B01-0B98-4598-ADFF-6F0D518E993C}
16.6026279930001,49.2104114260001,1158,1,1159,60206201379,-598369.468,-1159022.111,2020/08/10 00:00:00+00,1,2020,8,srážka s jedoucím nekolejovým vozidlem,řidič se plně nevěnoval řízení vozidla,Ne,řidičem nemotorového vozidla,nehoda s následky na životě nebo zdraví,"povrch suchý, neznečistěný",neztížené,"ve dne, viditelnost nezhoršená vlivem povětrnostních podmínek",dobré,přechod pro chodce,uzel (křižovatka sledovaná ve vybraných městech),jízdní kolo,dobrý -žádné nepříznivé okolnosti nebyly zjiště,1,řidič,"s přilbou (pouze u motocyklistů, příp. cyklistů)",muž,lehké zranění,0,0,1,810,1535,15,srpen,pondělí,24-32,Brno-Královo Pole,16.60262798,49.21041142,{134EC778-DE8D-4527-963D-A6115247D08B}
16.558658199,49.1756107690001,1159,1,1160,60206201389,-601972.627,-1162523.997,2020/08/12 00:00:00+00,3,2020,8,havárie,řidič se plně nevěnoval řízení vozidla,Ne,řidičem nemotorového vozidla,nehoda s následky na životě nebo zdraví,"povrch suchý, neznečistěný",neztížené,"ve dne, viditelnost nezhoršená vlivem povětrnostních podmínek",dobré,přechod pro chodce,komunikace sledovaná (ve vybraných městech),jízdní kolo,dobrý -žádné nepříznivé okolnosti nebyly zjiště,1,řidič,"s přilbou (pouze u motocyklistů, příp. cyklistů)",muž,lehké zranění,0,0,1,50,940,9,srpen,středa,33-44,Brno-Nový Lískovec,16.55865819,49.17561077,{1D28DC6C-E5F2-41AA-B113-9D6374115254}
16.643160154,49.2157017060001,1160,1,1161,60206201391,-595370.536,-1158753.928,2020/08/12 00:00:00+00,3,2020,8,havárie,nepřizpůsobení rychlosti vlastnostem vozidla a nákladu,Ne,řidičem nemotorového vozidla,nehoda s následky na životě nebo zdraví,"povrch suchý, neznečistěný",neztížené,"ve dne, zhoršená viditelnost (svítání, soumrak)",dobré,žádné nebo žádné z uvedených,komunikace sledovaná (ve vybraných městech),jízdní kolo,dobrý -žádné nepříznivé okolnosti nebyly zjiště,1,řidič,"s přilbou (pouze u motocyklistů, příp. cyklistů)",muž,lehké zranění,0,0,1,30,2030,20,srpen,středa,24-32,Brno-Maloměřice a Obřany,16.64316015,49.2157017,{939F83DD-94AB-4A99-BC24-BA1B0EE41FD0}
16.5948317080001,49.1867184750001,1161,1,1162,60206201409,-599217.751,-1161580.437,2020/08/16 00:00:00+00,7,2020,8,srážka s jedoucím nekolejovým vozidlem,řidič se plně nevěnoval řízení vozidla,Ne,řidičem nemotorového vozidla,nehoda s následky na životě nebo zdraví,"povrch suchý, neznečistěný",neztížené,"ve dne, viditelnost nezhoršená vlivem povětrnostních podmínek",dobré,přechod pro chodce,uzel (křižovatka sledovaná ve vybraných městech),jízdní kolo,dobrý -žádné nepříznivé okolnosti nebyly zjiště,1,řidič,"s přilbou (pouze u motocyklistů, příp. cyklistů)",muž,lehké zranění,0,0,1,50,1124,11,srpen,neděle,71 a více,Brno-střed,16.5948317,49.18671847,{DED9D4CA-B8E7-4A92-B56F-9B8B987484ED}
16.547986656,49.2194401180001,1162,1,1163,60206201414,-602218.521,-1157594.502,2020/08/17 00:00:00+00,1,2020,8,srážka s jedoucím nekolejovým vozidlem,při odbočování vlevo,Ne,řidičem motorového vozidla,nehoda s následky na životě nebo zdraví,"povrch suchý, neznečistěný",neztížené,"ve dne, zhoršená viditelnost (svítání, soumrak)",dobré,přechod pro chodce,uzel (křižovatka sledovaná ve vybraných městech),jízdní kolo,dobrý -žádné nepříznivé okolnosti nebyly zjiště,1,řidič,"s přilbou (pouze u motocyklistů, příp. cyklistů)",muž,těžké zranění,0,1,0,410,515,5,srpen,pondělí,45-60,Brno-Komín,16.54798665,49.21944011,{552CAF22-A2DB-4B8D-B14A-45A082CACADF}
16.640197164,49.177770749,1163,1,1164,60206201436,-596036.609,-1162924.646,2020/08/19 00:00:00+00,3,2020,8,srážka s jedoucím nekolejovým vozidlem,proti příkazu dopravní značky DEJ PŘEDNOST,Ne,řidičem motorového vozidla,nehoda s následky na životě nebo zdraví,"povrch suchý, neznečistěný",neztížené,"ve dne, viditelnost nezhoršená vlivem povětrnostních podmínek",dobré,žádné nebo žádné z uvedených,komunikace sledovaná (ve vybraných městech),jízdní kolo,"pod vlivem alkoholu, obsah alkoholu v krvi do 0,99 ‰",1,řidič,"s přilbou (pouze u motocyklistů, příp. cyklistů)",muž,lehké zranění,0,0,1,150,1611,16,srpen,středa,61-70,Brno-Černovice,16.64019716,49.17777075,{A1110ED6-737D-4D97-B614-9BFE998148E2}
16.6776966740001,49.136221789,1164,1,1165,60206201437,-593810.608,-1167810.637,2020/08/19 00:00:00+00,3,2020,8,srážka s jedoucím nekolejovým vozidlem,při vjíždění na silnici,Ne,řidičem nemotorového vozidla,nehoda s následky na životě nebo zdraví,"povrch suchý, neznečistěný",neztížené,"ve dne, viditelnost nezhoršená vlivem povětrnostních podmínek",dobré,"výjezd z parkoviště, lesní cesty apod. (pol.36=7,8)",komunikace sledovaná (ve vybraných městech),jízdní kolo,dobrý -žádné nepříznivé okolnosti nebyly zjiště,1,řidič,"s přilbou (pouze u motocyklistů, příp. cyklistů)",muž,lehké zranění,0,0,1,600,1622,16,srpen,středa,61-70,Brno-Tuřany,16.67769667,49.13622179,{D5E51D34-8D6F-4735-847E-B4A5E98C780A}
16.566862153,49.1933844650001,1165,1,1166,60206201445,-601164.547,-1160623.694,2020/08/20 00:00:00+00,4,2020,8,srážka s jedoucím nekolejovým vozidlem,při odbočování vlevo,Ne,řidičem motorového vozidla,nehoda s následky na životě nebo zdraví,"povrch suchý, neznečistěný",neztížené,"v noci - s veřejným osvětlením, viditelnost nezhoršená vlivem povětrnostních podmínek",dobré,přechod pro chodce,uzel (křižovatka sledovaná ve vybraných městech),jízdní kolo,dobrý -žádné nepříznivé okolnosti nebyly zjiště,1,řidič,"s přilbou (pouze u motocyklistů, příp. cyklistů)",muž,těžké zranění,0,1,0,220,1754,17,srpen,čtvrtek,33-44,Brno-střed,16.56686214,49.19338446,{9DC6D9A1-7579-4421-9C12-4D4E3018C773}
16.6134551330001,49.195457467,1166,1,1167,60206201450,-597763.78,-1160760.189,2020/08/21 00:00:00+00,5,2020,8,srážka s pevnou překážkou,řidič se plně nevěnoval řízení vozidla,Ne,řidičem nemotorového vozidla,nehoda pouze s hmotnou škodou,"povrch suchý, neznečistěný",neztížené,"ve dne, zhoršená viditelnost (svítání, soumrak)",dobré,žádné nebo žádné z uvedených,komunikace místní,jízdní kolo,dobrý -žádné nepříznivé okolnosti nebyly zjiště,1,řidič,"bez přilby (pouze u motocyklistů, příp. cyklistů)",muž,bez zraněn,0,0,0,50,2015,20,srpen,pátek,19-24,Brno-střed,16.61345512,49.19545746,{13AB7FC8-DE33-4EF0-8617-42ACB3505850}
16.507514127,49.244090112,1167,1,1168,60206201453,-604851.082,-1154549.688,2020/08/22 00:00:00+00,6,2020,8,srážka s chodcem,nezaviněná řidičem,Ne,chodcem,nehoda s následky na životě nebo zdraví,"povrch suchý, neznečistěný",neztížené,"ve dne, viditelnost nezhoršená vlivem povětrnostních podmínek",dobré,žádné nebo žádné z uvedených,komunikace místní,jízdní kolo,dobrý -žádné nepříznivé okolnosti nebyly zjiště,1,řidič,"s přilbou (pouze u motocyklistů, příp. cyklistů)",muž,lehké zranění,0,0,2,20,1435,14,srpen,sobota,71 a více,Brno-Kníničky,16.50751412,49.24409011,{406722EA-5602-4274-AD3E-6F7F2CF64829}
16.62484132,49.199477388,1168,1,1169,60206201462,-596890.829,-1160404.783,2020/08/24 00:00:00+00,1,2020,8,havárie,řidič se plně nevěnoval řízení vozidla,"Ano, obsah alkoholu v krvi od 0,5‰ do 0,8‰",řidičem nemotorového vozidla,nehoda s následky na životě nebo zdraví,"povrch suchý, neznečistěný",neztížené,"ve dne, viditelnost nezhoršená vlivem povětrnostních podmínek",dobré,žádné nebo žádné z uvedených,komunikace sledovaná (ve vybraných městech),jízdní kolo,"pod vlivem alkoholu, obsah alkoholu v krvi do 0,99 ‰",1,řidič,"bez přilby (pouze u motocyklistů, příp. cyklistů)",muž,lehké zranění,0,0,1,100,655,6,srpen,pondělí,33-44,Brno-sever,16.62484131,49.19947738,{9B4B0D32-5A5D-4A1C-A40B-2428C18D5F18}
16.6790684040001,49.204098318,1169,1,1170,60206201470,-592907.069,-1160316.184,2020/08/24 00:00:00+00,1,2020,8,srážka s jedoucím nekolejovým vozidlem,při odbočování vlevo,Ne,řidičem motorového vozidla,nehoda s následky na životě nebo zdraví,"povrch suchý, neznečistěný",neztížené,"ve dne, zhoršená viditelnost (svítání, soumrak)",dobré,žádné nebo žádné z uvedených,komunikace sledovaná (ve vybraných městech),jízdní kolo,dobrý -žádné nepříznivé okolnosti nebyly zjiště,1,řidič,"s přilbou (pouze u motocyklistů, příp. cyklistů)",muž,lehké zranění,0,0,1,330,1955,19,srpen,pondělí,33-44,Brno-Líšeň,16.6790684,49.20409831,{93329F42-0992-4C81-A184-A179FEFD1D60}
16.5928114430001,49.1819472880001,1170,1,1171,60206201494,-599421.273,-1162092.073,2020/08/28 00:00:00+00,5,2020,8,havárie,nepřizpůsobení rychlosti vlastnostem vozidla a nákladu,Ne,řidičem nemotorového vozidla,nehoda s následky na životě nebo zdraví,"povrch suchý, neznečistěný",neztížené,"v noci - s veřejným osvětlením, viditelnost nezhoršená vlivem povětrnostních podmínek",dobré,žádné nebo žádné z uvedených,komunikace místní,jízdní kolo,dobrý -žádné nepříznivé okolnosti nebyly zjiště,1,řidič,"bez přilby (pouze u motocyklistů, příp. cyklistů)",muž,lehké zranění,0,0,1,20,1844,18,srpen,pátek,33-44,Brno-střed,16.59281143,49.18194728,{9CEB4A70-79D4-486D-BBA0-B4F908D38859}
16.6705851,49.2161670740001,1171,1,1172,60206201495,-593378.58,-1158915.869,2020/08/29 00:00:00+00,6,2020,8,havárie,řidič se plně nevěnoval řízení vozidla,"Ano, obsah alkoholu v krvi od 1,0‰ do 1,5‰",řidičem nemotorového vozidla,nehoda s následky na životě nebo zdraví,"povrch suchý, neznečistěný",neztížené,"v noci - bez veřejného osvětlení, viditelnost nezhoršená vlivem povětrnostních podmínek",dobré,žádné nebo žádné z uvedených,komunikace místní,jízdní kolo,pod vlivem alkoholu obsah alkoholu v krvi 1 ‰ a víc,1,řidič,"bez přilby (pouze u motocyklistů, příp. cyklistů)",muž,lehké zranění,0,0,1,10,110,1,srpen,sobota,24-32,Brno-Vinohrady,16.67058509,49.21616707,{6719CF89-D574-46C7-88B8-42FDF8B782FE}