X,Y,objectid,join_count,target_fid,id,d,e,datum,den,rok,mesic,srazka,pricina,alkohol,zavineni,nasledky,stav_vozovky,povetrnostni_podm,viditelnost,rozhled,misto_nehody,druh_komun,druh_vozidla,stav_ridic,ovlivneni_ridice,osoba,ozn_osoba,pohlavi,nasledek,usmrceno_os,tezce_zran_os,lehce_zran_os,hmotna_skoda,cas,hodina,mesic_t,den_v_tydnu,vek_skupina,nazev,point_x,point_y,globalid
16.566556921,49.1892302730001,1172,1,1173,60206201499,-601236.554,-1161080.549,2020/08/29 00:00:00+00,6,2020,8,srážka s jedoucím nekolejovým vozidlem,řidič se plně nevěnoval řízení vozidla,Ne,řidičem nemotorového vozidla,nehoda s následky na životě nebo zdraví,"povrch suchý, neznečistěný",neztížené,"ve dne, viditelnost nezhoršená vlivem povětrnostních podmínek",dobré,žádné nebo žádné z uvedených,komunikace účelová - polní a lesní cesty atd.,jízdní kolo,dobrý -žádné nepříznivé okolnosti nebyly zjiště,1,řidič,"bez přilby (pouze u motocyklistů, příp. cyklistů)",žena,lehké zranění,0,1,1,100,1640,16,srpen,sobota,16-18,Brno-střed,16.56655691,49.18923027,{EFE9C6CB-C5A8-4B02-A626-915A2E62F6DA}
16.566556921,49.1892302730001,1173,1,1174,60206201499,-601236.554,-1161080.549,2020/08/29 00:00:00+00,6,2020,8,srážka s jedoucím nekolejovým vozidlem,řidič se plně nevěnoval řízení vozidla,Ne,řidičem nemotorového vozidla,nehoda s následky na životě nebo zdraví,"povrch suchý, neznečistěný",neztížené,"ve dne, viditelnost nezhoršená vlivem povětrnostních podmínek",dobré,žádné nebo žádné z uvedených,komunikace účelová - polní a lesní cesty atd.,jízdní kolo,dobrý -žádné nepříznivé okolnosti nebyly zjiště,1,řidič,"s přilbou (pouze u motocyklistů, příp. cyklistů)",žena,těžké zranění,0,1,1,100,1640,16,srpen,sobota,19-24,Brno-střed,16.56655691,49.18923027,{583B05A8-7FFD-4E77-971E-5646E4484EAF}
16.5951439130001,49.208581517,1174,1,1175,60206201502,-598933.467,-1159165.765,2020/08/30 00:00:00+00,7,2020,8,havárie,"nepřizpůsobení rychlosti stavu vozovky (náledí, výtluky, bláto, mokrý povrch apod.)","Ano, obsah alkoholu v krvi od 0,24‰ do 0,5‰",řidičem nemotorového vozidla,nehoda s následky na životě nebo zdraví,povrch mokrý,"na počátku deště, slabý déšť, mrholení apod.","ve dne, viditelnost nezhoršená vlivem povětrnostních podmínek",dobré,žádné nebo žádné z uvedených,uzel (křižovatka sledovaná ve vybraných městech),jízdní kolo,"pod vlivem alkoholu, obsah alkoholu v krvi do 0,99 ‰",1,řidič,"s přilbou (pouze u motocyklistů, příp. cyklistů)",žena,lehké zranění,0,0,1,10,1705,17,srpen,neděle,45-60,Brno-Královo Pole,16.5951439,49.20858151,{75AE2A55-0B53-4309-BBCC-259E8B6002AC}
16.615729618,49.196173629,1175,1,1176,60206201514,-597590.428,-1160698.807,2020/09/01 00:00:00+00,2,2020,9,srážka s jedoucím nekolejovým vozidlem,řidič se plně nevěnoval řízení vozidla,Ne,řidičem nemotorového vozidla,nehoda s následky na životě nebo zdraví,povrch mokrý,neztížené,"ve dne, viditelnost nezhoršená vlivem povětrnostních podmínek",dobré,žádné nebo žádné z uvedených,komunikace sledovaná (ve vybraných městech),jízdní kolo,dobrý -žádné nepříznivé okolnosti nebyly zjiště,1,řidič,"s přilbou (pouze u motocyklistů, příp. cyklistů)",muž,lehké zranění,0,0,1,220,1559,15,září,úterý,19-24,Brno-střed,16.61572961,49.19617363,{E9BE377F-BCAE-4147-A2F6-F10C3D80E3B8}
16.657723284,49.146317841,1176,1,1177,60206201540,-595139.754,-1166538.898,2020/09/04 00:00:00+00,5,2020,9,srážka s jedoucím nekolejovým vozidlem,řidič se plně nevěnoval řízení vozidla,Ne,řidičem nemotorového vozidla,nehoda s následky na životě nebo zdraví,"povrch suchý, neznečistěný",neztížené,"ve dne, viditelnost nezhoršená vlivem povětrnostních podmínek","špatné - vlivem vegetace - trvale (stromy, keře apod.)",žádné nebo žádné z uvedených,komunikace místní,jízdní kolo,dobrý -žádné nepříznivé okolnosti nebyly zjiště,1,řidič,"s přilbou (pouze u motocyklistů, příp. cyklistů)",muž,lehké zranění,0,0,1,200,1434,14,září,pátek,19-24,Brno-Tuřany,16.65772328,49.14631784,{E0256280-D97F-41FC-B822-9C21B7C2B6B0}
16.615566471,49.2017767130001,1177,1,1178,60206201549,-597535.358,-1160078.05,2020/09/04 00:00:00+00,5,2020,9,jiný druh nehody,řidič se plně nevěnoval řízení vozidla,Nezjišťován,řidičem nemotorového vozidla,nehoda s následky na životě nebo zdraví,"povrch suchý, neznečistěný",neztížené,"ve dne, viditelnost nezhoršená vlivem povětrnostních podmínek",dobré,v blízkosti přechodu pro chodce (do vzdálenosti 20 m),uzel (křižovatka sledovaná ve vybraných městech),jízdní kolo,dobrý -žádné nepříznivé okolnosti nebyly zjiště,1,řidič,"bez přilby (pouze u motocyklistů, příp. cyklistů)",muž,bez zraněn,0,1,0,50,1630,16,září,pátek,33-44,Brno-sever,16.61556646,49.20177671,{02959965-72B9-4FAA-A56F-561B337CC017}
16.615566471,49.2017767130001,1178,1,1179,60206201549,-597535.358,-1160078.05,2020/09/04 00:00:00+00,5,2020,9,jiný druh nehody,řidič se plně nevěnoval řízení vozidla,Nezjišťován,řidičem nemotorového vozidla,nehoda s následky na životě nebo zdraví,"povrch suchý, neznečistěný",neztížené,"ve dne, viditelnost nezhoršená vlivem povětrnostních podmínek",dobré,v blízkosti přechodu pro chodce (do vzdálenosti 20 m),uzel (křižovatka sledovaná ve vybraných městech),jízdní kolo,dobrý -žádné nepříznivé okolnosti nebyly zjiště,1,řidič,"s přilbou (pouze u motocyklistů, příp. cyklistů)",muž,těžké zranění,0,1,0,50,1630,16,září,pátek,24-32,Brno-sever,16.61556646,49.20177671,{27181A3A-4285-4E4D-A857-F75FC986FE61}
16.642568709,49.2075603490001,1179,1,1180,60206201558,-595510.247,-1159649.468,2020/09/07 00:00:00+00,1,2020,9,srážka s jedoucím nekolejovým vozidlem,při vjíždění na silnici,Ne,řidičem motorového vozidla,nehoda s následky na životě nebo zdraví,"povrch suchý, neznečistěný",neztížené,"ve dne, viditelnost nezhoršená vlivem povětrnostních podmínek",dobré,v blízkosti přechodu pro chodce (do vzdálenosti 20 m),komunikace sledovaná (ve vybraných městech),jízdní kolo,dobrý -žádné nepříznivé okolnosti nebyly zjiště,1,řidič,"s přilbou (pouze u motocyklistů, příp. cyklistů)",žena,lehké zranění,0,0,1,30,1240,12,září,pondělí,33-44,Brno-Židenice,16.6425687,49.20756035,{926C4E96-6720-4B22-8F0A-489B30F15752}
16.6215602890001,49.1987844330001,1180,1,1181,60206201570,-597136.813,-1160455.753,2020/09/08 00:00:00+00,2,2020,9,srážka s jedoucím nekolejovým vozidlem,"při zařazování do proudu jedoucích vozidel ze stanice, místa zastavení nebo stání",Ne,řidičem motorového vozidla,nehoda s následky na životě nebo zdraví,"povrch suchý, neznečistěný",neztížené,"ve dne, viditelnost nezhoršená vlivem povětrnostních podmínek",dobré,žádné nebo žádné z uvedených,komunikace sledovaná (ve vybraných městech),jízdní kolo,dobrý -žádné nepříznivé okolnosti nebyly zjiště,1,řidič,"bez přilby (pouze u motocyklistů, příp. cyklistů)",muž,lehké zranění,0,0,1,120,1735,17,září,úterý,33-44,Brno-střed,16.62156028,49.19878443,{F1367ACE-AE50-42DA-910C-FA76DF9932FE}
16.588578393,49.198921221,1181,1,1182,60206201595,-599524.752,-1160182.27,2020/09/11 00:00:00+00,5,2020,9,havárie,řidič se plně nevěnoval řízení vozidla,"Ano, obsah alkoholu v krvi od 1,0‰ do 1,5‰",řidičem nemotorového vozidla,nehoda s následky na životě nebo zdraví,"povrch suchý, neznečistěný",neztížené,"v noci - s veřejným osvětlením, viditelnost nezhoršená vlivem povětrnostních podmínek",dobré,"zastávka autobusu, trolejbusu, tramvaje s nástup. ostrůvkem",komunikace sledovaná (ve vybraných městech),jízdní kolo,pod vlivem alkoholu obsah alkoholu v krvi 1 ‰ a víc,1,řidič,"bez přilby (pouze u motocyklistů, příp. cyklistů)",muž,lehké zranění,0,0,1,10,2225,22,září,pátek,33-44,Brno-střed,16.58857838,49.19892122,{B536503C-4606-487D-80CA-D3401A2B233C}
16.5923237600001,49.22388527,1182,1,1183,60206201657,-598954.526,-1157451.706,2020/09/19 00:00:00+00,6,2020,9,havárie,řidič se plně nevěnoval řízení vozidla,"Ano, obsah alkoholu v krvi 1,5‰ a více",řidičem nemotorového vozidla,nehoda s následky na životě nebo zdraví,"povrch suchý, neznečistěný",neztížené,"v noci - s veřejným osvětlením, viditelnost nezhoršená vlivem povětrnostních podmínek",dobré,žádné nebo žádné z uvedených,uzel (křižovatka sledovaná ve vybraných městech),jízdní kolo,pod vlivem alkoholu obsah alkoholu v krvi 1 ‰ a víc,1,řidič,"bez přilby (pouze u motocyklistů, příp. cyklistů)",muž,lehké zranění,0,0,1,0,510,5,září,sobota,19-24,Brno-Královo Pole,16.59232375,49.22388527,{53CE62FC-2F69-402B-A686-54FD69677547}
16.626681198,49.2156580920001,1183,1,1184,60206201660,-596564.619,-1158630.179,2020/09/20 00:00:00+00,7,2020,9,havárie,"nepřizpůsobení rychlosti stavu vozovky (náledí, výtluky, bláto, mokrý povrch apod.)","Ano, obsah alkoholu v krvi 1,5‰ a více",řidičem nemotorového vozidla,nehoda s následky na životě nebo zdraví,povrch mokrý,"na počátku deště, slabý déšť, mrholení apod.","v noci - s veřejným osvětlením, viditelnost nezhoršená vlivem povětrnostních podmínek",dobré,žádné nebo žádné z uvedených,komunikace sledovaná (ve vybraných městech),jízdní kolo,pod vlivem alkoholu obsah alkoholu v krvi 1 ‰ a víc,1,řidič,"bez přilby (pouze u motocyklistů, příp. cyklistů)",žena,lehké zranění,0,0,1,10,225,2,září,neděle,19-24,Brno-sever,16.62668119,49.21565809,{5D92E930-0B33-4217-8AB7-68DBF9494CE6}
16.6688392880001,49.1831405450001,1184,1,1185,60206201669,-593896.74,-1162554.017,2020/09/21 00:00:00+00,1,2020,9,srážka s jedoucím nekolejovým vozidlem,proti příkazu dopravní značky DEJ PŘEDNOST,Ne,řidičem motorového vozidla,nehoda s následky na životě nebo zdraví,"povrch suchý, neznečistěný",neztížené,"ve dne, viditelnost nezhoršená vlivem povětrnostních podmínek",dobré,v blízkosti přechodu pro chodce (do vzdálenosti 20 m),uzel (křižovatka sledovaná ve vybraných městech),jízdní kolo,dobrý -žádné nepříznivé okolnosti nebyly zjiště,1,řidič,"s přilbou (pouze u motocyklistů, příp. cyklistů)",muž,lehké zranění,0,0,1,110,755,7,září,pondělí,45-60,Brno-Slatina,16.66883928,49.18314054,{28ED0303-FD35-4D74-BD20-45E47F104F4E}
16.5962062470001,49.2148127780001,1185,1,1186,60206201670,-598781.949,-1158485.18,2020/09/21 00:00:00+00,1,2020,9,srážka s jedoucím nekolejovým vozidlem,nedodržení bezpečné vzdálenosti za vozidlem,Ne,řidičem motorového vozidla,nehoda s následky na životě nebo zdraví,"povrch suchý, neznečistěný",neztížené,"ve dne, viditelnost nezhoršená vlivem povětrnostních podmínek",dobré,v blízkosti přechodu pro chodce (do vzdálenosti 20 m),komunikace sledovaná (ve vybraných městech),jízdní kolo,dobrý -žádné nepříznivé okolnosti nebyly zjiště,1,řidič,"bez přilby (pouze u motocyklistů, příp. cyklistů)",muž,lehké zranění,0,0,1,70,830,8,září,pondělí,19-24,Brno-Královo Pole,16.59620624,49.21481277,{474AAFA1-F9CE-4A15-8896-033DB5E4D753}
16.636464807,49.196019435,1186,1,1187,60206201760,-596089.851,-1160877.873,2020/10/03 00:00:00+00,6,2020,10,srážka s jedoucím nekolejovým vozidlem,proti příkazu dopravní značky DEJ PŘEDNOST,Ne,řidičem nemotorového vozidla,nehoda s následky na životě nebo zdraví,"povrch suchý, neznečistěný",neztížené,"v noci - s veřejným osvětlením, viditelnost nezhoršená vlivem povětrnostních podmínek",dobré,žádné nebo žádné z uvedených,komunikace místní,jízdní kolo,dobrý -žádné nepříznivé okolnosti nebyly zjiště,1,řidič,"s přilbou (pouze u motocyklistů, příp. cyklistů)",žena,lehké zranění,0,0,1,180,1954,19,říjen,sobota,33-44,Brno-Židenice,16.6364648,49.19601943,{99F34A7B-D38E-450F-A468-FD43B71DFE1F}
16.636464807,49.196019435,1187,1,1188,60206201760,-596089.851,-1160877.873,2020/10/03 00:00:00+00,6,2020,10,srážka s jedoucím nekolejovým vozidlem,proti příkazu dopravní značky DEJ PŘEDNOST,Ne,řidičem nemotorového vozidla,nehoda s následky na životě nebo zdraví,"povrch suchý, neznečistěný",neztížené,"v noci - s veřejným osvětlením, viditelnost nezhoršená vlivem povětrnostních podmínek",dobré,žádné nebo žádné z uvedených,komunikace místní,jízdní kolo,dobrý -žádné nepříznivé okolnosti nebyly zjiště,1,řidič,"bez přilby (pouze u motocyklistů, příp. cyklistů)",muž,bez zraněn,0,0,1,180,1954,19,říjen,sobota,24-32,Brno-Židenice,16.6364648,49.19601943,{C1F1401D-1964-4CFB-B119-2253AF66A93C}
16.60832635,49.199094759,1188,1,1189,60206201781,-598091.933,-1160317.902,2020/10/07 00:00:00+00,3,2020,10,srážka s jedoucím nekolejovým vozidlem,proti příkazu dopravní značky DEJ PŘEDNOST,Ne,řidičem nemotorového vozidla,nehoda s následky na životě nebo zdraví,"povrch suchý, neznečistěný",neztížené,"v noci - s veřejným osvětlením, viditelnost nezhoršená vlivem povětrnostních podmínek",dobré,v blízkosti přechodu pro chodce (do vzdálenosti 20 m),uzel (křižovatka sledovaná ve vybraných městech),jízdní kolo,dobrý -žádné nepříznivé okolnosti nebyly zjiště,1,řidič,"bez přilby (pouze u motocyklistů, příp. cyklistů)",žena,lehké zranění,0,0,1,40,2100,21,říjen,středa,24-32,Brno-střed,16.60832634,49.19909476,{3AFD6E2D-1570-4C81-A728-C2D72152155D}
16.642645144,49.215519703,1189,1,1190,60206201847,-595410.004,-1158770.037,2020/10/16 00:00:00+00,5,2020,10,havárie,jiný druh nesprávného způsobu jízdy,Ne,řidičem nemotorového vozidla,nehoda s následky na životě nebo zdraví,povrch mokrý,déšť,"ve dne, zhoršená viditelnost vlivem povětrnostních podmínek (mlha, sněžení, déšť apod.)",dobré,žádné nebo žádné z uvedených,komunikace sledovaná (ve vybraných městech),jízdní kolo,dobrý -žádné nepříznivé okolnosti nebyly zjiště,1,řidič,"s přilbou (pouze u motocyklistů, příp. cyklistů)",muž,lehké zranění,0,0,1,20,1625,16,říjen,pátek,45-60,Brno-Maloměřice a Obřany,16.64264514,49.2155197,{6FB3FE2F-96A5-40C1-AA7B-BF76B006E03B}
16.6424040900001,49.1902024610001,1190,1,1191,60206201873,-595728.714,-1161567.357,2020/10/21 00:00:00+00,3,2020,10,srážka s jedoucím nekolejovým vozidlem,řidič se plně nevěnoval řízení vozidla,Ne,řidičem nemotorového vozidla,nehoda s následky na životě nebo zdraví,"povrch suchý, neznečistěný",neztížené,"ve dne, viditelnost nezhoršená vlivem povětrnostních podmínek",dobré,žádné nebo žádné z uvedených,komunikace místní,jízdní kolo,dobrý -žádné nepříznivé okolnosti nebyly zjiště,1,řidič,"s přilbou (pouze u motocyklistů, příp. cyklistů)",muž,lehké zranění,0,0,1,120,1605,16,říjen,středa,45-60,Brno-Černovice,16.64240408,49.19020246,{416A60A8-E74F-42D5-ADEB-3B53A5A19A97}
16.6424040900001,49.1902024610001,1191,1,1192,60206201873,-595728.714,-1161567.357,2020/10/21 00:00:00+00,3,2020,10,srážka s jedoucím nekolejovým vozidlem,řidič se plně nevěnoval řízení vozidla,Ne,řidičem nemotorového vozidla,nehoda s následky na životě nebo zdraví,"povrch suchý, neznečistěný",neztížené,"ve dne, viditelnost nezhoršená vlivem povětrnostních podmínek",dobré,žádné nebo žádné z uvedených,komunikace místní,jízdní kolo,dobrý -žádné nepříznivé okolnosti nebyly zjiště,1,řidič,"s přilbou (pouze u motocyklistů, příp. cyklistů)",muž,bez zraněn,0,0,1,120,1605,16,říjen,středa,33-44,Brno-Černovice,16.64240408,49.19020246,{61B7FC6D-011A-4CCA-A87A-883FF93EAD2C}
16.623765667,49.1695369170001,1192,1,1193,60206201896,-597325.839,-1163706.646,2020/10/26 00:00:00+00,1,2020,10,havárie,"nepřizpůsobení rychlosti stavu vozovky (náledí, výtluky, bláto, mokrý povrch apod.)",Ne,řidičem nemotorového vozidla,nehoda s následky na životě nebo zdraví,"povrch suchý, znečistěný (písek, prach, listí, štěrk atd.)",neztížené,"ve dne, zhoršená viditelnost (svítání, soumrak)",dobré,žádné nebo žádné z uvedených,komunikace místní,jízdní kolo,dobrý -žádné nepříznivé okolnosti nebyly zjiště,1,řidič,"s přilbou (pouze u motocyklistů, příp. cyklistů)",muž,lehké zranění,0,0,1,10,620,6,říjen,pondělí,24-32,Brno-jih,16.62376566,49.16953691,{17310D44-BB51-442F-A6D4-19A57F51171E}
16.605625446,49.1826260130001,1193,1,1194,60206201913,-598484.463,-1162117.517,2020/10/28 00:00:00+00,3,2020,10,jiný druh nehody,řidič se plně nevěnoval řízení vozidla,Nezjišťován,řidičem nemotorového vozidla,nehoda s následky na životě nebo zdraví,"povrch suchý, neznečistěný",neztížené,"ve dne, viditelnost nezhoršená vlivem povětrnostních podmínek",dobré,"most, nadjezd, podjezd, tunel",komunikace místní,jízdní kolo,dobrý -žádné nepříznivé okolnosti nebyly zjiště,1,řidič,"bez přilby (pouze u motocyklistů, příp. cyklistů)",muž,lehké zranění,0,0,1,20,1415,14,říjen,středa,33-44,Brno-střed,16.60562544,49.18262601,{1E6653DE-155E-4292-82F0-459304856D5F}
16.5753117740001,49.1688490220001,1194,1,1195,60206201915,-600846.678,-1163402.657,2020/10/29 00:00:00+00,4,2020,10,havárie,"nepřizpůsobení rychlosti stavu vozovky (náledí, výtluky, bláto, mokrý povrch apod.)",Ne,řidičem nemotorového vozidla,nehoda s následky na životě nebo zdraví,povrch mokrý,"na počátku deště, slabý déšť, mrholení apod.","ve dne, viditelnost nezhoršená vlivem povětrnostních podmínek",dobré,přechod pro chodce,komunikace sledovaná (ve vybraných městech),jízdní kolo,dobrý -žádné nepříznivé okolnosti nebyly zjiště,1,řidič,"s přilbou (pouze u motocyklistů, příp. cyklistů)",muž,lehké zranění,0,0,1,0,740,7,říjen,čtvrtek,19-24,Brno-Bohunice,16.57531177,49.16884902,{316C545C-6F59-4164-91D3-B5CF4E3E8DB7}
16.6236414740001,49.2023385470001,1195,1,1196,60206201946,-596943.637,-1160079.071,2020/11/03 00:00:00+00,2,2020,11,srážka s chodcem,nepřizpůsobení rychlosti vlastnostem vozidla a nákladu,Ne,řidičem nemotorového vozidla,nehoda s následky na životě nebo zdraví,"povrch suchý, neznečistěný",neztížené,"ve dne, viditelnost nezhoršená vlivem povětrnostních podmínek",dobré,žádné nebo žádné z uvedených,komunikace sledovaná (ve vybraných městech),jízdní kolo,dobrý -žádné nepříznivé okolnosti nebyly zjiště,1,řidič,"s přilbou (pouze u motocyklistů, příp. cyklistů)",muž,lehké zranění,0,1,1,80,1250,12,listopad,úterý,19-24,Brno-sever,16.62364147,49.20233854,{4B3AA5C7-8139-4547-9DCB-015A99A932C4}
16.6917421900001,49.16644389,1196,1,1197,60206202016,-592434.165,-1164578.015,2020/11/16 00:00:00+00,1,2020,11,srážka s jedoucím nekolejovým vozidlem,proti příkazu dopravní značky DEJ PŘEDNOST,Ne,řidičem motorového vozidla,nehoda s následky na životě nebo zdraví,povrch mokrý,"na počátku deště, slabý déšť, mrholení apod.","v noci - bez veřejného osvětlení, viditelnost nezhoršená vlivem povětrnostních podmínek",dobré,žádné nebo žádné z uvedených,uzel (křižovatka sledovaná ve vybraných městech),jízdní kolo,dobrý -žádné nepříznivé okolnosti nebyly zjiště,1,řidič,"s přilbou (pouze u motocyklistů, příp. cyklistů)",muž,lehké zranění,0,0,1,210,545,5,listopad,pondělí,45-60,Brno-Slatina,16.69174218,49.16644389,{24CD6C74-F6E5-4594-82BC-16A2A3DEA0B0}
16.605624791,49.2069691930001,1197,1,1198,60206202026,-598193.542,-1159426.154,2020/11/17 00:00:00+00,2,2020,11,srážka s jedoucím nekolejovým vozidlem,při odbočování vlevo,Ne,řidičem motorového vozidla,nehoda s následky na životě nebo zdraví,"povrch suchý, neznečistěný",neztížené,"ve dne, viditelnost nezhoršená vlivem povětrnostních podmínek",dobré,v blízkosti přechodu pro chodce (do vzdálenosti 20 m),uzel (křižovatka sledovaná ve vybraných městech),jízdní kolo,"pod vlivem alkoholu, obsah alkoholu v krvi do 0,99 ‰",1,řidič,"s přilbou (pouze u motocyklistů, příp. cyklistů)",muž,lehké zranění,0,0,1,700,1302,13,listopad,úterý,45-60,Brno-střed,16.60562478,49.20696919,{A28B5601-7A23-4ECD-96AF-9C412F959CBE}
16.576422214,49.21302516,1198,1,1199,60206202096,-600236.267,-1158527.528,2020/11/26 00:00:00+00,4,2020,11,"srážka s vozidlem zaparkovaným, odstaveným",nepřizpůsobení rychlosti vlastnostem vozidla a nákladu,"Ano, obsah alkoholu v krvi 1,5‰ a více",řidičem nemotorového vozidla,nehoda s následky na životě nebo zdraví,"povrch suchý, neznečistěný",neztížené,"v noci - s veřejným osvětlením, viditelnost nezhoršená vlivem povětrnostních podmínek",dobré,parkoviště přiléhající ke komunikaci,komunikace sledovaná (ve vybraných městech),jízdní kolo,pod vlivem alkoholu obsah alkoholu v krvi 1 ‰ a víc,0,řidič,"bez přilby (pouze u motocyklistů, příp. cyklistů)",muž,lehké zranění,0,0,1,150,2210,22,listopad,čtvrtek,24-32,Brno-Žabovřesky,16.57642221,49.21302516,{51FF4C92-B4C7-4BAB-A655-AAE8F39D7EFC}
16.6083177850001,49.188922265,1199,1,1200,60206202101,-598214.103,-1161442.5,2020/11/27 00:00:00+00,5,2020,11,srážka s jedoucím nekolejovým vozidlem,při odbočování vlevo,Ne,řidičem motorového vozidla,nehoda s následky na životě nebo zdraví,"povrch suchý, neznečistěný",neztížené,"ve dne, viditelnost nezhoršená vlivem povětrnostních podmínek",dobré,žádné nebo žádné z uvedených,uzel (křižovatka sledovaná ve vybraných městech),jízdní kolo,dobrý -žádné nepříznivé okolnosti nebyly zjiště,1,řidič,"s přilbou (pouze u motocyklistů, příp. cyklistů)",žena,lehké zranění,0,0,1,300,1227,12,listopad,pátek,24-32,Brno-střed,16.60831778,49.18892226,{BF5EFD96-C025-485A-8A70-394A1101436F}
16.6443179410001,49.229950294,1200,1,1201,60206210052,-595117.172,-1157187.548,2021/01/14 00:00:00+00,4,2021,1,srážka s jedoucím nekolejovým vozidlem,"jízda po nesprávné straně vozovky, vjetí do protisměru","Ano, obsah alkoholu v krvi 1,5‰ a více",řidičem nemotorového vozidla,nehoda s následky na životě nebo zdraví,povrch mokrý,neztížené,"ve dne, zhoršená viditelnost (svítání, soumrak)",dobré,žádné nebo žádné z uvedených,komunikace místní,jízdní kolo,pod vlivem alkoholu obsah alkoholu v krvi 1 ‰ a víc,1,řidič,"bez přilby (pouze u motocyklistů, příp. cyklistů)",muž,lehké zranění,0,0,1,120,1640,16,leden,čtvrtek,33-44,Brno-Maloměřice a Obřany,16.64431793,49.22995029,{0961DDAD-5158-4FDA-BC4F-AF19FFAA490B}
16.6587095420001,49.2053678660001,1201,1,1202,60206210313,-594366.992,-1160017.596,2021/03/13 00:00:00+00,6,2021,3,jiný druh nehody,řidič se plně nevěnoval řízení vozidla,Ne,řidičem motorového vozidla,nehoda s následky na životě nebo zdraví,"povrch suchý, neznečistěný",neztížené,"ve dne, viditelnost nezhoršená vlivem povětrnostních podmínek",dobré,přechod pro chodce,komunikace místní,jízdní kolo,dobrý -žádné nepříznivé okolnosti nebyly zjiště,1,řidič,"s přilbou (pouze u motocyklistů, příp. cyklistů)",chlapec (do 15 let),lehké zranění,0,0,1,370,1446,14,březen,sobota,12-15,Brno-Vinohrady,16.65870953,49.20536786,{EC3C73FA-8869-4987-B16B-D5CD82137B3C}
16.5180253500001,49.2305573150001,1202,1,1203,60206210385,-604253.818,-1156128.875,2021/03/29 00:00:00+00,1,2021,3,havárie,nezvládnutí řízení vozidla,"Ano, obsah alkoholu v krvi 1,5‰ a více",řidičem nemotorového vozidla,nehoda s následky na životě nebo zdraví,"povrch suchý, neznečistěný","na počátku deště, slabý déšť, mrholení apod.","ve dne, viditelnost nezhoršená vlivem povětrnostních podmínek",dobré,žádné nebo žádné z uvedených,komunikace místní,jízdní kolo,pod vlivem alkoholu obsah alkoholu v krvi 1 ‰ a víc,1,řidič,"bez přilby (pouze u motocyklistů, příp. cyklistů)",muž,lehké zranění,0,0,1,20,1855,18,březen,pondělí,24-32,Brno-Bystrc,16.51802534,49.23055731,{6F17A9AA-9437-420A-9F52-A9AC91065613}
16.6602137140001,49.20800318,1203,1,1204,60206210402,-594226.73,-1159737.918,2021/04/02 00:00:00+00,5,2021,4,srážka s jedoucím nekolejovým vozidlem,řidič se plně nevěnoval řízení vozidla,Ne,řidičem nemotorového vozidla,nehoda s následky na životě nebo zdraví,"povrch suchý, neznečistěný",neztížené,"ve dne, viditelnost nezhoršená vlivem povětrnostních podmínek",dobré,přechod pro chodce,komunikace místní,jízdní kolo,jiný nepříznivý sta,1,řidič,"bez přilby (pouze u motocyklistů, příp. cyklistů)",chlapec (do 15 let),lehké zranění,0,0,1,110,1050,10,duben,pátek,7-11,Brno-Vinohrady,16.66021371,49.20800318,{FEB3BC62-CE89-49A4-BF1E-A19DFE163FFE}
16.5374051900001,49.1742962100001,1204,1,1205,60206210411,-603528.871,-1162501.596,2021/04/06 00:00:00+00,2,2021,4,srážka s jedoucím nekolejovým vozidlem,jiné nedání přednosti,Ne,řidičem motorového vozidla,nehoda pouze s hmotnou škodou,"povrch suchý, neznečistěný",neztížené,"ve dne, viditelnost nezhoršená vlivem povětrnostních podmínek",dobré,žádné nebo žádné z uvedených,komunikace sledovaná (ve vybraných městech),jízdní kolo,dobrý -žádné nepříznivé okolnosti nebyly zjiště,1,řidič,"s přilbou (pouze u motocyklistů, příp. cyklistů)",muž,bez zraněn,0,0,0,200,1440,14,duben,úterý,61-70,Brno-Bosonohy,16.53740518,49.17429621,{291FBB94-789E-4F3A-97F9-8D37168A5D19}
16.620015333,49.145052659,1205,1,1206,60206210423,-597889.859,-1166384.307,2021/04/09 00:00:00+00,5,2021,4,srážka s jedoucím nekolejovým vozidlem,řidič se plně nevěnoval řízení vozidla,Ne,řidičem nemotorového vozidla,nehoda s následky na životě nebo zdraví,"povrch suchý, neznečistěný",neztížené,"ve dne, viditelnost nezhoršená vlivem povětrnostních podmínek",dobré,žádné nebo žádné z uvedených,komunikace sledovaná (ve vybraných městech),jízdní kolo,dobrý -žádné nepříznivé okolnosti nebyly zjiště,1,řidič,"s přilbou (pouze u motocyklistů, příp. cyklistů)",muž,lehké zranění,0,0,1,320,1625,16,duben,pátek,33-44,Brno-jih,16.62001532,49.14505266,{52422388-20D1-4911-AD5A-5A04998C4EE0}