X,Y,objectid,join_count,target_fid,id,d,e,datum,den,rok,mesic,srazka,pricina,alkohol,zavineni,nasledky,stav_vozovky,povetrnostni_podm,viditelnost,rozhled,misto_nehody,druh_komun,druh_vozidla,stav_ridic,ovlivneni_ridice,osoba,ozn_osoba,pohlavi,nasledek,usmrceno_os,tezce_zran_os,lehce_zran_os,hmotna_skoda,cas,hodina,mesic_t,den_v_tydnu,vek_skupina,nazev,point_x,point_y,globalid
16.6508130080001,49.1953915760001,1206,1,1207,60206210432,-595057.655,-1161059.164,2021/04/12 00:00:00+00,1,2021,4,srážka s jedoucím nekolejovým vozidlem,proti příkazu dopravní značky DEJ PŘEDNOST,Nezjišťován,řidičem motorového vozidla,nehoda pouze s hmotnou škodou,"povrch suchý, neznečistěný",neztížené,"v noci - s veřejným osvětlením, viditelnost nezhoršená vlivem povětrnostních podmínek",dobré,žádné nebo žádné z uvedených,uzel (křižovatka sledovaná ve vybraných městech),jízdní kolo,dobrý -žádné nepříznivé okolnosti nebyly zjiště,1,řidič,"bez přilby (pouze u motocyklistů, příp. cyklistů)",muž,bez zraněn,0,0,0,40,508,5,duben,pondělí,19-24,Brno-Židenice,16.650813,49.19539157,{E4527456-275B-406A-A6AF-039D4E278432}
16.621134671,49.223884587,1207,1,1208,60206210433,-596868.202,-1157677.309,2021/04/12 00:00:00+00,1,2021,4,srážka s jedoucím nekolejovým vozidlem,řidič se plně nevěnoval řízení vozidla,Ne,řidičem motorového vozidla,nehoda s následky na životě nebo zdraví,"povrch suchý, neznečistěný",neztížené,"ve dne, viditelnost nezhoršená vlivem povětrnostních podmínek",dobré,žádné nebo žádné z uvedených,komunikace sledovaná (ve vybraných městech),jízdní kolo,"pod vlivem alkoholu, obsah alkoholu v krvi do 0,99 ‰",1,řidič,"bez přilby (pouze u motocyklistů, příp. cyklistů)",muž,lehké zranění,0,0,1,110,845,8,duben,pondělí,24-32,Brno-sever,16.62113466,49.22388458,{90A45C56-16A1-4619-A664-DBCF5A8CB9E8}
16.6437604120001,49.2204839010001,1208,1,1209,60206210442,-595270.165,-1158229.861,2021/04/12 00:00:00+00,1,2021,4,havárie,řidič se plně nevěnoval řízení vozidla,Ne,řidičem nemotorového vozidla,nehoda s následky na životě nebo zdraví,"povrch suchý, neznečistěný",neztížené,"ve dne, viditelnost nezhoršená vlivem povětrnostních podmínek",dobré,žádné nebo žádné z uvedených,komunikace sledovaná (ve vybraných městech),jízdní kolo,dobrý -žádné nepříznivé okolnosti nebyly zjiště,1,řidič,"s přilbou (pouze u motocyklistů, příp. cyklistů)",muž,lehké zranění,0,0,1,30,1622,16,duben,pondělí,71 a více,Brno-Maloměřice a Obřany,16.6437604,49.2204839,{86CF7802-999D-4641-A854-B5D7D9010631}
16.587138424,49.1993132700001,1209,1,1210,60206210445,-599624.38,-1160127.623,2021/04/13 00:00:00+00,2,2021,4,havárie,"nepřizpůsobení rychlosti stavu vozovky (náledí, výtluky, bláto, mokrý povrch apod.)",Ne,řidičem nemotorového vozidla,nehoda s následky na životě nebo zdraví,povrch mokrý,"na počátku deště, slabý déšť, mrholení apod.","ve dne, viditelnost nezhoršená vlivem povětrnostních podmínek",dobré,parkoviště přiléhající ke komunikaci,komunikace sledovaná (ve vybraných městech),jízdní kolo,dobrý -žádné nepříznivé okolnosti nebyly zjiště,1,řidič,"s přilbou (pouze u motocyklistů, příp. cyklistů)",muž,lehké zranění,0,0,1,50,955,9,duben,úterý,45-60,Brno-střed,16.58713842,49.19931327,{A055A0EC-CABA-41D3-B1E9-E05EEE7D0186}
16.642600155,49.197620881,1210,1,1211,60206210470,-595626.236,-1160748.67,2021/04/19 00:00:00+00,1,2021,4,srážka s jedoucím nekolejovým vozidlem,vozidlu přijíždějícímu zprava,Ne,řidičem motorového vozidla,nehoda s následky na životě nebo zdraví,"povrch suchý, neznečistěný",neztížené,"ve dne, zhoršená viditelnost (svítání, soumrak)",dobré,parkoviště přiléhající ke komunikaci,komunikace místní,jízdní kolo,dobrý -žádné nepříznivé okolnosti nebyly zjiště,1,řidič,"bez přilby (pouze u motocyklistů, příp. cyklistů)",muž,lehké zranění,0,0,1,60,550,5,duben,pondělí,24-32,Brno-Židenice,16.64260015,49.19762088,{F59DCAD8-5F74-4EA5-BC24-864D47BBDE0A}
16.5973846900001,49.18653441,1211,1,1212,60206210486,-599034.944,-1161620.812,2021/04/20 00:00:00+00,2,2021,4,srážka s jedoucím nekolejovým vozidlem,při odbočování vlevo,Nezjišťován,řidičem nemotorového vozidla,nehoda pouze s hmotnou škodou,"povrch suchý, neznečistěný",neztížené,"ve dne, viditelnost nezhoršená vlivem povětrnostních podmínek",dobré,v blízkosti přechodu pro chodce (do vzdálenosti 20 m),komunikace sledovaná (ve vybraných městech),jízdní kolo,dobrý -žádné nepříznivé okolnosti nebyly zjiště,1,řidič,"bez přilby (pouze u motocyklistů, příp. cyklistů)",muž,bez zraněn,0,0,0,100,1600,16,duben,úterý,45-60,Brno-střed,16.59738468,49.18653441,{2EDA0156-6BCC-4504-B566-3D6E1632BCB1}
16.5844105100001,49.200641396,1212,1,1213,60206210488,-599806.097,-1159959.372,2021/04/21 00:00:00+00,3,2021,4,havárie,řidič se plně nevěnoval řízení vozidla,Ne,řidičem nemotorového vozidla,nehoda s následky na životě nebo zdraví,"povrch suchý, neznečistěný",neztížené,"ve dne, viditelnost nezhoršená vlivem povětrnostních podmínek",dobré,žádné nebo žádné z uvedených,komunikace sledovaná (ve vybraných městech),jízdní kolo,dobrý -žádné nepříznivé okolnosti nebyly zjiště,1,řidič,"bez přilby (pouze u motocyklistů, příp. cyklistů)",žena,lehké zranění,0,0,1,20,745,7,duben,středa,33-44,Brno-střed,16.5844105,49.20064139,{FCC48125-80E8-40EE-8F02-5D0FA66CB7A3}
16.5895617850001,49.187815658,1213,1,1214,60206210497,-599586.509,-1161417.78,2021/04/22 00:00:00+00,4,2021,4,srážka s jedoucím nekolejovým vozidlem,při vjíždění na silnici,Ne,řidičem motorového vozidla,nehoda s následky na životě nebo zdraví,"povrch suchý, neznečistěný",neztížené,"ve dne, viditelnost nezhoršená vlivem povětrnostních podmínek",dobré,"výjezd z parkoviště, lesní cesty apod. (pol.36=7,8)",komunikace místní,jízdní kolo,dobrý -žádné nepříznivé okolnosti nebyly zjiště,1,řidič,"bez přilby (pouze u motocyklistů, příp. cyklistů)",žena,těžké zranění,0,1,0,20,1515,15,duben,čtvrtek,71 a více,Brno-střed,16.58956178,49.18781565,{6B47D919-F0D5-406F-8F0F-0E9270BF19C1}
16.635265922,49.1928438210001,1214,1,1215,60206210569,-596214.54,-1161219.624,2021/05/05 00:00:00+00,3,2021,5,havárie,řidič se plně nevěnoval řízení vozidla,Ne,řidičem nemotorového vozidla,nehoda s následky na životě nebo zdraví,"povrch suchý, neznečistěný",neztížené,"ve dne, viditelnost nezhoršená vlivem povětrnostních podmínek",dobré,v blízkosti přechodu pro chodce (do vzdálenosti 20 m),komunikace sledovaná (ve vybraných městech),jízdní kolo,dobrý -žádné nepříznivé okolnosti nebyly zjiště,1,řidič,"bez přilby (pouze u motocyklistů, příp. cyklistů)",žena,lehké zranění,0,0,1,0,715,7,květen,středa,19-24,Brno-Židenice,16.63526591,49.19284382,{570C49F2-E2A3-44F8-9F41-1DB2DF86EB9D}
16.603907067,49.1938706110001,1215,1,1216,60206210589,-598474.57,-1160860.864,2021/05/06 00:00:00+00,4,2021,5,havárie,nepřizpůsobení rychlosti vlastnostem vozidla a nákladu,"Ano, obsah alkoholu v krvi od 1,0‰ do 1,5‰",řidičem nemotorového vozidla,nehoda s následky na životě nebo zdraví,"povrch suchý, neznečistěný",neztížené,"ve dne, viditelnost nezhoršená vlivem povětrnostních podmínek",dobré,žádné nebo žádné z uvedených,komunikace místní,jízdní kolo,pod vlivem alkoholu obsah alkoholu v krvi 1 ‰ a víc,1,řidič,"bez přilby (pouze u motocyklistů, příp. cyklistů)",muž,lehké zranění,0,0,1,5,1840,18,květen,čtvrtek,24-32,Brno-střed,16.60390706,49.19387061,{B4BFBCEB-E6A8-46EE-9F86-4AD9882143A1}
16.6079644000001,49.218199645,1216,1,1217,60206210598,-597889.865,-1158202.839,2021/05/08 00:00:00+00,6,2021,5,havárie,"nepřizpůsobení rychlosti dopravně technickému stavu vozovky (zatáčka, klesání, stoupání, šířka vozovky apod.)",Ne,řidičem nemotorového vozidla,nehoda s následky na životě nebo zdraví,"povrch suchý, neznečistěný",neztížené,"ve dne, viditelnost nezhoršená vlivem povětrnostních podmínek",dobré,žádné nebo žádné z uvedených,komunikace místní,jízdní kolo,dobrý -žádné nepříznivé okolnosti nebyly zjiště,1,řidič,"s přilbou (pouze u motocyklistů, příp. cyklistů)",žena,lehké zranění,0,0,1,10,1450,14,květen,sobota,45-60,Brno-Královo Pole,16.60796439,49.21819964,{DBF13282-513B-4057-90D5-A1E611F4232E}
16.582029316,49.2151621290001,1217,1,1218,60206210609,-599804.541,-1158335.323,2021/05/10 00:00:00+00,1,2021,5,havárie,řidič se plně nevěnoval řízení vozidla,"Ano, obsah alkoholu v krvi 1,5‰ a více",řidičem nemotorového vozidla,nehoda s následky na životě nebo zdraví,"povrch suchý, neznečistěný",neztížené,"ve dne, viditelnost nezhoršená vlivem povětrnostních podmínek",dobré,žádné nebo žádné z uvedených,komunikace místní,jízdní kolo,pod vlivem alkoholu obsah alkoholu v krvi 1 ‰ a víc,1,řidič,"bez přilby (pouze u motocyklistů, příp. cyklistů)",muž,lehké zranění,0,0,1,10,1520,15,květen,pondělí,71 a více,Brno-Žabovřesky,16.58202931,49.21516213,{AF4DE023-6ED0-4E71-9532-094B32ECE7E5}
16.608437543,49.2570712290001,1218,1,1219,60206210638,-597391.131,-1153908.892,2021/05/14 00:00:00+00,5,2021,5,srážka s chodcem,"nepřizpůsobení rychlosti dopravně technickému stavu vozovky (zatáčka, klesání, stoupání, šířka vozovky apod.)",Ne,řidičem nemotorového vozidla,nehoda s následky na životě nebo zdraví,povrch mokrý,neztížené,"ve dne, viditelnost nezhoršená vlivem povětrnostních podmínek",dobré,žádné nebo žádné z uvedených,komunikace účelová - polní a lesní cesty atd.,jízdní kolo,dobrý -žádné nepříznivé okolnosti nebyly zjiště,1,řidič,"s přilbou (pouze u motocyklistů, příp. cyklistů)",muž,bez zraněn,0,0,1,10,1940,19,květen,pátek,19-24,Brno-Řečkovice a Mokrá Hora,16.60843753,49.25707123,{EC792FBE-A56B-4B0C-AA0C-4C07D1C8A8DA}
16.6803960820001,49.180243127,1219,1,1220,60206210648,-593093.405,-1162964.173,2021/05/16 00:00:00+00,7,2021,5,havárie,řidič se plně nevěnoval řízení vozidla,"Ano, obsah alkoholu v krvi od 0,5‰ do 0,8‰",řidičem nemotorového vozidla,nehoda s následky na životě nebo zdraví,"povrch suchý, neznečistěný",neztížené,"ve dne, viditelnost nezhoršená vlivem povětrnostních podmínek",dobré,v blízkosti přechodu pro chodce (do vzdálenosti 20 m),komunikace sledovaná (ve vybraných městech),jízdní kolo,"pod vlivem alkoholu, obsah alkoholu v krvi do 0,99 ‰",1,řidič,"bez přilby (pouze u motocyklistů, příp. cyklistů)",žena,lehké zranění,0,0,1,10,1845,18,květen,neděle,24-32,Brno-Slatina,16.68039607,49.18024312,{9CD954A1-2A4F-4A08-9090-EB10AB3F323B}
16.6489238550001,49.2287721340001,1220,1,1221,60206210662,-594797.666,-1157353.687,2021/05/18 00:00:00+00,2,2021,5,srážka s jedoucím nekolejovým vozidlem,proti příkazu dopravní značky DEJ PŘEDNOST,Nezjišťován,řidičem nemotorového vozidla,nehoda s následky na životě nebo zdraví,"povrch suchý, neznečistěný",neztížené,"ve dne, viditelnost nezhoršená vlivem povětrnostních podmínek",dobré,žádné nebo žádné z uvedených,komunikace sledovaná (ve vybraných městech),jízdní kolo,dobrý -žádné nepříznivé okolnosti nebyly zjiště,1,řidič,"s přilbou (pouze u motocyklistů, příp. cyklistů)",chlapec (do 15 let),bez zraněn,0,0,1,10,1859,18,květen,úterý,12-15,Brno-Maloměřice a Obřany,16.64892385,49.22877213,{41D4C83C-C671-4A12-8DA3-231B221932E8}
16.6489238550001,49.2287721340001,1221,1,1222,60206210662,-594797.666,-1157353.687,2021/05/18 00:00:00+00,2,2021,5,srážka s jedoucím nekolejovým vozidlem,proti příkazu dopravní značky DEJ PŘEDNOST,Nezjišťován,řidičem nemotorového vozidla,nehoda s následky na životě nebo zdraví,"povrch suchý, neznečistěný",neztížené,"ve dne, viditelnost nezhoršená vlivem povětrnostních podmínek",dobré,žádné nebo žádné z uvedených,komunikace sledovaná (ve vybraných městech),jízdní kolo,dobrý -žádné nepříznivé okolnosti nebyly zjiště,1,řidič,"s přilbou (pouze u motocyklistů, příp. cyklistů)",dívka (do 15 let),lehké zranění,0,0,1,10,1859,18,květen,úterý,7-11,Brno-Maloměřice a Obřany,16.64892385,49.22877213,{99D74968-D7E2-4635-B3D3-CBF563D7507B}
16.6489238550001,49.2287721340001,1222,1,1223,60206210662,-594797.666,-1157353.687,2021/05/18 00:00:00+00,2,2021,5,srážka s jedoucím nekolejovým vozidlem,proti příkazu dopravní značky DEJ PŘEDNOST,Nezjišťován,řidičem nemotorového vozidla,nehoda s následky na životě nebo zdraví,"povrch suchý, neznečistěný",neztížené,"ve dne, viditelnost nezhoršená vlivem povětrnostních podmínek",dobré,žádné nebo žádné z uvedených,komunikace sledovaná (ve vybraných městech),jízdní kolo,dobrý -žádné nepříznivé okolnosti nebyly zjiště,1,řidič,"s přilbou (pouze u motocyklistů, příp. cyklistů)",muž,bez zraněn,0,0,1,10,1859,18,květen,úterý,33-44,Brno-Maloměřice a Obřany,16.64892385,49.22877213,{EB7730F7-70AB-4AAE-834A-CEE1C96ECBE4}
16.613727512,49.2023067810001,1223,1,1224,60206210694,-597662.257,-1160005.058,2021/05/22 00:00:00+00,6,2021,5,srážka s pevnou překážkou,řidič se plně nevěnoval řízení vozidla,"Ano, obsah alkoholu v krvi 1,5‰ a více",řidičem nemotorového vozidla,nehoda s následky na životě nebo zdraví,povrch mokrý,"na počátku deště, slabý déšť, mrholení apod.","v noci - s veřejným osvětlením, zhoršená viditelnost vlivem povětrnostních podmínek (mlha, déšť, sněžení apod.)",dobré,"zastávka tramvaje, autobusu, trolejbusu bez nástup. ostrůvku",komunikace sledovaná (ve vybraných městech),jízdní kolo,pod vlivem alkoholu obsah alkoholu v krvi 1 ‰ a víc,1,řidič,"bez přilby (pouze u motocyklistů, příp. cyklistů)",muž,lehké zranění,0,0,1,50,315,3,květen,sobota,24-32,Brno-střed,16.6137275,49.20230678,{66C75B7F-F171-4615-A5A0-535C2AEA4FC6}
16.6148329170001,49.191709249,1224,1,1225,60206210713,-597708.701,-1161185.375,2021/05/25 00:00:00+00,2,2021,5,srážka s tramvají,řidič se plně nevěnoval řízení vozidla,"Ano, obsah alkoholu v krvi 1,5‰ a více",řidičem nemotorového vozidla,nehoda s následky na životě nebo zdraví,"povrch suchý, neznečistěný",neztížené,"ve dne, viditelnost nezhoršená vlivem povětrnostních podmínek",dobré,v blízkosti přechodu pro chodce (do vzdálenosti 20 m),komunikace sledovaná (ve vybraných městech),jízdní kolo,pod vlivem alkoholu obsah alkoholu v krvi 1 ‰ a víc,1,řidič,"bez přilby (pouze u motocyklistů, příp. cyklistů)",muž,lehké zranění,0,0,1,0,1255,12,květen,úterý,61-70,Brno-střed,16.61483291,49.19170925,{608A17BA-5706-475E-BF21-9EC7FA2AB1EB}
16.6138389830001,49.1929093360001,1225,1,1226,60206210750,-597766.394,-1161044.915,2021/05/29 00:00:00+00,6,2021,5,havárie,řidič se plně nevěnoval řízení vozidla,"Ano, obsah alkoholu v krvi 1,5‰ a více",řidičem nemotorového vozidla,nehoda s následky na životě nebo zdraví,"povrch suchý, neznečistěný",neztížené,"ve dne, viditelnost nezhoršená vlivem povětrnostních podmínek",dobré,žádné nebo žádné z uvedených,komunikace sledovaná (ve vybraných městech),jízdní kolo,pod vlivem alkoholu obsah alkoholu v krvi 1 ‰ a víc,1,řidič,"bez přilby (pouze u motocyklistů, příp. cyklistů)",muž,lehké zranění,0,0,1,0,2035,20,květen,sobota,33-44,Brno-střed,16.61383897,49.19290933,{5F2884DF-6FD8-4614-B0D2-B8C605C173FA}
16.592029935,49.1907507380001,1226,1,1227,60206210761,-599372.512,-1161112.659,2021/06/01 00:00:00+00,2,2021,6,srážka s jedoucím nekolejovým vozidlem,při otáčení nebo couvání,Ne,řidičem motorového vozidla,nehoda s následky na životě nebo zdraví,"povrch suchý, neznečistěný",neztížené,"ve dne, viditelnost nezhoršená vlivem povětrnostních podmínek",dobré,žádné nebo žádné z uvedených,komunikace sledovaná (ve vybraných městech),jízdní kolo,dobrý -žádné nepříznivé okolnosti nebyly zjiště,1,řidič,"s přilbou (pouze u motocyklistů, příp. cyklistů)",muž,lehké zranění,0,0,1,150,1619,16,červen,úterý,61-70,Brno-střed,16.59202993,49.19075073,{E09885B0-2E24-47DA-97C4-9C76D8AAE3A0}
16.6244100380001,49.2126040110001,1227,1,1228,60206210764,-596765.537,-1158950.105,2021/06/02 00:00:00+00,3,2021,6,srážka s jedoucím nekolejovým vozidlem,"bezohledná, agresivní, neohleduplná jízda",Ne,řidičem nemotorového vozidla,nehoda s následky na životě nebo zdraví,"povrch suchý, neznečistěný",neztížené,"ve dne, viditelnost nezhoršená vlivem povětrnostních podmínek",dobré,žádné nebo žádné z uvedených,komunikace místní,jízdní kolo,dobrý -žádné nepříznivé okolnosti nebyly zjiště,1,řidič,"bez přilby (pouze u motocyklistů, příp. cyklistů)",dívka (do 15 let),lehké zranění,0,0,1,510,1350,13,červen,středa,12-15,Brno-sever,16.62441003,49.21260401,{62CCDF35-0455-4184-B2F0-A6D589B251EA}
16.628687148,49.2329577940001,1228,1,1229,60206210777,-596213.133,-1156733.134,2021/06/03 00:00:00+00,4,2021,6,havárie,řidič se plně nevěnoval řízení vozidla,"Ano, obsah alkoholu v krvi do 0,24 ‰",řidičem nemotorového vozidla,nehoda s následky na životě nebo zdraví,"povrch suchý, neznečistěný",neztížené,"ve dne, viditelnost nezhoršená vlivem povětrnostních podmínek",dobré,žádné nebo žádné z uvedených,komunikace místní,jízdní kolo,"pod vlivem alkoholu, obsah alkoholu v krvi do 0,99 ‰",1,řidič,"s přilbou (pouze u motocyklistů, příp. cyklistů)",žena,lehké zranění,0,0,1,10,1920,19,červen,čtvrtek,45-60,Brno-sever,16.62868714,49.23295779,{84A5C5B5-FADB-489B-9394-A92C8F757D2B}
16.588766643,49.185351553,1229,1,1230,60206210790,-599673.643,-1161683.96,2021/06/05 00:00:00+00,6,2021,6,havárie,nepřizpůsobení rychlosti vlastnostem vozidla a nákladu,Ne,řidičem nemotorového vozidla,nehoda s následky na životě nebo zdraví,"povrch suchý, neznečistěný",neztížené,"ve dne, viditelnost nezhoršená vlivem povětrnostních podmínek",dobré,žádné nebo žádné z uvedených,komunikace místní,jízdní kolo,dobrý -žádné nepříznivé okolnosti nebyly zjiště,1,řidič,"s přilbou (pouze u motocyklistů, příp. cyklistů)",muž,lehké zranění,0,0,1,30,1205,12,červen,sobota,33-44,Brno-střed,16.58876663,49.18535155,{C937E465-82C2-465E-B49F-C7A4FED79B60}
16.56390085,49.1695703300001,1230,1,1231,60206210791,-601665.205,-1163233.087,2021/06/05 00:00:00+00,6,2021,6,havárie,řidič se plně nevěnoval řízení vozidla,Ne,řidičem nemotorového vozidla,nehoda s následky na životě nebo zdraví,"povrch suchý, neznečistěný",neztížené,"ve dne, viditelnost nezhoršená vlivem povětrnostních podmínek",dobré,žádné nebo žádné z uvedených,komunikace místní,jízdní kolo,dobrý -žádné nepříznivé okolnosti nebyly zjiště,1,řidič,"s přilbou (pouze u motocyklistů, příp. cyklistů)",žena,lehké zranění,0,0,1,0,1403,14,červen,sobota,45-60,Brno-Starý Lískovec,16.56390084,49.16957033,{BDD3BC2E-19DE-4DF9-A8D0-B458ED117FC8}
16.6330831920001,49.197587099,1231,1,1232,60206210792,-596316.202,-1160678.152,2021/06/05 00:00:00+00,6,2021,6,havárie,nezvládnutí řízení vozidla,Ne,řidičem nemotorového vozidla,nehoda s následky na životě nebo zdraví,"povrch suchý, neznečistěný",neztížené,"ve dne, viditelnost nezhoršená vlivem povětrnostních podmínek",dobré,"most, nadjezd, podjezd, tunel",komunikace sledovaná (ve vybraných městech),jízdní kolo,dobrý -žádné nepříznivé okolnosti nebyly zjiště,1,řidič,"s přilbou (pouze u motocyklistů, příp. cyklistů)",muž,těžké zranění,0,1,0,60,1330,13,červen,sobota,45-60,Brno-Židenice,16.63308318,49.1975871,{EDC912A5-AF62-49D6-B961-7B6F0B37894D}
16.5269919460001,49.2237768110001,1232,1,1233,60206210793,-603686.497,-1156949.343,2021/06/05 00:00:00+00,6,2021,6,havárie,jiný druh nepřiměřené rychlosti,Ne,řidičem nemotorového vozidla,nehoda s následky na životě nebo zdraví,povrch mokrý,"na počátku deště, slabý déšť, mrholení apod.","ve dne, viditelnost nezhoršená vlivem povětrnostních podmínek",dobré,žádné nebo žádné z uvedených,komunikace místní,jízdní kolo,dobrý -žádné nepříznivé okolnosti nebyly zjiště,1,řidič,"bez přilby (pouze u motocyklistů, příp. cyklistů)",muž,lehké zranění,0,0,1,10,1840,18,červen,sobota,33-44,Brno-Bystrc,16.52699194,49.22377681,{5EA64885-E74A-4537-AAE5-8790D72921FB}
16.629527619,49.2053045490001,1233,1,1234,60206210795,-596481.848,-1159797.125,2021/06/06 00:00:00+00,7,2021,6,havárie,řidič se plně nevěnoval řízení vozidla,Ne,řidičem nemotorového vozidla,nehoda s následky na životě nebo zdraví,"povrch suchý, neznečistěný",neztížené,"ve dne, viditelnost nezhoršená vlivem povětrnostních podmínek",dobré,žádné nebo žádné z uvedených,komunikace místní,jízdní kolo,dobrý -žádné nepříznivé okolnosti nebyly zjiště,1,řidič,"s přilbou (pouze u motocyklistů, příp. cyklistů)",žena,lehké zranění,0,0,1,0,1130,11,červen,neděle,24-32,Brno-sever,16.62952761,49.20530455,{8510A3DB-C420-4478-B19C-348759CF55B3}
16.6424291760001,49.2160017310001,1234,1,1235,60206210798,-595419.911,-1158715.058,2021/06/06 00:00:00+00,7,2021,6,havárie,nepřizpůsobení rychlosti vlastnostem vozidla a nákladu,"Ano, obsah alkoholu v krvi 1,5‰ a více",řidičem nemotorového vozidla,nehoda s následky na životě nebo zdraví,"povrch suchý, neznečistěný",neztížené,"ve dne, viditelnost nezhoršená vlivem povětrnostních podmínek",dobré,žádné nebo žádné z uvedených,komunikace místní,jízdní kolo,pod vlivem alkoholu obsah alkoholu v krvi 1 ‰ a víc,1,řidič,"s přilbou (pouze u motocyklistů, příp. cyklistů)",žena,lehké zranění,0,0,1,10,1840,18,červen,neděle,33-44,Brno-Maloměřice a Obřany,16.64242917,49.21600173,{88A1F1CF-E5FA-4EF2-A122-637C6CAA580E}
16.6113329020001,49.1912123060001,1235,1,1236,60206210802,-597968.256,-1161212.923,2021/06/07 00:00:00+00,1,2021,6,havárie,řidič se plně nevěnoval řízení vozidla,Ne,řidičem nemotorového vozidla,nehoda s následky na životě nebo zdraví,"povrch suchý, neznečistěný",neztížené,"ve dne, viditelnost nezhoršená vlivem povětrnostních podmínek",dobré,žádné nebo žádné z uvedených,komunikace sledovaná (ve vybraných městech),jízdní kolo,dobrý -žádné nepříznivé okolnosti nebyly zjiště,1,řidič,"bez přilby (pouze u motocyklistů, příp. cyklistů)",muž,lehké zranění,0,0,1,50,650,6,červen,pondělí,24-32,Brno-střed,16.61133289,49.1912123,{819DD52B-DF52-4625-8191-EA94F9792281}
16.599194836,49.1892675020001,1236,1,1237,60206210825,-598871.072,-1161332.842,2021/06/08 00:00:00+00,2,2021,6,havárie,nepřizpůsobení rychlosti vlastnostem vozidla a nákladu,Ne,řidičem nemotorového vozidla,nehoda s následky na životě nebo zdraví,"povrch suchý, neznečistěný",neztížené,"v noci - s veřejným osvětlením, viditelnost nezhoršená vlivem povětrnostních podmínek",dobré,žádné nebo žádné z uvedených,komunikace místní,jízdní kolo,dobrý -žádné nepříznivé okolnosti nebyly zjiště,1,řidič,"bez přilby (pouze u motocyklistů, příp. cyklistů)",muž,lehké zranění,0,0,1,0,2330,23,červen,úterý,19-24,Brno-střed,16.59919483,49.1892675,{2B56EB9C-EFA9-444A-8217-F834DA1CC167}
16.600740794,49.2068793060001,1237,1,1238,60206210826,-598548.409,-1159397.831,2021/06/09 00:00:00+00,3,2021,6,srážka s jedoucím nekolejovým vozidlem,chodci na vyznačeném přechodu,Ne,řidičem motorového vozidla,nehoda s následky na životě nebo zdraví,"povrch suchý, neznečistěný",neztížené,"ve dne, viditelnost nezhoršená vlivem povětrnostních podmínek",dobré,přechod pro chodce,uzel (křižovatka sledovaná ve vybraných městech),jízdní kolo,dobrý -žádné nepříznivé okolnosti nebyly zjiště,1,řidič,"bez přilby (pouze u motocyklistů, příp. cyklistů)",dívka (do 15 let),lehké zranění,0,0,1,200,820,8,červen,středa,12-15,Brno-střed,16.60074079,49.2068793,{F1A865BF-BE5D-4BCF-8BCB-29990DF9F155}
16.6944944960001,49.206590073,1238,1,1239,60206210827,-591759.961,-1160160.281,2021/06/09 00:00:00+00,3,2021,6,havárie,"nepřizpůsobení rychlosti dopravně technickému stavu vozovky (zatáčka, klesání, stoupání, šířka vozovky apod.)",Ne,řidičem nemotorového vozidla,nehoda s následky na životě nebo zdraví,"povrch suchý, neznečistěný",neztížené,"ve dne, viditelnost nezhoršená vlivem povětrnostních podmínek",dobré,v blízkosti přechodu pro chodce (do vzdálenosti 20 m),uzel (křižovatka sledovaná ve vybraných městech),jízdní kolo,dobrý -žádné nepříznivé okolnosti nebyly zjiště,1,řidič,"bez přilby (pouze u motocyklistů, příp. cyklistů)",muž,lehké zranění,0,0,1,0,910,9,červen,středa,71 a více,Brno-Líšeň,16.69449449,49.20659007,{8AD10153-D29B-40CB-8BDC-DFB709E80D68}
16.649993022,49.19562861,1239,1,1240,60206210836,-595114.254,-1161026.568,2021/06/09 00:00:00+00,3,2021,6,havárie,řidič se plně nevěnoval řízení vozidla,Ne,řidičem nemotorového vozidla,nehoda s následky na životě nebo zdraví,"povrch suchý, neznečistěný",neztížené,"ve dne, viditelnost nezhoršená vlivem povětrnostních podmínek",dobré,v blízkosti přechodu pro chodce (do vzdálenosti 20 m),komunikace sledovaná (ve vybraných městech),jízdní kolo,dobrý -žádné nepříznivé okolnosti nebyly zjiště,1,řidič,"s přilbou (pouze u motocyklistů, příp. cyklistů)",muž,lehké zranění,0,0,1,0,1620,16,červen,středa,33-44,Brno-Židenice,16.64999301,49.19562861,{CC8D898A-0F94-4013-B893-5D4668F43A17}
16.6048575090001,49.201870973,1240,1,1241,60206210839,-598310.067,-1159983.799,2021/06/09 00:00:00+00,3,2021,6,havárie,řidič se plně nevěnoval řízení vozidla,Ne,řidičem nemotorového vozidla,nehoda s následky na životě nebo zdraví,"povrch suchý, neznečistěný",neztížené,"ve dne, viditelnost nezhoršená vlivem povětrnostních podmínek",dobré,přechod pro chodce,komunikace místní,jízdní kolo,dobrý -žádné nepříznivé okolnosti nebyly zjiště,1,řidič,"s přilbou (pouze u motocyklistů, příp. cyklistů)",muž,lehké zranění,0,0,1,10,1820,18,červen,středa,16-18,Brno-střed,16.6048575,49.20187097,{73A20AF5-AD9F-4EE8-8C04-6AF90C739B64}
16.5539680090001,49.2423240460001,1241,1,1242,60206210848,-601510.122,-1155111.795,2021/06/10 00:00:00+00,4,2021,6,srážka s jedoucím nekolejovým vozidlem,"jízda po nesprávné straně vozovky, vjetí do protisměru",Ne,řidičem nemotorového vozidla,nehoda s následky na životě nebo zdraví,"povrch suchý, neznečistěný",neztížené,"ve dne, viditelnost nezhoršená vlivem povětrnostních podmínek",dobré,žádné nebo žádné z uvedených,komunikace místní,jízdní kolo,dobrý -žádné nepříznivé okolnosti nebyly zjiště,1,řidič,"bez přilby (pouze u motocyklistů, příp. cyklistů)",muž,bez zraněn,0,0,1,0,1545,15,červen,čtvrtek,33-44,Brno-Komín,16.553968,49.24232404,{485EFB87-1B9E-4927-98EE-23535D63D607}