X,Y,objectid,join_count,target_fid,id,d,e,datum,den,rok,mesic,srazka,pricina,alkohol,zavineni,nasledky,stav_vozovky,povetrnostni_podm,viditelnost,rozhled,misto_nehody,druh_komun,druh_vozidla,stav_ridic,ovlivneni_ridice,osoba,ozn_osoba,pohlavi,nasledek,usmrceno_os,tezce_zran_os,lehce_zran_os,hmotna_skoda,cas,hodina,mesic_t,den_v_tydnu,vek_skupina,nazev,point_x,point_y,globalid
16.5539680090001,49.2423240460001,1242,1,1243,60206210848,-601510.122,-1155111.795,2021/06/10 00:00:00+00,4,2021,6,srážka s jedoucím nekolejovým vozidlem,"jízda po nesprávné straně vozovky, vjetí do protisměru",Ne,řidičem nemotorového vozidla,nehoda s následky na životě nebo zdraví,"povrch suchý, neznečistěný",neztížené,"ve dne, viditelnost nezhoršená vlivem povětrnostních podmínek",dobré,žádné nebo žádné z uvedených,komunikace místní,jízdní kolo,"pod vlivem alkoholu, obsah alkoholu v krvi do 0,99 ‰",1,řidič,"bez přilby (pouze u motocyklistů, příp. cyklistů)",muž,lehké zranění,0,0,1,0,1545,15,červen,čtvrtek,61-70,Brno-Komín,16.553968,49.24232404,{8B794D7A-1339-4B13-8F8A-A76C9678272F}
16.6433933480001,49.219266852,1243,1,1244,60206210850,-595311.229,-1158361.564,2021/06/10 00:00:00+00,4,2021,6,jiný druh nehody,chyby při udání směru jízdy,Nezjišťován,řidičem motorového vozidla,nehoda pouze s hmotnou škodou,"povrch suchý, neznečistěný",neztížené,"ve dne, viditelnost nezhoršená vlivem povětrnostních podmínek",dobré,žádné nebo žádné z uvedených,komunikace sledovaná (ve vybraných městech),jízdní kolo,dobrý -žádné nepříznivé okolnosti nebyly zjiště,1,řidič,"s přilbou (pouze u motocyklistů, příp. cyklistů)",muž,bez zraněn,0,0,0,150,1525,15,červen,čtvrtek,24-32,Brno-Maloměřice a Obřany,16.64339334,49.21926685,{1AA78CC3-BEFD-468E-A2E3-5977CCB56837}
16.5944722200001,49.196040941,1244,1,1245,60206210851,-599132.221,-1160546.951,2021/06/10 00:00:00+00,4,2021,6,havárie,řidič se plně nevěnoval řízení vozidla,Ne,řidičem nemotorového vozidla,nehoda s následky na životě nebo zdraví,"povrch suchý, neznečistěný",neztížené,"ve dne, viditelnost nezhoršená vlivem povětrnostních podmínek",dobré,žádné nebo žádné z uvedených,komunikace sledovaná (ve vybraných městech),jízdní kolo,dobrý -žádné nepříznivé okolnosti nebyly zjiště,1,řidič,"bez přilby (pouze u motocyklistů, příp. cyklistů)",muž,lehké zranění,0,0,1,20,1655,16,červen,čtvrtek,19-24,Brno-střed,16.59447221,49.19604094,{E3AC0378-492D-454F-9D17-CC4BF3D906C0}
16.6285597180001,49.1887117790001,1245,1,1246,60206210852,-596749.74,-1161624.107,2021/06/10 00:00:00+00,4,2021,6,srážka s jedoucím nekolejovým vozidlem,při vjíždění na silnici,Ne,řidičem nemotorového vozidla,nehoda s následky na životě nebo zdraví,"povrch suchý, neznečistěný",neztížené,"ve dne, viditelnost nezhoršená vlivem povětrnostních podmínek",dobré,žádné nebo žádné z uvedených,komunikace sledovaná (ve vybraných městech),jízdní kolo,dobrý -žádné nepříznivé okolnosti nebyly zjiště,1,řidič,"s přilbou (pouze u motocyklistů, příp. cyklistů)",muž,lehké zranění,0,0,1,30,1720,17,červen,čtvrtek,61-70,Brno-střed,16.62855971,49.18871178,{69A0DA9A-F8BE-4C0C-B23F-BA82F1FD84AC}
16.590299364,49.2527014940001,1246,1,1247,60206210860,-598756.036,-1154249.984,2021/06/11 00:00:00+00,5,2021,6,srážka s jedoucím nekolejovým vozidlem,řidič se plně nevěnoval řízení vozidla,Ne,řidičem motorového vozidla,nehoda s následky na životě nebo zdraví,"povrch suchý, neznečistěný",neztížené,"ve dne, viditelnost nezhoršená vlivem povětrnostních podmínek",dobré,žádné nebo žádné z uvedených,komunikace místní,jízdní kolo,dobrý -žádné nepříznivé okolnosti nebyly zjiště,1,řidič,"bez přilby (pouze u motocyklistů, příp. cyklistů)",žena,lehké zranění,0,0,1,40,1115,11,červen,pátek,71 a více,Brno-Řečkovice a Mokrá Hora,16.59029936,49.25270149,{997F4A3C-358F-4885-89DA-3D3BFB4DAD55}
16.526590066,49.225758904,1247,1,1248,60206210868,-603691.675,-1156727.052,2021/06/12 00:00:00+00,6,2021,6,havárie,nepřizpůsobení rychlosti vlastnostem vozidla a nákladu,Ne,řidičem nemotorového vozidla,nehoda s následky na životě nebo zdraví,"povrch suchý, neznečistěný",neztížené,"ve dne, viditelnost nezhoršená vlivem povětrnostních podmínek",dobré,v blízkosti přechodu pro chodce (do vzdálenosti 20 m),komunikace místní,jízdní kolo,dobrý -žádné nepříznivé okolnosti nebyly zjiště,1,řidič,"s přilbou (pouze u motocyklistů, příp. cyklistů)",dívka (do 15 let),lehké zranění,0,0,1,10,1040,10,červen,sobota,12-15,Brno-Bystrc,16.52659006,49.2257589,{C804DCD2-80EE-4658-8C0B-A7AB4F9BF0C7}
16.5250591400001,49.2270939950001,1248,1,1249,60206210872,-603786.404,-1156567.36,2021/06/14 00:00:00+00,1,2021,6,"srážka s vozidlem zaparkovaným, odstaveným",řidič se plně nevěnoval řízení vozidla,Ne,řidičem motorového vozidla,nehoda s následky na životě nebo zdraví,"povrch suchý, neznečistěný",neztížené,"ve dne, viditelnost nezhoršená vlivem povětrnostních podmínek",dobré,žádné nebo žádné z uvedených,komunikace místní,jízdní kolo,dobrý -žádné nepříznivé okolnosti nebyly zjiště,1,řidič,"s přilbou (pouze u motocyklistů, příp. cyklistů)",muž,lehké zranění,0,0,1,160,1145,11,červen,pondělí,61-70,Brno-Bystrc,16.52505913,49.22709399,{72D503E3-95E4-4B1E-86E8-DB23F9742298}
16.6490180330001,49.1956036340001,1249,1,1250,60206210894,-595185.199,-1161021.733,2021/06/17 00:00:00+00,4,2021,6,srážka s pevnou překážkou,"nepřizpůsobení rychlosti dopravně technickému stavu vozovky (zatáčka, klesání, stoupání, šířka vozovky apod.)",Ne,řidičem nemotorového vozidla,nehoda s následky na životě nebo zdraví,"povrch suchý, neznečistěný",neztížené,"ve dne, viditelnost nezhoršená vlivem povětrnostních podmínek",dobré,žádné nebo žádné z uvedených,komunikace sledovaná (ve vybraných městech),jízdní kolo,dobrý -žádné nepříznivé okolnosti nebyly zjiště,1,řidič,"s přilbou (pouze u motocyklistů, příp. cyklistů)",muž,lehké zranění,0,0,1,70,1545,15,červen,čtvrtek,45-60,Brno-Židenice,16.64901802,49.19560363,{27F90AE3-CA37-4F27-8746-AAEA09962E94}
16.5562605220001,49.2177238530001,1250,1,1251,60206210907,-601640.003,-1157849.443,2021/06/19 00:00:00+00,6,2021,6,jiný druh nehody,nepřizpůsobení rychlosti vlastnostem vozidla a nákladu,"Ano, obsah alkoholu v krvi od 0,24‰ do 0,5‰",řidičem nemotorového vozidla,nehoda s následky na životě nebo zdraví,"povrch suchý, neznečistěný",neztížené,"v noci - s veřejným osvětlením, viditelnost nezhoršená vlivem povětrnostních podmínek",dobré,žádné nebo žádné z uvedených,komunikace sledovaná (ve vybraných městech),jízdní kolo,"pod vlivem alkoholu, obsah alkoholu v krvi do 0,99 ‰",1,řidič,"bez přilby (pouze u motocyklistů, příp. cyklistů)",muž,lehké zranění,0,0,1,0,10,1,červen,sobota,45-60,Brno-Komín,16.55626051,49.21772385,{80442383-2DC7-4E74-8770-EAD4F3A27BD7}
16.5562605220001,49.2177238530001,1251,1,1252,60206210907,-601640.003,-1157849.443,2021/06/19 00:00:00+00,6,2021,6,jiný druh nehody,nepřizpůsobení rychlosti vlastnostem vozidla a nákladu,"Ano, obsah alkoholu v krvi od 0,24‰ do 0,5‰",řidičem nemotorového vozidla,nehoda s následky na životě nebo zdraví,"povrch suchý, neznečistěný",neztížené,"v noci - s veřejným osvětlením, viditelnost nezhoršená vlivem povětrnostních podmínek",dobré,žádné nebo žádné z uvedených,komunikace sledovaná (ve vybraných městech),jízdní kolo,"pod vlivem alkoholu, obsah alkoholu v krvi do 0,99 ‰",1,řidič,"s přilbou (pouze u motocyklistů, příp. cyklistů)",muž,bez zraněn,0,0,1,0,10,1,červen,sobota,19-24,Brno-Komín,16.55626051,49.21772385,{19766EDD-7C79-43D7-9C7D-2283CE2E0A1B}
16.6385001900001,49.1980519970001,1252,1,1253,60206210912,-595918.173,-1160669.026,2021/06/19 00:00:00+00,6,2021,6,havárie,řidič se plně nevěnoval řízení vozidla,Nezjišťován,řidičem nemotorového vozidla,nehoda s následky na životě nebo zdraví,"povrch suchý, neznečistěný",neztížené,"ve dne, viditelnost nezhoršená vlivem povětrnostních podmínek",dobré,žádné nebo žádné z uvedených,komunikace místní,jízdní kolo,dobrý -žádné nepříznivé okolnosti nebyly zjiště,1,řidič,"bez přilby (pouze u motocyklistů, příp. cyklistů)",žena,lehké zranění,0,0,1,0,1740,17,červen,sobota,33-44,Brno-Židenice,16.63850018,49.19805199,{47429D40-4E50-4B3B-A2A0-6B16B1B22E9F}
16.520785721,49.2193527640001,1253,1,1254,60206210914,-604189.295,-1157389.33,2021/06/19 00:00:00+00,6,2021,6,havárie,nepřizpůsobení rychlosti vlastnostem vozidla a nákladu,Ne,řidičem nemotorového vozidla,nehoda s následky na životě nebo zdraví,"povrch suchý, neznečistěný",neztížené,"ve dne, zhoršená viditelnost (svítání, soumrak)",dobré,žádné nebo žádné z uvedených,komunikace místní,jízdní kolo,pod vlivem alkoholu obsah alkoholu v krvi 1 ‰ a víc,1,řidič,"bez přilby (pouze u motocyklistů, příp. cyklistů)",muž,lehké zranění,0,0,1,10,2140,21,červen,sobota,33-44,Brno-Bystrc,16.52078571,49.21935276,{3F5FF69C-9CC9-47B3-908E-32AE14022D33}
16.647678265,49.163594033,1254,1,1255,60206210932,-595662.913,-1164550.446,2021/06/22 00:00:00+00,2,2021,6,srážka s jedoucím nekolejovým vozidlem,"při předjíždění došlo k ohrožení předjížděného řidiče vozidla (vynucované zařazení, předjížděný řidič musel prudce brzdit, měnit směr jízdy apod.)",Ne,řidičem motorového vozidla,nehoda s následky na životě nebo zdraví,"povrch suchý, neznečistěný",neztížené,"ve dne, viditelnost nezhoršená vlivem povětrnostních podmínek",dobré,žádné nebo žádné z uvedených,komunikace sledovaná (ve vybraných městech),jízdní kolo,dobrý -žádné nepříznivé okolnosti nebyly zjiště,1,řidič,"s přilbou (pouze u motocyklistů, příp. cyklistů)",muž,lehké zranění,0,0,1,100,1640,16,červen,úterý,33-44,Brno-Tuřany,16.64767826,49.16359403,{3F64F4B9-2099-4CB8-88A2-D7F7814951B3}
16.629349124,49.232395753,1255,1,1256,60206210935,-596171.902,-1156800.442,2021/06/23 00:00:00+00,3,2021,6,havárie,řidič se plně nevěnoval řízení vozidla,Ne,řidičem nemotorového vozidla,nehoda s následky na životě nebo zdraví,povrch mokrý,neztížené,"ve dne, viditelnost nezhoršená vlivem povětrnostních podmínek",dobré,žádné nebo žádné z uvedených,komunikace místní,jízdní kolo,dobrý -žádné nepříznivé okolnosti nebyly zjiště,1,řidič,"s přilbou (pouze u motocyklistů, příp. cyklistů)",žena,lehké zranění,0,0,1,0,735,7,červen,středa,45-60,Brno-sever,16.62934912,49.23239575,{87C8EFED-907A-4991-B347-4D7DC792F8D3}
16.5921572610001,49.196770031,1256,1,1257,60206210936,-599291.22,-1160448.184,2021/06/23 00:00:00+00,3,2021,6,srážka s jedoucím nekolejovým vozidlem,při odbočování vlevo,Ne,řidičem motorového vozidla,nehoda s následky na životě nebo zdraví,"povrch suchý, neznečistěný",neztížené,"ve dne, viditelnost nezhoršená vlivem povětrnostních podmínek",dobré,žádné nebo žádné z uvedených,komunikace sledovaná (ve vybraných městech),jízdní kolo,dobrý -žádné nepříznivé okolnosti nebyly zjiště,1,řidič,"s přilbou (pouze u motocyklistů, příp. cyklistů)",muž,lehké zranění,0,0,1,650,914,9,červen,středa,33-44,Brno-střed,16.59215725,49.19677003,{6EAF62E6-25E2-448A-B5D3-ABBE7B5EF6A8}
16.6258119620001,49.158828343,1257,1,1258,60206210937,-597305.171,-1164906.604,2021/06/23 00:00:00+00,3,2021,6,havárie,řidič se plně nevěnoval řízení vozidla,Ne,řidičem nemotorového vozidla,nehoda s následky na životě nebo zdraví,"povrch suchý, neznečistěný",neztížené,"ve dne, viditelnost nezhoršená vlivem povětrnostních podmínek",dobré,žádné nebo žádné z uvedených,komunikace místní,jízdní kolo,dobrý -žádné nepříznivé okolnosti nebyly zjiště,1,řidič,"s přilbou (pouze u motocyklistů, příp. cyklistů)",muž,lehké zranění,0,0,1,50,915,9,červen,středa,33-44,Brno-jih,16.62581195,49.15882834,{8AD69E59-6F83-42B7-AB1E-6EF38164FA9A}
16.5863156770001,49.167540699,1258,1,1259,60206210948,-600064.653,-1163633.805,2021/06/24 00:00:00+00,4,2021,6,srážka s jedoucím nekolejovým vozidlem,jiný druh nesprávného způsobu jízdy,Ne,řidičem motorového vozidla,nehoda s následky na životě nebo zdraví,"povrch suchý, neznečistěný",neztížené,"ve dne, viditelnost nezhoršená vlivem povětrnostních podmínek",dobré,žádné nebo žádné z uvedených,komunikace sledovaná (ve vybraných městech),jízdní kolo,"pod vlivem alkoholu, obsah alkoholu v krvi do 0,99 ‰",1,řidič,"s přilbou (pouze u motocyklistů, příp. cyklistů)",muž,lehké zranění,0,0,1,50,1405,14,červen,čtvrtek,61-70,Brno-Bohunice,16.58631567,49.1675407,{AF613226-AA8E-4D4A-B279-F341BA2E453E}
16.6197529090001,49.191724138,1259,1,1260,60206210963,-597352.007,-1161222.217,2021/06/26 00:00:00+00,6,2021,6,srážka s jedoucím nekolejovým vozidlem,řidič se plně nevěnoval řízení vozidla,"Ano, obsah alkoholu v krvi 1,5‰ a více",řidičem nemotorového vozidla,nehoda s následky na životě nebo zdraví,"povrch suchý, neznečistěný",neztížené,"ve dne, viditelnost nezhoršená vlivem povětrnostních podmínek",dobré,v blízkosti přechodu pro chodce (do vzdálenosti 20 m),uzel (křižovatka sledovaná ve vybraných městech),jízdní kolo,pod vlivem alkoholu obsah alkoholu v krvi 1 ‰ a víc,1,řidič,"s přilbou (pouze u motocyklistů, příp. cyklistů)",muž,lehké zranění,0,0,1,120,1950,19,červen,sobota,33-44,Brno-střed,16.6197529,49.19172413,{2D6305AA-BAB1-4213-B33B-D7330AAA4E1D}
16.602873994,49.210452419,1260,1,1261,60206210970,-598351.159,-1159019.506,2021/06/27 00:00:00+00,7,2021,6,srážka s jedoucím nekolejovým vozidlem,proti příkazu dopravní značky DEJ PŘEDNOST,Ne,řidičem nemotorového vozidla,nehoda pouze s hmotnou škodou,"povrch suchý, neznečistěný",neztížené,"ve dne, viditelnost nezhoršená vlivem povětrnostních podmínek",dobré,v blízkosti přechodu pro chodce (do vzdálenosti 20 m),uzel (křižovatka sledovaná ve vybraných městech),jízdní kolo,pod vlivem alkoholu obsah alkoholu v krvi 1 ‰ a víc,1,řidič,"bez přilby (pouze u motocyklistů, příp. cyklistů)",muž,bez zraněn,0,0,0,250,2030,20,červen,neděle,24-32,Brno-Královo Pole,16.60287399,49.21045242,{D254AF38-C43B-4C51-8D5F-D3C98DA75AAB}
16.5751772570001,49.1775624840001,1261,1,1262,60206210990,-600751.892,-1162438.292,2021/06/30 00:00:00+00,3,2021,6,srážka s jedoucím nekolejovým vozidlem,proti příkazu dopravní značky STŮJ DEJ PŘEDNOST,Ne,řidičem motorového vozidla,nehoda s následky na životě nebo zdraví,"povrch suchý, neznečistěný",neztížené,"ve dne, viditelnost nezhoršená vlivem povětrnostních podmínek",dobré,žádné nebo žádné z uvedených,komunikace sledovaná (ve vybraných městech),jízdní kolo,dobrý -žádné nepříznivé okolnosti nebyly zjiště,1,řidič,"s přilbou (pouze u motocyklistů, příp. cyklistů)",žena,lehké zranění,0,0,1,60,755,7,červen,středa,33-44,Brno-Bohunice,16.57517725,49.17756248,{0704AB51-C95E-4EB8-A865-E158AF03483D}
16.6129874960001,49.200797563,1262,1,1263,60206210993,-597733.892,-1160166.127,2021/06/30 00:00:00+00,3,2021,6,srážka s chodcem,nezaviněná řidičem,Nezjišťován,chodcem,nehoda s následky na životě nebo zdraví,"povrch suchý, neznečistěný",neztížené,"ve dne, viditelnost nezhoršená vlivem povětrnostních podmínek",dobré,žádné nebo žádné z uvedených,komunikace sledovaná (ve vybraných městech),jízdní kolo,dobrý -žádné nepříznivé okolnosti nebyly zjiště,1,řidič,"s přilbou (pouze u motocyklistů, příp. cyklistů)",muž,lehké zranění,0,0,1,30,1220,12,červen,středa,24-32,Brno-střed,16.61298749,49.20079756,{AEAB45F8-7E51-4B32-ADFF-AA6DC064A38A}
16.6079491450001,49.1954815920001,1263,1,1264,60206210998,-598162.437,-1160714.418,2021/07/01 00:00:00+00,4,2021,7,havárie,řidič se plně nevěnoval řízení vozidla,Ne,řidičem nemotorového vozidla,nehoda s následky na životě nebo zdraví,"povrch suchý, neznečistěný",neztížené,"ve dne, viditelnost nezhoršená vlivem povětrnostních podmínek",dobré,žádné nebo žádné z uvedených,komunikace sledovaná (ve vybraných městech),jízdní kolo,dobrý -žádné nepříznivé okolnosti nebyly zjiště,1,řidič,"bez přilby (pouze u motocyklistů, příp. cyklistů)",žena,lehké zranění,0,0,1,10,1145,11,červenec,čtvrtek,24-32,Brno-střed,16.60794914,49.19548159,{80E77D5C-B0C3-41EA-B3F5-30E3178C1E65}
16.517019324,49.2298903060001,1264,1,1265,60206211055,-604334.709,-1156194.65,2021/07/10 00:00:00+00,6,2021,7,havárie,řidič se plně nevěnoval řízení vozidla,Ne,řidičem nemotorového vozidla,nehoda s následky na životě nebo zdraví,"povrch suchý, neznečistěný",neztížené,"ve dne, viditelnost nezhoršená vlivem povětrnostních podmínek",dobré,žádné nebo žádné z uvedených,komunikace místní,jízdní kolo,dobrý -žádné nepříznivé okolnosti nebyly zjiště,1,řidič,"bez přilby (pouze u motocyklistů, příp. cyklistů)",muž,lehké zranění,0,0,1,0,1745,17,červenec,sobota,45-60,Brno-Bystrc,16.51701932,49.2298903,{2140969B-9CA4-4C45-A742-F470B0922CA9}
16.6052593000001,49.216171622,1265,1,1266,60206211057,-598110.018,-1158405.878,2021/07/10 00:00:00+00,6,2021,7,srážka s jedoucím nekolejovým vozidlem,při vjíždění na silnici,Ne,řidičem motorového vozidla,nehoda s následky na životě nebo zdraví,"povrch suchý, neznečistěný",neztížené,"ve dne, zhoršená viditelnost (svítání, soumrak)",dobré,čerpadlo pohonných hmot,komunikace místní,jízdní kolo,dobrý -žádné nepříznivé okolnosti nebyly zjiště,1,řidič,"bez přilby (pouze u motocyklistů, příp. cyklistů)",muž,lehké zranění,0,0,1,230,2100,21,červenec,sobota,45-60,Brno-Královo Pole,16.60525929,49.21617162,{D86305BD-2458-465E-9FB4-745D53B6C1B5}
16.486957445,49.2486507780001,1266,1,1267,60206211086,-606283.541,-1153882.543,2021/06/08 00:00:00+00,2,2021,6,srážka s jedoucím nekolejovým vozidlem,řidič se plně nevěnoval řízení vozidla,Nezjišťován,řidičem motorového vozidla,nehoda s následky na životě nebo zdraví,"povrch suchý, neznečistěný",neztížené,"ve dne, viditelnost nezhoršená vlivem povětrnostních podmínek",dobré,žádné nebo žádné z uvedených,komunikace sledovaná (ve vybraných městech),jízdní kolo,dobrý -žádné nepříznivé okolnosti nebyly zjiště,1,řidič,"bez přilby (pouze u motocyklistů, příp. cyklistů)",žena,lehké zranění,0,0,1,20,1445,14,červen,úterý,45-60,Brno-Bystrc,16.48695744,49.24865077,{04D57392-5F74-4996-BEC7-4AF7C563E3D2}
16.528771185,49.173585372,1267,1,1268,60206211114,-604163.236,-1162511.914,2021/07/18 00:00:00+00,7,2021,7,srážka s chodcem,nepřizpůsobení rychlosti vlastnostem vozidla a nákladu,"Ano, obsah alkoholu v krvi do 0,24 ‰",řidičem nemotorového vozidla,nehoda s následky na životě nebo zdraví,"povrch suchý, neznečistěný",neztížené,"ve dne, viditelnost nezhoršená vlivem povětrnostních podmínek",dobré,žádné nebo žádné z uvedených,komunikace sledovaná (ve vybraných městech),jízdní kolo,"pod vlivem alkoholu, obsah alkoholu v krvi do 0,99 ‰",1,řidič,"bez přilby (pouze u motocyklistů, příp. cyklistů)",žena,bez zraněn,0,0,1,10,2014,20,červenec,neděle,45-60,Brno-Bosonohy,16.52877118,49.17358537,{E402ED77-1F3D-4B93-957E-A93A8C678474}
16.5862839750001,49.209322764,1268,1,1269,60206211135,-599566.359,-1159014.304,2021/07/21 00:00:00+00,3,2021,7,srážka s jedoucím nekolejovým vozidlem,proti příkazu dopravní značky DEJ PŘEDNOST,"Ano, obsah alkoholu v krvi od 1,0‰ do 1,5‰",řidičem nemotorového vozidla,nehoda s následky na životě nebo zdraví,"povrch suchý, neznečistěný",neztížené,"ve dne, viditelnost nezhoršená vlivem povětrnostních podmínek",dobré,v blízkosti přechodu pro chodce (do vzdálenosti 20 m),komunikace sledovaná (ve vybraných městech),jízdní kolo,pod vlivem alkoholu obsah alkoholu v krvi 1 ‰ a víc,1,řidič,"bez přilby (pouze u motocyklistů, příp. cyklistů)",muž,lehké zranění,0,0,1,60,1250,12,červenec,středa,71 a více,Brno-Žabovřesky,16.58628397,49.20932276,{6E5570EA-0E26-4C77-96D7-3DE886A8D658}
16.643283362,49.2194958640001,1269,1,1270,60206211163,-595316.47,-1158335.386,2021/07/24 00:00:00+00,6,2021,7,srážka s jedoucím nekolejovým vozidlem,"při předjíždění došlo k ohrožení předjížděného řidiče vozidla (vynucované zařazení, předjížděný řidič musel prudce brzdit, měnit směr jízdy apod.)",Nezjišťován,řidičem motorového vozidla,nehoda s následky na životě nebo zdraví,"povrch suchý, neznečistěný",neztížené,"ve dne, viditelnost nezhoršená vlivem povětrnostních podmínek",dobré,parkoviště přiléhající ke komunikaci,komunikace sledovaná (ve vybraných městech),jízdní kolo,dobrý -žádné nepříznivé okolnosti nebyly zjiště,1,řidič,"s přilbou (pouze u motocyklistů, příp. cyklistů)",žena,lehké zranění,0,0,1,30,1253,12,červenec,sobota,24-32,Brno-Maloměřice a Obřany,16.64328335,49.21949586,{3028EA26-6D55-4998-9A73-22D6391DDF5F}
16.5724661960001,49.2125722310001,1270,1,1271,60206211170,-600528.226,-1158546.505,2021/07/25 00:00:00+00,7,2021,7,havárie,řidič se plně nevěnoval řízení vozidla,Ne,řidičem nemotorového vozidla,nehoda s následky na životě nebo zdraví,"povrch suchý, neznečistěný",neztížené,"ve dne, viditelnost nezhoršená vlivem povětrnostních podmínek",dobré,žádné nebo žádné z uvedených,komunikace místní,jízdní kolo,dobrý -žádné nepříznivé okolnosti nebyly zjiště,1,řidič,"bez přilby (pouze u motocyklistů, příp. cyklistů)",muž,lehké zranění,0,0,1,0,1745,17,červenec,neděle,71 a více,Brno-Žabovřesky,16.57246619,49.21257223,{EE5A882C-C608-42BB-9F4A-907916AF77F4}
16.6354689240001,49.19289982,1271,1,1272,60206211175,-596199.163,-1161215.017,2021/07/26 00:00:00+00,1,2021,7,srážka s jedoucím nekolejovým vozidlem,řidič se plně nevěnoval řízení vozidla,Ne,řidičem motorového vozidla,nehoda s následky na životě nebo zdraví,"povrch suchý, neznečistěný",neztížené,"ve dne, viditelnost nezhoršená vlivem povětrnostních podmínek",dobré,"zastávka tramvaje, autobusu, trolejbusu bez nástup. ostrůvku",komunikace sledovaná (ve vybraných městech),jízdní kolo,dobrý -žádné nepříznivé okolnosti nebyly zjiště,1,řidič,"s přilbou (pouze u motocyklistů, příp. cyklistů)",muž,lehké zranění,0,0,1,20,610,6,červenec,pondělí,33-44,Brno-Židenice,16.63546892,49.19289982,{1973DEBB-34A2-439F-A1B9-9E0B3E289487}
16.5668666610001,49.2026009040001,1272,1,1273,60206211178,-601053.536,-1159604.825,2021/07/26 00:00:00+00,1,2021,7,havárie,nepřizpůsobení rychlosti vlastnostem vozidla a nákladu,Ne,řidičem nemotorového vozidla,nehoda s následky na životě nebo zdraví,"povrch suchý, neznečistěný",neztížené,"ve dne, viditelnost nezhoršená vlivem povětrnostních podmínek",dobré,žádné nebo žádné z uvedených,komunikace místní,jízdní kolo,dobrý -žádné nepříznivé okolnosti nebyly zjiště,1,řidič,"s přilbou (pouze u motocyklistů, příp. cyklistů)",žena,lehké zranění,0,0,1,20,1027,10,červenec,pondělí,24-32,Brno-Žabovřesky,16.56686665,49.2026009,{D8E1E888-8E88-442B-8C67-76695D837F79}
16.6811571860001,49.2182129170001,1273,0,1274,60206211181,-592588.584,-1158771.727,2021/07/27 00:00:00+00,2,2021,7,srážka s jedoucím nekolejovým vozidlem,při vjíždění na silnici,Ne,řidičem nemotorového vozidla,nehoda s následky na životě nebo zdraví,"povrch suchý, neznečistěný",neztížené,"ve dne, viditelnost nezhoršená vlivem povětrnostních podmínek",dobré,žádné nebo žádné z uvedených,komunikace místní,jízdní kolo,dobrý -žádné nepříznivé okolnosti nebyly zjiště,1,řidič,"s přilbou (pouze u motocyklistů, příp. cyklistů)",muž,lehké zranění,0,0,1,240,1757,17,červenec,úterý,33-44,,16.68115718,49.21821291,{AC21F50C-4A11-41CF-8E23-3E390EFF2E99}
16.5994126460001,49.204028205,1274,1,1275,60206211182,-598678.723,-1159702.635,2021/07/27 00:00:00+00,2,2021,7,havárie,řidič se plně nevěnoval řízení vozidla,Ne,řidičem nemotorového vozidla,nehoda s následky na životě nebo zdraví,"povrch suchý, neznečistěný",neztížené,"ve dne, viditelnost nezhoršená vlivem povětrnostních podmínek",dobré,v blízkosti přechodu pro chodce (do vzdálenosti 20 m),uzel (křižovatka sledovaná ve vybraných městech),jízdní kolo,dobrý -žádné nepříznivé okolnosti nebyly zjiště,1,řidič,"s přilbou (pouze u motocyklistů, příp. cyklistů)",muž,lehké zranění,0,0,1,0,1810,18,červenec,úterý,33-44,Brno-střed,16.59941264,49.2040282,{58F76328-577F-4B68-A066-D357F15B159A}
16.604687814,49.2073982360001,1275,1,1276,60206211199,-598256.287,-1159371.381,2021/07/29 00:00:00+00,4,2021,7,srážka s jedoucím nekolejovým vozidlem,při přejíždění z jednoho jízdního pruhu do druhého,Ne,řidičem nemotorového vozidla,nehoda s následky na životě nebo zdraví,"povrch suchý, neznečistěný",neztížené,"ve dne, viditelnost nezhoršená vlivem povětrnostních podmínek",dobré,"zastávka autobusu, trolejbusu, tramvaje s nástup. ostrůvkem",komunikace sledovaná (ve vybraných městech),jízdní kolo,dobrý -žádné nepříznivé okolnosti nebyly zjiště,1,řidič,"bez přilby (pouze u motocyklistů, příp. cyklistů)",muž,lehké zranění,0,0,1,320,1420,14,červenec,čtvrtek,33-44,Brno-střed,16.60468781,49.20739823,{EE81756A-50C8-44FC-A959-C9203A317C1F}
16.6105279400001,49.191795357,1276,1,1277,60206211201,-598019.621,-1161142.159,2021/07/30 00:00:00+00,5,2021,7,havárie,nepřizpůsobení rychlosti vlastnostem vozidla a nákladu,"Ano, obsah alkoholu v krvi 1,5‰ a více",řidičem nemotorového vozidla,nehoda s následky na životě nebo zdraví,"povrch suchý, neznečistěný",neztížené,"v noci - s veřejným osvětlením, viditelnost nezhoršená vlivem povětrnostních podmínek",dobré,žádné nebo žádné z uvedených,komunikace sledovaná (ve vybraných městech),jízdní kolo,pod vlivem alkoholu obsah alkoholu v krvi 1 ‰ a víc,1,řidič,"bez přilby (pouze u motocyklistů, příp. cyklistů)",muž,lehké zranění,0,0,1,10,328,3,červenec,pátek,24-32,Brno-střed,16.61052793,49.19179535,{F97ACEF0-CFE1-4586-843E-FC9736CE7ABE}