X,Y,objectid,join_count,target_fid,id,d,e,datum,den,rok,mesic,srazka,pricina,alkohol,zavineni,nasledky,stav_vozovky,povetrnostni_podm,viditelnost,rozhled,misto_nehody,druh_komun,druh_vozidla,stav_ridic,ovlivneni_ridice,osoba,ozn_osoba,pohlavi,nasledek,usmrceno_os,tezce_zran_os,lehce_zran_os,hmotna_skoda,cas,hodina,mesic_t,den_v_tydnu,vek_skupina,nazev,point_x,point_y,globalid
16.594458721,49.2052403760001,1277,1,1278,60206211203,-599023.09,-1159529.78,2021/07/29 00:00:00+00,4,2021,7,srážka s jedoucím nekolejovým vozidlem,řidič se plně nevěnoval řízení vozidla,Ne,řidičem nemotorového vozidla,nehoda s následky na životě nebo zdraví,"povrch suchý, neznečistěný",neztížené,"ve dne, viditelnost nezhoršená vlivem povětrnostních podmínek",dobré,přechod pro chodce,komunikace sledovaná (ve vybraných městech),jízdní kolo,dobrý -žádné nepříznivé okolnosti nebyly zjiště,1,řidič,"s přilbou (pouze u motocyklistů, příp. cyklistů)",muž,lehké zranění,0,0,1,300,1913,19,červenec,čtvrtek,19-24,Brno-střed,16.59445871,49.20524037,{8116D05F-04D1-44D3-805A-55EE688DF340}
16.6101868480001,49.1902552880001,1278,1,1279,60206211229,-598062.735,-1161309.758,2021/08/03 00:00:00+00,2,2021,8,havárie,řidič se plně nevěnoval řízení vozidla,Ne,řidičem nemotorového vozidla,nehoda s následky na životě nebo zdraví,"povrch suchý, neznečistěný",neztížené,"ve dne, viditelnost nezhoršená vlivem povětrnostních podmínek",dobré,v blízkosti přechodu pro chodce (do vzdálenosti 20 m),komunikace sledovaná (ve vybraných městech),jízdní kolo,dobrý -žádné nepříznivé okolnosti nebyly zjiště,1,řidič,"bez přilby (pouze u motocyklistů, příp. cyklistů)",žena,lehké zranění,0,0,1,0,823,8,srpen,úterý,24-32,Brno-střed,16.61018684,49.19025528,{732DB262-3C25-4610-B21F-FFAEBDD9E3A4}
16.6349032570001,49.1626802850001,1279,1,1280,60206211234,-596600.065,-1164551.774,2021/08/03 00:00:00+00,2,2021,8,srážka s jedoucím nekolejovým vozidlem,při odbočování vlevo,"Ano, obsah alkoholu v krvi od 1,0‰ do 1,5‰",řidičem nemotorového vozidla,nehoda s následky na životě nebo zdraví,"povrch suchý, neznečistěný",neztížené,"ve dne, viditelnost nezhoršená vlivem povětrnostních podmínek",dobré,"most, nadjezd, podjezd, tunel",komunikace sledovaná (ve vybraných městech),jízdní kolo,pod vlivem alkoholu obsah alkoholu v krvi 1 ‰ a víc,0,řidič,"s přilbou (pouze u motocyklistů, příp. cyklistů)",muž,lehké zranění,0,0,1,120,1605,16,srpen,úterý,45-60,Brno-Tuřany,16.63490325,49.16268028,{715E28D0-EDA7-48C6-88BD-5B41792A7759}
16.5556638790001,49.2421989040001,1280,1,1281,60206211245,-601388.876,-1155138.984,2021/08/04 00:00:00+00,3,2021,8,jiný druh nehody,řidič se plně nevěnoval řízení vozidla,Ne,řidičem nemotorového vozidla,nehoda s následky na životě nebo zdraví,povrch mokrý,"na počátku deště, slabý déšť, mrholení apod.","ve dne, viditelnost nezhoršená vlivem povětrnostních podmínek",dobré,žádné nebo žádné z uvedených,komunikace místní,jízdní kolo,dobrý -žádné nepříznivé okolnosti nebyly zjiště,1,řidič,"s přilbou (pouze u motocyklistů, příp. cyklistů)",muž,lehké zranění,0,0,1,100,1800,18,srpen,středa,45-60,Brno-Komín,16.55566387,49.2421989,{1521051E-CDC9-45CC-A9C2-5629E1305488}
16.595608966,49.191591696,1281,1,1282,60206211247,-599103.105,-1161047.764,2021/08/04 00:00:00+00,3,2021,8,havárie,"nepřizpůsobení rychlosti dopravně technickému stavu vozovky (zatáčka, klesání, stoupání, šířka vozovky apod.)","Ano, obsah alkoholu v krvi 1,5‰ a více",řidičem nemotorového vozidla,nehoda s následky na životě nebo zdraví,povrch mokrý,"na počátku deště, slabý déšť, mrholení apod.","v noci - s veřejným osvětlením, viditelnost nezhoršená vlivem povětrnostních podmínek",dobré,v blízkosti přechodu pro chodce (do vzdálenosti 20 m),uzel (křižovatka sledovaná ve vybraných městech),jízdní kolo,pod vlivem alkoholu obsah alkoholu v krvi 1 ‰ a víc,1,řidič,"bez přilby (pouze u motocyklistů, příp. cyklistů)",muž,lehké zranění,0,0,1,0,2312,23,srpen,středa,24-32,Brno-střed,16.59560896,49.19159169,{C819BD62-070C-40C5-BD2F-298FEC794560}
16.6055003490001,49.1990388250001,1282,1,1283,60206211265,-598297.348,-1160301.954,2021/08/07 00:00:00+00,6,2021,8,srážka s jedoucím nekolejovým vozidlem,"jízda na ""červenou"" 3-barevného semaforu","Ano, obsah alkoholu v krvi 1,5‰ a více",řidičem nemotorového vozidla,nehoda pouze s hmotnou škodou,"povrch suchý, neznečistěný",neztížené,"v noci - s veřejným osvětlením, viditelnost nezhoršená vlivem povětrnostních podmínek",dobré,v blízkosti přechodu pro chodce (do vzdálenosti 20 m),uzel (křižovatka sledovaná ve vybraných městech),jízdní kolo,pod vlivem alkoholu obsah alkoholu v krvi 1 ‰ a víc,1,řidič,"bez přilby (pouze u motocyklistů, příp. cyklistů)",muž,bez zraněn,0,0,0,450,2225,22,srpen,sobota,19-24,Brno-střed,16.60550034,49.19903882,{D092BBDB-DEB4-4676-A648-B237D31C2AF2}
16.6347632590001,49.1627602900001,1283,1,1284,60206211291,-596609.263,-1164541.835,2021/08/11 00:00:00+00,3,2021,8,srážka s jedoucím nekolejovým vozidlem,při vjíždění na silnici,Ne,řidičem nemotorového vozidla,nehoda s následky na životě nebo zdraví,"povrch suchý, neznečistěný",neztížené,"ve dne, viditelnost nezhoršená vlivem povětrnostních podmínek",dobré,žádné nebo žádné z uvedených,komunikace sledovaná (ve vybraných městech),jízdní kolo,dobrý -žádné nepříznivé okolnosti nebyly zjiště,1,řidič,"bez přilby (pouze u motocyklistů, příp. cyklistů)",muž,lehké zranění,0,0,1,230,1610,16,srpen,středa,33-44,Brno-Tuřany,16.63476325,49.16276029,{7B9AD109-53CE-47A2-84F8-4289C896D99E}
16.652161743,49.1941554030001,1284,1,1285,60206211317,-594974.616,-1161206.349,2021/08/15 00:00:00+00,7,2021,8,havárie,řidič se plně nevěnoval řízení vozidla,"Ano, obsah alkoholu v krvi 1,5‰ a více",řidičem nemotorového vozidla,nehoda s následky na životě nebo zdraví,"povrch suchý, neznečistěný",neztížené,"ve dne, viditelnost nezhoršená vlivem povětrnostních podmínek",dobré,žádné nebo žádné z uvedených,komunikace sledovaná (ve vybraných městech),jízdní kolo,pod vlivem alkoholu obsah alkoholu v krvi 1 ‰ a víc,1,řidič,"bez přilby (pouze u motocyklistů, příp. cyklistů)",muž,lehké zranění,0,0,1,20,1527,15,srpen,neděle,24-32,Brno-Židenice,16.65216173,49.1941554,{3CDF8D51-E2BD-4173-8A9E-5894916951AD}
16.6551274660001,49.2038858760001,1285,1,1286,60206211344,-594644.109,-1160153.577,2021/08/19 00:00:00+00,4,2021,8,srážka s pevnou překážkou,řidič se plně nevěnoval řízení vozidla,"Ano, obsah alkoholu v krvi 1,5‰ a více",řidičem nemotorového vozidla,nehoda s následky na životě nebo zdraví,"povrch suchý, neznečistěný",neztížené,"ve dne, viditelnost nezhoršená vlivem povětrnostních podmínek",dobré,žádné nebo žádné z uvedených,komunikace sledovaná (ve vybraných městech),jízdní kolo,pod vlivem alkoholu obsah alkoholu v krvi 1 ‰ a víc,1,řidič,"bez přilby (pouze u motocyklistů, příp. cyklistů)",muž,lehké zranění,0,0,1,10,1259,12,srpen,čtvrtek,45-60,Brno-Vinohrady,16.65512746,49.20388587,{A415323E-FC4D-4AF1-8722-55E61A2553B9}
16.669016345,49.147870664,1286,1,1287,60206211346,-594302.208,-1166455.13,2021/08/19 00:00:00+00,4,2021,8,srážka s jedoucím nekolejovým vozidlem,při vjíždění na silnici,Ne,řidičem nemotorového vozidla,nehoda s následky na životě nebo zdraví,"povrch suchý, neznečistěný",neztížené,"ve dne, viditelnost nezhoršená vlivem povětrnostních podmínek",dobré,žádné nebo žádné z uvedených,komunikace místní,jízdní kolo,dobrý -žádné nepříznivé okolnosti nebyly zjiště,1,řidič,"bez přilby (pouze u motocyklistů, příp. cyklistů)",muž,lehké zranění,0,0,1,210,1655,16,srpen,čtvrtek,45-60,Brno-Tuřany,16.66901634,49.14787066,{30627B5B-0BD4-4095-B94D-FE70261C42D2}
16.661288368,49.220529491,1287,1,1288,60206211358,-594000.173,-1158361.267,2021/08/21 00:00:00+00,6,2021,8,havárie,řidič se plně nevěnoval řízení vozidla,Ne,řidičem nemotorového vozidla,nehoda s následky na životě nebo zdraví,"povrch suchý, neznečistěný",neztížené,"ve dne, viditelnost nezhoršená vlivem povětrnostních podmínek",dobré,žádné nebo žádné z uvedených,komunikace místní,jízdní kolo,dobrý -žádné nepříznivé okolnosti nebyly zjiště,1,řidič,"bez přilby (pouze u motocyklistů, příp. cyklistů)",muž,lehké zranění,0,0,1,10,1515,15,srpen,sobota,45-60,Brno-Maloměřice a Obřany,16.66128836,49.22052949,{CCFB9355-C7C6-45B1-9F52-16504078AFC3}
16.6487497840001,49.1910964150001,1288,1,1289,60206211363,-595258.226,-1161517.987,2021/08/22 00:00:00+00,7,2021,8,srážka s jedoucím nekolejovým vozidlem,řidič se plně nevěnoval řízení vozidla,Ne,řidičem nemotorového vozidla,nehoda s následky na životě nebo zdraví,"povrch suchý, neznečistěný",neztížené,"ve dne, viditelnost nezhoršená vlivem povětrnostních podmínek",dobré,žádné nebo žádné z uvedených,komunikace místní,jízdní kolo,dobrý -žádné nepříznivé okolnosti nebyly zjiště,1,řidič,"bez přilby (pouze u motocyklistů, příp. cyklistů)",chlapec (do 15 let),lehké zranění,0,0,1,50,1815,18,srpen,neděle,12-15,Brno-Židenice,16.64874978,49.19109641,{03847942-4A75-4C88-9D88-F4E577112BBF}
16.62429883,49.154234074,1289,1,1290,60206211366,-597469.679,-1165402.719,2021/08/22 00:00:00+00,7,2021,8,srážka s jedoucím nekolejovým vozidlem,řidič se plně nevěnoval řízení vozidla,"Ano, obsah alkoholu v krvi 1,5‰ a více",řidičem nemotorového vozidla,nehoda pouze s hmotnou škodou,"povrch suchý, neznečistěný",neztížené,"v noci - s veřejným osvětlením, viditelnost nezhoršená vlivem povětrnostních podmínek",dobré,"most, nadjezd, podjezd, tunel",komunikace místní,jízdní kolo,pod vlivem alkoholu obsah alkoholu v krvi 1 ‰ a víc,1,řidič,"bez přilby (pouze u motocyklistů, příp. cyklistů)",muž,bez zraněn,0,0,0,50,2045,20,srpen,neděle,45-60,Brno-jih,16.62429882,49.15423407,{A6D75BF9-5DD8-47EB-9DB5-C5B9910B39EE}
16.5896739080001,49.190089766,1290,1,1291,60206211378,-599551.149,-1161167.243,2021/08/24 00:00:00+00,2,2021,8,jiný druh nehody,řidič se plně nevěnoval řízení vozidla,Nezjišťován,řidičem motorového vozidla,nehoda s následky na životě nebo zdraví,"povrch suchý, neznečistěný",neztížené,"ve dne, viditelnost nezhoršená vlivem povětrnostních podmínek",dobré,žádné nebo žádné z uvedených,komunikace sledovaná (ve vybraných městech),jízdní kolo,dobrý -žádné nepříznivé okolnosti nebyly zjiště,1,řidič,"bez přilby (pouze u motocyklistů, příp. cyklistů)",žena,lehké zranění,0,0,1,50,700,7,srpen,úterý,33-44,Brno-střed,16.5896739,49.19008976,{BB019BF1-5403-41B4-A0E6-3DDD18DC4CB3}
16.6433140070001,49.1948017240001,1291,1,1292,60206211394,-595608.054,-1161065.936,2021/08/25 00:00:00+00,3,2021,8,srážka s jedoucím nekolejovým vozidlem,řidič se plně nevěnoval řízení vozidla,Nezjišťován,řidičem motorového vozidla,nehoda s následky na životě nebo zdraví,"povrch suchý, neznečistěný",neztížené,"ve dne, viditelnost nezhoršená vlivem povětrnostních podmínek",dobré,v blízkosti přechodu pro chodce (do vzdálenosti 20 m),komunikace sledovaná (ve vybraných městech),jízdní kolo,dobrý -žádné nepříznivé okolnosti nebyly zjiště,1,řidič,"s přilbou (pouze u motocyklistů, příp. cyklistů)",muž,lehké zranění,0,0,1,80,850,8,srpen,středa,33-44,Brno-Židenice,16.643314,49.19480172,{1A06C14B-442D-4A29-824F-35FDDBD1A09B}
16.63687807,49.2137317660001,1292,1,1293,60206211427,-595849.004,-1158922.75,2021/08/29 00:00:00+00,7,2021,8,jiný druh nehody,jiné nedání přednosti,Ne,řidičem motorového vozidla,nehoda s následky na životě nebo zdraví,povrch mokrý,neztížené,"ve dne, viditelnost nezhoršená vlivem povětrnostních podmínek",dobré,přechod pro chodce,komunikace sledovaná (ve vybraných městech),jízdní kolo,dobrý -žádné nepříznivé okolnosti nebyly zjiště,1,řidič,"s přilbou (pouze u motocyklistů, příp. cyklistů)",chlapec (do 15 let),lehké zranění,0,0,1,100,1555,15,srpen,neděle,0-6,Brno-sever,16.63687806,49.21373176,{033B2889-C28D-42ED-BF69-B2019DC52AC4}
16.653756737,49.154307384,1293,1,1294,60206211454,-595332.526,-1165624.616,2021/09/02 00:00:00+00,4,2021,9,srážka s jedoucím nekolejovým vozidlem,při odbočování vlevo,Ne,řidičem motorového vozidla,nehoda s následky na životě nebo zdraví,"povrch suchý, neznečistěný",neztížené,"ve dne, viditelnost nezhoršená vlivem povětrnostních podmínek",dobré,žádné nebo žádné z uvedených,uzel (křižovatka sledovaná ve vybraných městech),jízdní kolo,dobrý -žádné nepříznivé okolnosti nebyly zjiště,1,řidič,"s přilbou (pouze u motocyklistů, příp. cyklistů)",žena,těžké zranění,0,1,0,330,840,8,září,čtvrtek,61-70,Brno-Tuřany,16.65375673,49.15430738,{72AF5BBA-6D6F-46F8-9528-CF1EE155C551}
16.549030621,49.219011074,1294,1,1295,60206211462,-602148.086,-1157650.164,2021/09/02 00:00:00+00,4,2021,9,srážka s jedoucím nekolejovým vozidlem,řidič se plně nevěnoval řízení vozidla,Ne,řidičem nemotorového vozidla,nehoda pouze s hmotnou škodou,"povrch suchý, neznečistěný",neztížené,"ve dne, viditelnost nezhoršená vlivem povětrnostních podmínek",dobré,žádné nebo žádné z uvedených,komunikace místní,jízdní kolo,dobrý -žádné nepříznivé okolnosti nebyly zjiště,1,řidič,"s přilbou (pouze u motocyklistů, příp. cyklistů)",muž,bez zraněn,0,0,0,80,1630,16,září,čtvrtek,45-60,Brno-Komín,16.54903061,49.21901107,{4ACF9849-BC23-46E2-8A3F-C2113E8CB60D}
16.549030621,49.219011074,1295,1,1296,60206211462,-602148.086,-1157650.164,2021/09/02 00:00:00+00,4,2021,9,srážka s jedoucím nekolejovým vozidlem,řidič se plně nevěnoval řízení vozidla,Ne,řidičem nemotorového vozidla,nehoda pouze s hmotnou škodou,"povrch suchý, neznečistěný",neztížené,"ve dne, viditelnost nezhoršená vlivem povětrnostních podmínek",dobré,žádné nebo žádné z uvedených,komunikace místní,jízdní kolo,dobrý -žádné nepříznivé okolnosti nebyly zjiště,1,řidič,"s přilbou (pouze u motocyklistů, příp. cyklistů)",muž,bez zraněn,0,0,0,80,1630,16,září,čtvrtek,24-32,Brno-Komín,16.54903061,49.21901107,{83C15F3F-9FB2-401F-896E-E0C74C468CDE}
16.62778121,49.197593225,1296,1,1297,60206211487,-596700.287,-1160636.07,2021/09/05 00:00:00+00,7,2021,9,havárie,řidič se plně nevěnoval řízení vozidla,Ne,řidičem nemotorového vozidla,nehoda s následky na životě nebo zdraví,"povrch suchý, neznečistěný",neztížené,"ve dne, zhoršená viditelnost (svítání, soumrak)",dobré,žádné nebo žádné z uvedených,komunikace místní,jízdní kolo,dobrý -žádné nepříznivé okolnosti nebyly zjiště,1,řidič,"s přilbou (pouze u motocyklistů, příp. cyklistů)",muž,lehké zranění,0,0,1,30,1946,19,září,neděle,45-60,Brno-střed,16.6277812,49.19759322,{18A2C63E-616C-4564-B780-B0D277C1DB4B}
16.5635874320001,49.2163756150001,1297,1,1298,60206211488,-601125.595,-1158056.184,2021/09/06 00:00:00+00,1,2021,9,srážka s jedoucím nekolejovým vozidlem,řidič se plně nevěnoval řízení vozidla,Ne,řidičem motorového vozidla,nehoda s následky na životě nebo zdraví,"povrch suchý, neznečistěný",neztížené,"ve dne, viditelnost nezhoršená vlivem povětrnostních podmínek",dobré,žádné nebo žádné z uvedených,komunikace sledovaná (ve vybraných městech),jízdní kolo,dobrý -žádné nepříznivé okolnosti nebyly zjiště,1,řidič,"s přilbou (pouze u motocyklistů, příp. cyklistů)",žena,lehké zranění,0,0,1,200,625,6,září,pondělí,45-60,Brno-Komín,16.56358742,49.21637561,{D210F67B-162A-48F3-BCA5-F5ECE40C0EFF}
16.605609712,49.20567413,1298,1,1299,60206211525,-598210.114,-1159569.217,2021/09/09 00:00:00+00,4,2021,9,srážka s jedoucím nekolejovým vozidlem,při odbočování vlevo,Ne,řidičem motorového vozidla,nehoda s následky na životě nebo zdraví,"povrch suchý, neznečistěný",neztížené,"ve dne, viditelnost nezhoršená vlivem povětrnostních podmínek",dobré,přechod pro chodce,uzel (křižovatka sledovaná ve vybraných městech),jízdní kolo,dobrý -žádné nepříznivé okolnosti nebyly zjiště,1,řidič,"bez přilby (pouze u motocyklistů, příp. cyklistů)",muž,lehké zranění,0,0,1,120,1600,16,září,čtvrtek,24-32,Brno-střed,16.6056097,49.20567413,{A648BF62-1636-4FB9-9457-3D757FE440AD}
16.601121398,49.1815060700001,1299,1,1300,60206211541,-598824.286,-1162206.035,2021/09/11 00:00:00+00,6,2021,9,havárie,nepřizpůsobení rychlosti vlastnostem vozidla a nákladu,Nezjišťován,řidičem nemotorového vozidla,nehoda s následky na životě nebo zdraví,povrch mokrý,déšť,"v noci - s veřejným osvětlením, viditelnost nezhoršená vlivem povětrnostních podmínek",dobré,žádné nebo žádné z uvedených,komunikace sledovaná (ve vybraných městech),jízdní kolo,dobrý -žádné nepříznivé okolnosti nebyly zjiště,1,řidič,"bez přilby (pouze u motocyklistů, příp. cyklistů)",muž,lehké zranění,0,0,1,0,2335,23,září,sobota,33-44,Brno-střed,16.60112139,49.18150607,{C59AA569-7EE9-4B69-ADD3-184479EDD876}
16.691808168,49.182352963,1300,1,1301,60206211543,-592241.229,-1162819.426,2021/09/12 00:00:00+00,7,2021,9,srážka s jedoucím nekolejovým vozidlem,proti příkazu dopravní značky DEJ PŘEDNOST,Ne,řidičem motorového vozidla,nehoda s následky na životě nebo zdraví,"povrch suchý, neznečistěný",neztížené,"ve dne, viditelnost nezhoršená vlivem povětrnostních podmínek",dobré,žádné nebo žádné z uvedených,uzel (křižovatka sledovaná ve vybraných městech),jízdní kolo,"pod vlivem alkoholu, obsah alkoholu v krvi do 0,99 ‰",1,řidič,"s přilbou (pouze u motocyklistů, příp. cyklistů)",žena,lehké zranění,0,0,1,30,1452,14,září,neděle,33-44,Brno-Slatina,16.69180816,49.18235296,{4DF5D2DB-14D9-42E7-AC69-6C786A87C193}
16.566132458,49.198871748,1301,1,1302,60206211545,-601151.512,-1160011.316,2021/09/12 00:00:00+00,7,2021,9,"srážka s vozidlem zaparkovaným, odstaveným",nepřizpůsobení rychlosti vlastnostem vozidla a nákladu,"Ano, obsah alkoholu v krvi 1,5‰ a více",řidičem nemotorového vozidla,nehoda s následky na životě nebo zdraví,"povrch suchý, neznečistěný",neztížené,"v noci - s veřejným osvětlením, viditelnost nezhoršená vlivem povětrnostních podmínek",dobré,parkoviště přiléhající ke komunikaci,komunikace sledovaná (ve vybraných městech),jízdní kolo,pod vlivem alkoholu obsah alkoholu v krvi 1 ‰ a víc,1,řidič,"bez přilby (pouze u motocyklistů, příp. cyklistů)",muž,lehké zranění,0,0,1,70,2325,23,září,neděle,61-70,Brno-Jundrov,16.56613245,49.19887174,{010601FF-0939-4E6E-9894-01C7B3996AA3}
16.576395228,49.2134211810001,1302,1,1303,60206211549,-600233.471,-1158483.534,2021/09/13 00:00:00+00,1,2021,9,srážka s jedoucím nekolejovým vozidlem,proti příkazu dopravní značky DEJ PŘEDNOST,Ne,řidičem motorového vozidla,nehoda s následky na životě nebo zdraví,"povrch suchý, neznečistěný",neztížené,"ve dne, viditelnost nezhoršená vlivem povětrnostních podmínek",dobré,parkoviště přiléhající ke komunikaci,komunikace místní,jízdní kolo,dobrý -žádné nepříznivé okolnosti nebyly zjiště,1,řidič,"bez přilby (pouze u motocyklistů, příp. cyklistů)",muž,lehké zranění,0,0,1,220,1205,12,září,pondělí,33-44,Brno-Žabovřesky,16.57639522,49.21342118,{FC191DDD-9321-4CD1-9812-E627DA4910BD}
16.5744415460001,49.218963473,1303,1,1304,60206211565,-600308.471,-1157855.454,2021/09/15 00:00:00+00,3,2021,9,srážka s jedoucím nekolejovým vozidlem,řidič se plně nevěnoval řízení vozidla,Ne,řidičem motorového vozidla,nehoda pouze s hmotnou škodou,"povrch suchý, neznečistěný",neztížené,"ve dne, viditelnost nezhoršená vlivem povětrnostních podmínek",dobré,přechod pro chodce,komunikace místní,jízdní kolo,dobrý -žádné nepříznivé okolnosti nebyly zjiště,1,řidič,"s přilbou (pouze u motocyklistů, příp. cyklistů)",muž,bez zraněn,0,0,0,110,1305,13,září,středa,45-60,Brno-Žabovřesky,16.57444154,49.21896347,{F1B98A58-EEF0-4778-95F9-AE44F20245FB}
16.6245005430001,49.2036395920001,1304,1,1305,60206211579,-596865.884,-1159941.938,2021/09/16 00:00:00+00,4,2021,9,havárie,nepřizpůsobení rychlosti vlastnostem vozidla a nákladu,"Ano, obsah alkoholu v krvi 1,5‰ a více",řidičem nemotorového vozidla,nehoda s následky na životě nebo zdraví,povrch mokrý,"na počátku deště, slabý déšť, mrholení apod.","v noci - s veřejným osvětlením, viditelnost nezhoršená vlivem povětrnostních podmínek",dobré,žádné nebo žádné z uvedených,komunikace sledovaná (ve vybraných městech),jízdní kolo,pod vlivem alkoholu obsah alkoholu v krvi 1 ‰ a víc,1,řidič,"bez přilby (pouze u motocyklistů, příp. cyklistů)",muž,lehké zranění,0,0,1,10,2350,23,září,čtvrtek,19-24,Brno-sever,16.62450053,49.20363959,{D3517334-1D81-45B8-BA4D-F5C7BD0DC390}
16.6649113730001,49.148255776,1305,1,1306,60206211587,-594595.38,-1166380.604,2021/09/17 00:00:00+00,5,2021,9,srážka s jedoucím nekolejovým vozidlem,vozidlu přijíždějícímu zprava,Ne,řidičem nemotorového vozidla,nehoda s následky na životě nebo zdraví,"povrch suchý, neznečistěný",neztížené,"ve dne, viditelnost nezhoršená vlivem povětrnostních podmínek",dobré,žádné nebo žádné z uvedených,komunikace místní,jízdní kolo,dobrý -žádné nepříznivé okolnosti nebyly zjiště,1,ostatní spolucestující (i v postranním vozíku motocyklu),"bez přilby (pouze u motocyklistů, příp. cyklistů)",chlapec (do 15 let),lehké zranění,0,0,1,120,1734,17,září,pátek,12-15,Brno-Tuřany,16.66491136,49.14825577,{E7F9858B-73BB-4DEF-A5B7-7994CA479829}
16.6649113730001,49.148255776,1306,1,1307,60206211587,-594595.38,-1166380.604,2021/09/17 00:00:00+00,5,2021,9,srážka s jedoucím nekolejovým vozidlem,vozidlu přijíždějícímu zprava,Ne,řidičem nemotorového vozidla,nehoda s následky na životě nebo zdraví,"povrch suchý, neznečistěný",neztížené,"ve dne, viditelnost nezhoršená vlivem povětrnostních podmínek",dobré,žádné nebo žádné z uvedených,komunikace místní,jízdní kolo,dobrý -žádné nepříznivé okolnosti nebyly zjiště,1,řidič,"bez přilby (pouze u motocyklistů, příp. cyklistů)",chlapec (do 15 let),bez zraněn,0,0,1,120,1734,17,září,pátek,12-15,Brno-Tuřany,16.66491136,49.14825577,{99DA2C57-F74D-4CE4-B5DE-31213AFE8150}
16.609960867,49.190586309,1307,1,1308,60206211589,-598075.156,-1161271.391,2021/09/17 00:00:00+00,5,2021,9,"srážka s vozidlem zaparkovaným, odstaveným",nezaviněná řidičem,Nezjišťován,jiné zaviněn,nehoda s následky na životě nebo zdraví,povrch mokrý,déšť,"ve dne, viditelnost nezhoršená vlivem povětrnostních podmínek",dobré,parkoviště přiléhající ke komunikaci,komunikace místní,jízdní kolo,dobrý -žádné nepříznivé okolnosti nebyly zjiště,1,řidič,"s přilbou (pouze u motocyklistů, příp. cyklistů)",žena,lehké zranění,0,0,1,60,1850,18,září,pátek,33-44,Brno-střed,16.60996086,49.19058631,{0974EC35-4D24-404F-AF80-76E547303795}
16.602888846,49.1897414360001,1308,1,1309,60206211607,-598597.72,-1161309.401,2021/09/21 00:00:00+00,2,2021,9,havárie,řidič se plně nevěnoval řízení vozidla,"Ano, obsah alkoholu v krvi 1,5‰ a více",řidičem nemotorového vozidla,nehoda s následky na životě nebo zdraví,"povrch suchý, neznečistěný",neztížené,"v noci - s veřejným osvětlením, viditelnost nezhoršená vlivem povětrnostních podmínek",dobré,žádné nebo žádné z uvedených,komunikace sledovaná (ve vybraných městech),jízdní kolo,pod vlivem alkoholu obsah alkoholu v krvi 1 ‰ a víc,1,řidič,"bez přilby (pouze u motocyklistů, příp. cyklistů)",žena,lehké zranění,0,0,1,0,10,1,září,úterý,24-32,Brno-střed,16.60288884,49.18974143,{C8ECD0B5-771F-4EDF-919D-81447CBCE825}
16.5712494900001,49.2177294970001,1309,1,1310,60206211628,-600554.446,-1157966.782,2021/09/23 00:00:00+00,4,2021,9,jiný druh nehody,řidič se plně nevěnoval řízení vozidla,Ne,řidičem motorového vozidla,nehoda s následky na životě nebo zdraví,"povrch suchý, neznečistěný",neztížené,"ve dne, viditelnost nezhoršená vlivem povětrnostních podmínek",dobré,parkoviště přiléhající ke komunikaci,komunikace místní,jízdní kolo,dobrý -žádné nepříznivé okolnosti nebyly zjiště,1,řidič,"s přilbou (pouze u motocyklistů, příp. cyklistů)",muž,lehké zranění,0,0,1,100,1600,16,září,čtvrtek,24-32,Brno-Žabovřesky,16.57124948,49.21772949,{F5E3EB90-4893-4486-B77A-82DCF8E24CCD}
16.5636936240001,49.183544055,1310,1,1311,60206211632,-601512.346,-1161686.63,2021/09/24 00:00:00+00,5,2021,9,havárie,řidič se plně nevěnoval řízení vozidla,Nezjišťován,řidičem nemotorového vozidla,nehoda s následky na životě nebo zdraví,"povrch suchý, neznečistěný",neztížené,"ve dne, viditelnost nezhoršená vlivem povětrnostních podmínek",dobré,"zastávka autobusu, trolejbusu, tramvaje s nástup. ostrůvkem",komunikace sledovaná (ve vybraných městech),jízdní kolo,dobrý -žádné nepříznivé okolnosti nebyly zjiště,1,řidič,"bez přilby (pouze u motocyklistů, příp. cyklistů)",muž,lehké zranění,0,0,1,20,725,7,září,pátek,45-60,Brno-Nový Lískovec,16.56369362,49.18354405,{E7E50BAB-FE1F-4D0A-8589-2653BE925081}
16.540647635,49.218732265,1311,1,1312,60206211639,-602758.502,-1157614.862,2021/09/25 00:00:00+00,6,2021,9,srážka s jedoucím nekolejovým vozidlem,řidič se plně nevěnoval řízení vozidla,"Ano, obsah alkoholu v krvi do 0,24 ‰",řidičem nemotorového vozidla,nehoda s následky na životě nebo zdraví,"povrch suchý, neznečistěný",neztížené,"ve dne, viditelnost nezhoršená vlivem povětrnostních podmínek",dobré,žádné nebo žádné z uvedených,"komunikace účelová - ostatní (parkoviště, odpočívky apod.",jízdní kolo,dobrý -žádné nepříznivé okolnosti nebyly zjiště,1,řidič,"s přilbou (pouze u motocyklistů, příp. cyklistů)",muž,bez zraněn,0,0,1,10,745,7,září,sobota,33-44,Brno-Komín,16.54064763,49.21873226,{463E35D1-F6F9-4717-995A-CC329344EC70}