X,Y,objectid,join_count,target_fid,id,d,e,datum,den,rok,mesic,srazka,pricina,alkohol,zavineni,nasledky,stav_vozovky,povetrnostni_podm,viditelnost,rozhled,misto_nehody,druh_komun,druh_vozidla,stav_ridic,ovlivneni_ridice,osoba,ozn_osoba,pohlavi,nasledek,usmrceno_os,tezce_zran_os,lehce_zran_os,hmotna_skoda,cas,hodina,mesic_t,den_v_tydnu,vek_skupina,nazev,point_x,point_y,globalid
16.540647635,49.218732265,1312,1,1313,60206211639,-602758.502,-1157614.862,2021/09/25 00:00:00+00,6,2021,9,srážka s jedoucím nekolejovým vozidlem,řidič se plně nevěnoval řízení vozidla,"Ano, obsah alkoholu v krvi do 0,24 ‰",řidičem nemotorového vozidla,nehoda s následky na životě nebo zdraví,"povrch suchý, neznečistěný",neztížené,"ve dne, viditelnost nezhoršená vlivem povětrnostních podmínek",dobré,žádné nebo žádné z uvedených,"komunikace účelová - ostatní (parkoviště, odpočívky apod.",jízdní kolo,"pod vlivem alkoholu, obsah alkoholu v krvi do 0,99 ‰",1,řidič,"s přilbou (pouze u motocyklistů, příp. cyklistů)",žena,lehké zranění,0,0,1,10,745,7,září,sobota,61-70,Brno-Komín,16.54064763,49.21873226,{36BD6EF0-12C2-459C-9ADC-6CE0426FA6F3}
16.626159713,49.1884848230001,1313,1,1314,60206211643,-596926.37,-1161630.447,2021/09/26 00:00:00+00,7,2021,9,havárie,řidič se plně nevěnoval řízení vozidla,Ne,řidičem nemotorového vozidla,nehoda s následky na životě nebo zdraví,"povrch suchý, neznečistěný",neztížené,"ve dne, viditelnost nezhoršená vlivem povětrnostních podmínek",dobré,žádné nebo žádné z uvedených,komunikace sledovaná (ve vybraných městech),jízdní kolo,dobrý -žádné nepříznivé okolnosti nebyly zjiště,1,řidič,"bez přilby (pouze u motocyklistů, příp. cyklistů)",muž,lehké zranění,0,0,1,0,930,9,září,neděle,71 a více,Brno-střed,16.6261597,49.18848482,{DADDC8BC-E4DE-4A03-80CF-7E3059EC35E6}
16.4855681450001,49.2068200260001,1314,1,1315,60206211680,-606891.42,-1158495.506,2021/10/01 00:00:00+00,5,2021,10,srážka s jedoucím nekolejovým vozidlem,při odbočování vlevo,Ne,řidičem motorového vozidla,nehoda s následky na životě nebo zdraví,"povrch suchý, neznečistěný",neztížené,"ve dne, viditelnost nezhoršená vlivem povětrnostních podmínek",dobré,žádné nebo žádné z uvedených,komunikace sledovaná (ve vybraných městech),jízdní kolo,dobrý -žádné nepříznivé okolnosti nebyly zjiště,1,řidič,"s přilbou (pouze u motocyklistů, příp. cyklistů)",muž,lehké zranění,0,0,1,500,1710,17,říjen,pátek,33-44,Brno-Žebětín,16.48556814,49.20682002,{CF86B6CE-3FEA-47F8-89BB-8E50F1BE2A6F}
16.618190913,49.1919021790001,1315,1,1316,60206211687,-597463.069,-1161190.316,2021/10/02 00:00:00+00,6,2021,10,jiný druh nehody,řidič se plně nevěnoval řízení vozidla,Ne,řidičem nemotorového vozidla,nehoda s následky na životě nebo zdraví,"povrch suchý, neznečistěný",neztížené,"v noci - s veřejným osvětlením, viditelnost nezhoršená vlivem povětrnostních podmínek",dobré,přechod pro chodce,komunikace sledovaná (ve vybraných městech),jízdní kolo,dobrý -žádné nepříznivé okolnosti nebyly zjiště,1,řidič,"bez přilby (pouze u motocyklistů, příp. cyklistů)",muž,lehké zranění,0,0,1,0,2330,23,říjen,sobota,16-18,Brno-střed,16.6181909,49.19190218,{CC830A4E-E647-4767-BD6C-16EB12BCAF8E}
16.6236711610001,49.1785263840001,1316,1,1317,60206211692,-597225.479,-1162712.018,2021/10/03 00:00:00+00,7,2021,10,srážka s jedoucím nekolejovým vozidlem,řidič se plně nevěnoval řízení vozidla,Ne,řidičem nemotorového vozidla,nehoda s následky na životě nebo zdraví,"povrch suchý, neznečistěný",neztížené,"ve dne, viditelnost nezhoršená vlivem povětrnostních podmínek",dobré,žádné nebo žádné z uvedených,komunikace místní,jízdní kolo,dobrý -žádné nepříznivé okolnosti nebyly zjiště,1,řidič,"s přilbou (pouze u motocyklistů, příp. cyklistů)",chlapec (do 15 let),lehké zranění,0,1,1,120,1528,15,říjen,neděle,12-15,Brno-jih,16.62367115,49.17852638,{2D38F3EB-C314-4480-A222-902D3B339622}
16.6236711610001,49.1785263840001,1317,1,1318,60206211692,-597225.479,-1162712.018,2021/10/03 00:00:00+00,7,2021,10,srážka s jedoucím nekolejovým vozidlem,řidič se plně nevěnoval řízení vozidla,Ne,řidičem nemotorového vozidla,nehoda s následky na životě nebo zdraví,"povrch suchý, neznečistěný",neztížené,"ve dne, viditelnost nezhoršená vlivem povětrnostních podmínek",dobré,žádné nebo žádné z uvedených,komunikace místní,jízdní kolo,dobrý -žádné nepříznivé okolnosti nebyly zjiště,1,řidič,"s přilbou (pouze u motocyklistů, příp. cyklistů)",muž,těžké zranění,0,1,1,120,1528,15,říjen,neděle,33-44,Brno-jih,16.62367115,49.17852638,{82D36D2F-C0FA-4EA3-B3D1-72BB1931DEE3}
16.5719091290001,49.1933013460001,1318,1,1319,60206211710,-600799.864,-1160672.595,2021/10/05 00:00:00+00,2,2021,10,srážka s jedoucím nekolejovým vozidlem,řidič se plně nevěnoval řízení vozidla,Ne,řidičem motorového vozidla,nehoda s následky na životě nebo zdraví,"povrch suchý, neznečistěný",neztížené,"ve dne, viditelnost nezhoršená vlivem povětrnostních podmínek",dobré,parkoviště přiléhající ke komunikaci,komunikace sledovaná (ve vybraných městech),jízdní kolo,dobrý -žádné nepříznivé okolnosti nebyly zjiště,1,řidič,"s přilbou (pouze u motocyklistů, příp. cyklistů)",muž,lehké zranění,0,0,1,300,1525,15,říjen,úterý,45-60,Brno-střed,16.57190912,49.19330134,{640772F3-8252-4E9D-B2A0-62818E877D07}
16.594988594,49.184763376,1319,1,1320,60206211730,-599229.781,-1161797.818,2021/10/07 00:00:00+00,4,2021,10,srážka s tramvají,řidič se plně nevěnoval řízení vozidla,Ne,řidičem nemotorového vozidla,nehoda s následky na životě nebo zdraví,"povrch suchý, neznečistěný",neztížené,"v noci - s veřejným osvětlením, viditelnost nezhoršená vlivem povětrnostních podmínek",dobré,žádné nebo žádné z uvedených,komunikace sledovaná (ve vybraných městech),jízdní kolo,dobrý -žádné nepříznivé okolnosti nebyly zjiště,1,řidič,"bez přilby (pouze u motocyklistů, příp. cyklistů)",žena,lehké zranění,0,0,1,60,1851,18,říjen,čtvrtek,33-44,Brno-střed,16.59498859,49.18476337,{9CD2BA31-0DC9-4B5F-B2C1-E48004F8AB5D}
16.6317067640001,49.1897117550001,1320,1,1321,60206211738,-596509.764,-1161538.128,2021/10/08 00:00:00+00,5,2021,10,srážka s jedoucím nekolejovým vozidlem,při odbočování vlevo,Ne,řidičem motorového vozidla,nehoda s následky na životě nebo zdraví,"povrch suchý, neznečistěný",neztížené,"ve dne, viditelnost nezhoršená vlivem povětrnostních podmínek",dobré,přechod pro chodce,uzel (křižovatka sledovaná ve vybraných městech),jízdní kolo,dobrý -žádné nepříznivé okolnosti nebyly zjiště,1,řidič,"s přilbou (pouze u motocyklistů, příp. cyklistů)",muž,lehké zranění,0,0,1,150,1736,17,říjen,pátek,19-24,Brno-Černovice,16.63170676,49.18971175,{E8E0C122-E087-456C-860E-8C9CC69DA32C}
16.6493510290001,49.1955576220001,1321,1,1322,60206211753,-595161.617,-1161029.415,2021/10/10 00:00:00+00,7,2021,10,havárie,řidič se plně nevěnoval řízení vozidla,Ne,řidičem nemotorového vozidla,nehoda s následky na životě nebo zdraví,"povrch suchý, neznečistěný",neztížené,"ve dne, viditelnost nezhoršená vlivem povětrnostních podmínek",dobré,v blízkosti přechodu pro chodce (do vzdálenosti 20 m),komunikace sledovaná (ve vybraných městech),jízdní kolo,dobrý -žádné nepříznivé okolnosti nebyly zjiště,1,řidič,"bez přilby (pouze u motocyklistů, příp. cyklistů)",žena,lehké zranění,0,0,1,0,1442,14,říjen,neděle,61-70,Brno-Židenice,16.64935102,49.19555762,{F1EF75E9-5F9F-4902-B623-E042F3A3399E}
16.666614419,49.203631595,1322,1,1323,60206211787,-593814.902,-1160271.051,2021/10/14 00:00:00+00,4,2021,10,jiný druh nehody,nezvládnutí řízení vozidla,Ne,řidičem nemotorového vozidla,nehoda pouze s hmotnou škodou,"povrch suchý, neznečistěný",neztížené,"ve dne, viditelnost nezhoršená vlivem povětrnostních podmínek",dobré,žádné nebo žádné z uvedených,komunikace sledovaná (ve vybraných městech),jízdní kolo,dobrý -žádné nepříznivé okolnosti nebyly zjiště,1,řidič,"s přilbou (pouze u motocyklistů, příp. cyklistů)",chlapec (do 15 let),bez zraněn,0,0,0,1,1335,13,říjen,čtvrtek,12-15,Brno-Líšeň,16.66661441,49.20363159,{C6556FE9-0118-4BE1-BCEE-A850ED8EBEAC}
16.650294129,49.197488691,1323,1,1324,60206211794,-595070.324,-1160823.252,2021/10/15 00:00:00+00,5,2021,10,srážka s jedoucím nekolejovým vozidlem,řidič se plně nevěnoval řízení vozidla,Ne,řidičem motorového vozidla,nehoda s následky na životě nebo zdraví,"povrch suchý, neznečistěný",neztížené,"ve dne, viditelnost nezhoršená vlivem povětrnostních podmínek",dobré,žádné nebo žádné z uvedených,komunikace místní,jízdní kolo,dobrý -žádné nepříznivé okolnosti nebyly zjiště,1,řidič,"s přilbou (pouze u motocyklistů, příp. cyklistů)",muž,bez zraněn,0,0,1,20,820,8,říjen,pátek,33-44,Brno-Židenice,16.65029412,49.19748869,{1C6C02BC-28FA-49AC-A18A-98EDAD127275}
16.650294129,49.197488691,1324,1,1325,60206211794,-595070.324,-1160823.252,2021/10/15 00:00:00+00,5,2021,10,srážka s jedoucím nekolejovým vozidlem,řidič se plně nevěnoval řízení vozidla,Ne,řidičem motorového vozidla,nehoda s následky na životě nebo zdraví,"povrch suchý, neznečistěný",neztížené,"ve dne, viditelnost nezhoršená vlivem povětrnostních podmínek",dobré,žádné nebo žádné z uvedených,komunikace místní,jízdní kolo,dobrý -žádné nepříznivé okolnosti nebyly zjiště,1,ostatní spolucestující (i v postranním vozíku motocyklu),"s přilbou (pouze u motocyklistů, příp. cyklistů)",dívka (do 15 let),lehké zranění,0,0,1,20,820,8,říjen,pátek,0-6,Brno-Židenice,16.65029412,49.19748869,{D3D8ADC2-1F41-4C82-BA78-1F1B1F92B920}
16.597451752,49.20577933,1325,1,1326,60206211822,-598799.824,-1159493.663,2021/10/18 00:00:00+00,1,2021,10,havárie,řidič se plně nevěnoval řízení vozidla,"Ano, obsah alkoholu v krvi 1,5‰ a více",řidičem nemotorového vozidla,nehoda s následky na životě nebo zdraví,"povrch suchý, neznečistěný",neztížené,"v noci - s veřejným osvětlením, viditelnost nezhoršená vlivem povětrnostních podmínek",dobré,přechod pro chodce,uzel (křižovatka sledovaná ve vybraných městech),jízdní kolo,pod vlivem alkoholu obsah alkoholu v krvi 1 ‰ a víc,1,řidič,"bez přilby (pouze u motocyklistů, příp. cyklistů)",muž,lehké zranění,0,0,1,10,2331,23,říjen,pondělí,33-44,Brno-střed,16.59745174,49.20577933,{BA6F82B8-D1F5-4FF9-9EAC-6F955E6E8B35}
16.6017294010001,49.199803946,1326,1,1327,60206211834,-598561.406,-1160187.819,2021/10/20 00:00:00+00,3,2021,10,"srážka s vozidlem zaparkovaným, odstaveným",řidič se plně nevěnoval řízení vozidla,Ne,řidičem motorového vozidla,nehoda s následky na životě nebo zdraví,"povrch suchý, neznečistěný",neztížené,"ve dne, viditelnost nezhoršená vlivem povětrnostních podmínek",dobré,přechod pro chodce,komunikace sledovaná (ve vybraných městech),jízdní kolo,dobrý -žádné nepříznivé okolnosti nebyly zjiště,1,řidič,"bez přilby (pouze u motocyklistů, příp. cyklistů)",muž,lehké zranění,0,0,1,110,840,8,říjen,středa,24-32,Brno-střed,16.60172939,49.19980394,{940E5E71-6992-4470-AF33-443777AE23B5}
16.578093269,49.214099167,1327,1,1328,60206211861,-600102.356,-1158421.922,2021/10/23 00:00:00+00,6,2021,10,srážka s jedoucím nekolejovým vozidlem,"při předjíždění došlo k ohrožení předjížděného řidiče vozidla (vynucované zařazení, předjížděný řidič musel prudce brzdit, měnit směr jízdy apod.)",Ne,řidičem motorového vozidla,nehoda s následky na životě nebo zdraví,"povrch suchý, neznečistěný",neztížené,"ve dne, viditelnost nezhoršená vlivem povětrnostních podmínek",dobré,žádné nebo žádné z uvedených,komunikace místní,jízdní kolo,dobrý -žádné nepříznivé okolnosti nebyly zjiště,1,řidič,"s přilbou (pouze u motocyklistů, příp. cyklistů)",muž,lehké zranění,0,0,2,110,1130,11,říjen,sobota,33-44,Brno-Žabovřesky,16.57809326,49.21409916,{01D9E879-E699-4CE6-A42B-D1DD5867093D}
16.578093269,49.214099167,1328,1,1329,60206211861,-600102.356,-1158421.922,2021/10/23 00:00:00+00,6,2021,10,srážka s jedoucím nekolejovým vozidlem,"při předjíždění došlo k ohrožení předjížděného řidiče vozidla (vynucované zařazení, předjížděný řidič musel prudce brzdit, měnit směr jízdy apod.)",Ne,řidičem motorového vozidla,nehoda s následky na životě nebo zdraví,"povrch suchý, neznečistěný",neztížené,"ve dne, viditelnost nezhoršená vlivem povětrnostních podmínek",dobré,žádné nebo žádné z uvedených,komunikace místní,jízdní kolo,"pod vlivem alkoholu, obsah alkoholu v krvi do 0,99 ‰",1,řidič,"s přilbou (pouze u motocyklistů, příp. cyklistů)",muž,lehké zranění,0,0,2,110,1130,11,říjen,sobota,33-44,Brno-Žabovřesky,16.57809326,49.21409916,{40970A5C-0126-401E-B4CC-C8C9016A1A14}
16.591828854,49.20753955,1329,1,1330,60206211883,-599186.071,-1159254.962,2021/10/27 00:00:00+00,3,2021,10,havárie,nepřizpůsobení rychlosti vlastnostem vozidla a nákladu,"Ano, obsah alkoholu v krvi 1,5‰ a více",řidičem nemotorového vozidla,nehoda s následky na životě nebo zdraví,"povrch suchý, neznečistěný",neztížené,"v noci - s veřejným osvětlením, viditelnost nezhoršená vlivem povětrnostních podmínek",dobré,v blízkosti přechodu pro chodce (do vzdálenosti 20 m),komunikace sledovaná (ve vybraných městech),jízdní kolo,pod vlivem alkoholu obsah alkoholu v krvi 1 ‰ a víc,0,řidič,"bez přilby (pouze u motocyklistů, příp. cyklistů)",muž,lehké zranění,0,0,1,0,120,1,říjen,středa,19-24,Brno-střed,16.59182885,49.20753955,{59397BDA-23AC-4201-ACA9-15043FF6A9EA}
16.634371925,49.1927708370001,1330,1,1331,60206211897,-596280.191,-1161220.715,2021/10/28 00:00:00+00,4,2021,10,srážka s jedoucím nekolejovým vozidlem,při odbočování vlevo,Ne,řidičem motorového vozidla,nehoda s následky na životě nebo zdraví,"povrch suchý, neznečistěný",neztížené,"ve dne, viditelnost nezhoršená vlivem povětrnostních podmínek",dobré,v blízkosti přechodu pro chodce (do vzdálenosti 20 m),uzel (křižovatka sledovaná ve vybraných městech),jízdní kolo,dobrý -žádné nepříznivé okolnosti nebyly zjiště,1,řidič,"s přilbou (pouze u motocyklistů, příp. cyklistů)",muž,lehké zranění,0,0,1,150,1246,12,říjen,čtvrtek,33-44,Brno-Židenice,16.63437192,49.19277083,{1D5E6C8E-5F11-42EA-BAB4-79448A37031A}
16.643190648,49.1884354170001,1331,1,1332,60206211915,-595692.738,-1161768.864,2021/10/31 00:00:00+00,7,2021,10,srážka s jedoucím nekolejovým vozidlem,při odbočování vlevo,Ne,řidičem motorového vozidla,nehoda s následky na životě nebo zdraví,"povrch suchý, neznečistěný",neztížené,"v noci - s veřejným osvětlením, viditelnost nezhoršená vlivem povětrnostních podmínek",dobré,v blízkosti přechodu pro chodce (do vzdálenosti 20 m),uzel (křižovatka sledovaná ve vybraných městech),jízdní kolo,dobrý -žádné nepříznivé okolnosti nebyly zjiště,1,řidič,"bez přilby (pouze u motocyklistů, příp. cyklistů)",muž,lehké zranění,0,0,1,100,1735,17,říjen,neděle,19-24,Brno-Černovice,16.64319064,49.18843541,{0821FF04-B2AD-4806-AEF2-17AD5C409E7D}
16.6104750150001,49.193097419,1332,1,1333,60206211931,-598007.902,-1160997.789,2021/11/02 00:00:00+00,2,2021,11,havárie,řidič se plně nevěnoval řízení vozidla,Ne,řidičem nemotorového vozidla,nehoda s následky na životě nebo zdraví,"povrch suchý, neznečistěný",neztížené,"ve dne, viditelnost nezhoršená vlivem povětrnostních podmínek",dobré,žádné nebo žádné z uvedených,uzel (křižovatka sledovaná ve vybraných městech),jízdní kolo,dobrý -žádné nepříznivé okolnosti nebyly zjiště,1,řidič,"s přilbou (pouze u motocyklistů, příp. cyklistů)",muž,lehké zranění,0,0,1,0,1245,12,listopad,úterý,24-32,Brno-střed,16.61047501,49.19309742,{02D42CD4-65B5-40C1-9880-D093E1A4FB31}
16.6058723840001,49.163315009,1333,1,1334,60206211945,-598697.378,-1164254.451,2021/11/04 00:00:00+00,4,2021,11,havárie,nezaviněná řidičem,Nezjišťován,závadou komunikace,nehoda pouze s hmotnou škodou,povrch mokrý,"na počátku deště, slabý déšť, mrholení apod.","ve dne, viditelnost nezhoršená vlivem povětrnostních podmínek","špatné - vlivem průběhu komunikace, nebo podélného profilu nebo trasování (nepřehledný vrchol stoupání, zářez komunikace apod.)",žádné nebo žádné z uvedených,komunikace místní,jízdní kolo,dobrý -žádné nepříznivé okolnosti nebyly zjiště,1,řidič,"s přilbou (pouze u motocyklistů, příp. cyklistů)",žena,bez zraněn,0,0,0,10,655,6,listopad,čtvrtek,45-60,Brno-jih,16.60587238,49.16331501,{5A71F68F-48C4-46C2-B12F-608AFD818BF4}
16.5987203220001,49.1982619510001,1334,1,1335,60206211957,-598797.858,-1160334.714,2021/11/05 00:00:00+00,5,2021,11,havárie,"nepřizpůsobení rychlosti stavu vozovky (náledí, výtluky, bláto, mokrý povrch apod.)",Ne,řidičem nemotorového vozidla,nehoda s následky na životě nebo zdraví,"povrch suchý, neznečistěný",neztížené,"ve dne, viditelnost nezhoršená vlivem povětrnostních podmínek",dobré,žádné nebo žádné z uvedených,komunikace sledovaná (ve vybraných městech),jízdní kolo,dobrý -žádné nepříznivé okolnosti nebyly zjiště,1,řidič,"s přilbou (pouze u motocyklistů, příp. cyklistů)",muž,lehké zranění,0,0,1,40,800,8,listopad,pátek,45-60,Brno-střed,16.59872031,49.19826195,{EB3349DC-8220-4924-B46C-9976D02E74FD}
16.6156909220001,49.1916932280001,1335,1,1336,60206211984,-597646.719,-1161193.86,2021/11/09 00:00:00+00,2,2021,11,havárie,řidič se plně nevěnoval řízení vozidla,"Ano, obsah alkoholu v krvi 1,5‰ a více",řidičem nemotorového vozidla,nehoda s následky na životě nebo zdraví,"povrch suchý, neznečistěný",neztížené,"v noci - s veřejným osvětlením, viditelnost nezhoršená vlivem povětrnostních podmínek",dobré,žádné nebo žádné z uvedených,komunikace sledovaná (ve vybraných městech),jízdní kolo,pod vlivem alkoholu obsah alkoholu v krvi 1 ‰ a víc,1,řidič,"bez přilby (pouze u motocyklistů, příp. cyklistů)",muž,lehké zranění,0,0,1,10,2018,20,listopad,úterý,33-44,Brno-střed,16.61569091,49.19169322,{4EBE0F50-FCA7-43ED-9D14-3440DB96F21B}
16.633423443,49.2203871400001,1336,1,1337,60206212010,-596019.951,-1158159.953,2021/11/12 00:00:00+00,5,2021,11,srážka s jedoucím nekolejovým vozidlem,při odbočování vlevo,Ne,řidičem motorového vozidla,nehoda s následky na životě nebo zdraví,"povrch suchý, neznečistěný",neztížené,"v noci - s veřejným osvětlením, viditelnost nezhoršená vlivem povětrnostních podmínek",dobré,žádné nebo žádné z uvedených,komunikace sledovaná (ve vybraných městech),jízdní kolo,dobrý -žádné nepříznivé okolnosti nebyly zjiště,1,řidič,"s přilbou (pouze u motocyklistů, příp. cyklistů)",muž,lehké zranění,0,0,1,250,1935,19,listopad,pátek,61-70,Brno-sever,16.63342343,49.22038714,{48DC07E3-13F3-46FD-B212-C8FFF1DAFB36}
16.5956218320001,49.1891965770001,1337,1,1338,60206212045,-599130.836,-1161312.663,2021/11/19 00:00:00+00,5,2021,11,srážka s jedoucím nekolejovým vozidlem,řidič se plně nevěnoval řízení vozidla,Ne,řidičem nemotorového vozidla,nehoda pouze s hmotnou škodou,"povrch suchý, neznečistěný",neztížené,"ve dne, viditelnost nezhoršená vlivem povětrnostních podmínek",dobré,žádné nebo žádné z uvedených,komunikace sledovaná (ve vybraných městech),jízdní kolo,dobrý -žádné nepříznivé okolnosti nebyly zjiště,1,řidič,"bez přilby (pouze u motocyklistů, příp. cyklistů)",muž,bez zraněn,0,0,0,100,1550,15,listopad,pátek,33-44,Brno-střed,16.59562182,49.18919657,{6B2C4282-CE94-4477-BB23-DF096CAB3F6B}
16.613518006,49.1931483550001,1338,1,1339,60206212066,-597786.798,-1161015.977,2021/11/23 00:00:00+00,2,2021,11,havárie,nezvládnutí řízení vozidla,"Ano, obsah alkoholu v krvi 1,5‰ a více",řidičem nemotorového vozidla,nehoda s následky na životě nebo zdraví,"povrch suchý, neznečistěný",neztížené,"v noci - s veřejným osvětlením, viditelnost nezhoršená vlivem povětrnostních podmínek",dobré,žádné nebo žádné z uvedených,komunikace sledovaná (ve vybraných městech),jízdní kolo,pod vlivem alkoholu obsah alkoholu v krvi 1 ‰ a víc,1,řidič,"s přilbou (pouze u motocyklistů, příp. cyklistů)",muž,lehké zranění,0,0,1,0,55,5,listopad,úterý,24-32,Brno-střed,16.613518,49.19314835,{814B40C6-6062-482F-B98C-3C08785A52BA}
16.574023837,49.2187041070001,1339,1,1340,60206212166,-600341.833,-1157880.845,2021/12/07 00:00:00+00,2,2021,12,srážka s jedoucím nekolejovým vozidlem,při odbočování vlevo,Ne,řidičem motorového vozidla,nehoda s následky na životě nebo zdraví,"povrch suchý, neznečistěný",neztížené,"ve dne, viditelnost nezhoršená vlivem povětrnostních podmínek",dobré,v blízkosti přechodu pro chodce (do vzdálenosti 20 m),komunikace místní,jízdní kolo,dobrý -žádné nepříznivé okolnosti nebyly zjiště,1,řidič,"bez přilby (pouze u motocyklistů, příp. cyklistů)",muž,lehké zranění,0,0,1,110,1145,11,prosinec,úterý,71 a více,Brno-Žabovřesky,16.57402383,49.2187041,{7D91AB75-540F-4DCE-8C5C-48A803EE0B1D}
16.5784951740001,49.2124210860001,1340,1,1341,60206212212,-600093.372,-1158610.6,2021/12/15 00:00:00+00,3,2021,12,srážka s chodcem,nezaviněná řidičem,Ne,chodcem,nehoda s následky na životě nebo zdraví,povrch mokrý,neztížené,"ve dne, viditelnost nezhoršená vlivem povětrnostních podmínek",dobré,"zastávka autobusu, trolejbusu, tramvaje s nástup. ostrůvkem",komunikace sledovaná (ve vybraných městech),jízdní kolo,dobrý -žádné nepříznivé okolnosti nebyly zjiště,1,řidič,"s přilbou (pouze u motocyklistů, příp. cyklistů)",muž,těžké zranění,0,2,0,50,1040,10,prosinec,středa,24-32,Brno-Žabovřesky,16.57849517,49.21242108,{A8338B69-B00C-4BB2-95CD-21A25B0DCAAC}
16.614227316,49.19891561,1341,1,1342,60206212213,-597666.539,-1160383.898,2021/12/15 00:00:00+00,3,2021,12,srážka s jedoucím nekolejovým vozidlem,řidič se plně nevěnoval řízení vozidla,Ne,řidičem motorového vozidla,nehoda s následky na životě nebo zdraví,"povrch suchý, neznečistěný",neztížené,"ve dne, viditelnost nezhoršená vlivem povětrnostních podmínek",dobré,žádné nebo žádné z uvedených,komunikace sledovaná (ve vybraných městech),jízdní kolo,dobrý -žádné nepříznivé okolnosti nebyly zjiště,1,řidič,"bez přilby (pouze u motocyklistů, příp. cyklistů)",muž,lehké zranění,0,0,1,70,1317,13,prosinec,středa,33-44,Brno-střed,16.61422731,49.19891561,{013AD52B-3F85-4047-B0BD-5C2D486768DC}
16.6236357670001,49.1895079330001,1342,1,1343,60206212215,-597097.074,-1161497.603,2021/12/15 00:00:00+00,3,2021,12,srážka s jedoucím nekolejovým vozidlem,řidič se plně nevěnoval řízení vozidla,Ne,řidičem motorového vozidla,nehoda s následky na životě nebo zdraví,"povrch suchý, neznečistěný",neztížené,"ve dne, viditelnost nezhoršená vlivem povětrnostních podmínek",dobré,žádné nebo žádné z uvedených,komunikace místní,jízdní kolo,dobrý -žádné nepříznivé okolnosti nebyly zjiště,1,řidič,"s přilbou (pouze u motocyklistů, příp. cyklistů)",muž,lehké zranění,0,0,1,130,1520,15,prosinec,středa,33-44,Brno-střed,16.62363576,49.18950793,{0F60262C-F90A-4AB6-BDB7-B613B2C322E0}
16.634302962,49.211622726,1343,1,1344,60206212298,-596060.646,-1159135.843,2021/12/27 00:00:00+00,1,2021,12,srážka s pevnou překážkou,řidič se plně nevěnoval řízení vozidla,Nezjišťován,řidičem nemotorového vozidla,nehoda s následky na životě nebo zdraví,"povrch suchý, neznečistěný",neztížené,"ve dne, viditelnost nezhoršená vlivem povětrnostních podmínek",dobré,"zastávka tramvaje, autobusu, trolejbusu bez nástup. ostrůvku",komunikace sledovaná (ve vybraných městech),jízdní kolo,dobrý -žádné nepříznivé okolnosti nebyly zjiště,1,řidič,"bez přilby (pouze u motocyklistů, příp. cyklistů)",chlapec (do 15 let),bez zraněn,0,1,0,0,1550,15,prosinec,pondělí,,Brno-sever,16.63430295,49.21162272,{69BAD7E2-8FEA-41CC-958D-D0F1C6461720}
16.634302962,49.211622726,1344,1,1345,60206212298,-596060.646,-1159135.843,2021/12/27 00:00:00+00,1,2021,12,srážka s pevnou překážkou,řidič se plně nevěnoval řízení vozidla,Nezjišťován,řidičem nemotorového vozidla,nehoda s následky na životě nebo zdraví,"povrch suchý, neznečistěný",neztížené,"ve dne, viditelnost nezhoršená vlivem povětrnostních podmínek",dobré,"zastávka tramvaje, autobusu, trolejbusu bez nástup. ostrůvku",komunikace sledovaná (ve vybraných městech),jízdní kolo,dobrý -žádné nepříznivé okolnosti nebyly zjiště,1,ostatní spolucestující (i v postranním vozíku motocyklu),"bez přilby (pouze u motocyklistů, příp. cyklistů)",chlapec (do 15 let),těžké zranění,0,1,0,0,1550,15,prosinec,pondělí,7-11,Brno-sever,16.63430295,49.21162272,{89A5E8CB-9EDC-4076-972B-E2E0550E7099}
16.519408647,49.218671338,1345,1,1346,60306141036,-604297.243,-1157453.764,2014/11/05 00:00:00+00,3,2014,11,srážka s jedoucím nekolejovým vozidlem,proti příkazu dopravní značky STŮJ DEJ PŘEDNOST,Ne,řidičem motorového vozidla,nehoda s následky na životě nebo zdraví,"povrch suchý, neznečistěný",neztížené,"v noci - s veřejným osvětlením, viditelnost nezhoršená vlivem povětrnostních podmínek",dobré,žádné nebo žádné z uvedených,uzel (křižovatka sledovaná ve vybraných městech),jízdní kolo,dobrý -žádné nepříznivé okolnosti nebyly zjiště,1,řidič,"s přilbou (pouze u motocyklistů, příp. cyklistů)",muž,lehké zranění,0,0,1,100,1715,17,listopad,středa,33-44,Brno-Bystrc,16.51940864,49.21867133,{0EDEA221-1575-46F3-8CDC-E549767433E2}
16.4492998220001,49.252026078,1346,1,1347,60306210734,-608967.481,-1153209.826,2021/08/29 00:00:00+00,7,2021,8,srážka s jedoucím nekolejovým vozidlem,proti příkazu dopravní značky DEJ PŘEDNOST,Ne,řidičem motorového vozidla,nehoda s následky na životě nebo zdraví,"povrch suchý, neznečistěný",neztížené,"ve dne, viditelnost nezhoršená vlivem povětrnostních podmínek",dobré,žádné nebo žádné z uvedených,komunikace sledovaná (ve vybraných městech),jízdní kolo,dobrý -žádné nepříznivé okolnosti nebyly zjiště,1,řidič,"s přilbou (pouze u motocyklistů, příp. cyklistů)",muž,lehké zranění,0,0,1,650,1400,14,srpen,neděle,45-60,Brno-Bystrc,16.44929981,49.25202607,{07A6F2E9-2467-48B8-A853-B6375FC707FD}